// program_data.h
#pragma once

const unsigned char tpirksBytes[] = {


	0x4D, 0x5A, 0x90, 0x00, 0x03, 0x00, 0x00, 0x00, 0x04, 0x00, 0x00, 0x00,
	0xFF, 0xFF, 0x00, 0x00, 0xB8, 0x00, 0x00, 0x00, 0x00, 0x00, 0x00, 0x00,
	0x40, 0x00, 0x00, 0x00, 0x00, 0x00, 0x00, 0x00, 0x00, 0x00, 0x00, 0x00,
	0x00, 0x00, 0x00, 0x00, 0x00, 0x00, 0x00, 0x00, 0x00, 0x00, 0x00, 0x00,
	0x00, 0x00, 0x00, 0x00, 0x00, 0x00, 0x00, 0x00, 0x00, 0x00, 0x00, 0x00,
	0xF0, 0x00, 0x00, 0x00, 0x0E, 0x1F, 0xBA, 0x0E, 0x00, 0xB4, 0x09, 0xCD,
	0x21, 0xB8, 0x01, 0x4C, 0xCD, 0x21, 0x54, 0x68, 0x69, 0x73, 0x20, 0x70,
	0x72, 0x6F, 0x67, 0x72, 0x61, 0x6D, 0x20, 0x63, 0x61, 0x6E, 0x6E, 0x6F,
	0x74, 0x20, 0x62, 0x65, 0x20, 0x72, 0x75, 0x6E, 0x20, 0x69, 0x6E, 0x20,
	0x44, 0x4F, 0x53, 0x20, 0x6D, 0x6F, 0x64, 0x65, 0x2E, 0x0D, 0x0D, 0x0A,
	0x24, 0x00, 0x00, 0x00, 0x00, 0x00, 0x00, 0x00, 0x2F, 0x7E, 0xFA, 0x8A,
	0x6B, 0x1F, 0x94, 0xD9, 0x6B, 0x1F, 0x94, 0xD9, 0x6B, 0x1F, 0x94, 0xD9,
	0x62, 0x67, 0x07, 0xD9, 0x67, 0x1F, 0x94, 0xD9, 0xEC, 0x96, 0x90, 0xD8,
	0x61, 0x1F, 0x94, 0xD9, 0xEC, 0x96, 0x91, 0xD8, 0x74, 0x1F, 0x94, 0xD9,
	0xEC, 0x96, 0x97, 0xD8, 0x6E, 0x1F, 0x94, 0xD9, 0xEC, 0x96, 0x95, 0xD8,
	0x6D, 0x1F, 0x94, 0xD9, 0x1F, 0x9E, 0x95, 0xD8, 0x6E, 0x1F, 0x94, 0xD9,
	0x6B, 0x1F, 0x95, 0xD9, 0xF4, 0x1F, 0x94, 0xD9, 0xE4, 0x96, 0x9D, 0xD8,
	0x6A, 0x1F, 0x94, 0xD9, 0xE4, 0x96, 0x6B, 0xD9, 0x6A, 0x1F, 0x94, 0xD9,
	0xE4, 0x96, 0x96, 0xD8, 0x6A, 0x1F, 0x94, 0xD9, 0x52, 0x69, 0x63, 0x68,
	0x6B, 0x1F, 0x94, 0xD9, 0x00, 0x00, 0x00, 0x00, 0x00, 0x00, 0x00, 0x00,
	0x50, 0x45, 0x00, 0x00, 0x64, 0x86, 0x06, 0x00, 0xF2, 0xB0, 0xCD, 0x68,
	0x00, 0x00, 0x00, 0x00, 0x00, 0x00, 0x00, 0x00, 0xF0, 0x00, 0x22, 0x00,
	0x0B, 0x02, 0x0E, 0x2C, 0x00, 0xF8, 0x00, 0x00, 0x00, 0xC4, 0x00, 0x00,
	0x00, 0x00, 0x00, 0x00, 0x00, 0xE5, 0x00, 0x00, 0x00, 0x10, 0x00, 0x00,
	0x00, 0x00, 0x00, 0x40, 0x01, 0x00, 0x00, 0x00, 0x00, 0x10, 0x00, 0x00,
	0x00, 0x02, 0x00, 0x00, 0x06, 0x00, 0x00, 0x00, 0x00, 0x00, 0x00, 0x00,
	0x06, 0x00, 0x00, 0x00, 0x00, 0x00, 0x00, 0x00, 0x00, 0x00, 0x02, 0x00,
	0x00, 0x04, 0x00, 0x00, 0x00, 0x00, 0x00, 0x00, 0x03, 0x00, 0x60, 0x81,
	0x00, 0x00, 0x10, 0x00, 0x00, 0x00, 0x00, 0x00, 0x00, 0x10, 0x00, 0x00,
	0x00, 0x00, 0x00, 0x00, 0x00, 0x00, 0x10, 0x00, 0x00, 0x00, 0x00, 0x00,
	0x00, 0x10, 0x00, 0x00, 0x00, 0x00, 0x00, 0x00, 0x00, 0x00, 0x00, 0x00,
	0x10, 0x00, 0x00, 0x00, 0x00, 0x00, 0x00, 0x00, 0x00, 0x00, 0x00, 0x00,
	0x7C, 0x85, 0x01, 0x00, 0xF0, 0x00, 0x00, 0x00, 0x00, 0xE0, 0x01, 0x00,
	0xE0, 0x01, 0x00, 0x00, 0x00, 0xD0, 0x01, 0x00, 0xB4, 0x0F, 0x00, 0x00,
	0x00, 0x00, 0x00, 0x00, 0x00, 0x00, 0x00, 0x00, 0x00, 0xF0, 0x01, 0x00,
	0xE0, 0x01, 0x00, 0x00, 0xF0, 0x4B, 0x01, 0x00, 0x70, 0x00, 0x00, 0x00,
	0x00, 0x00, 0x00, 0x00, 0x00, 0x00, 0x00, 0x00, 0x00, 0x00, 0x00, 0x00,
	0x00, 0x00, 0x00, 0x00, 0x80, 0x4C, 0x01, 0x00, 0x28, 0x00, 0x00, 0x00,
	0xB0, 0x4A, 0x01, 0x00, 0x40, 0x01, 0x00, 0x00, 0x00, 0x00, 0x00, 0x00,
	0x00, 0x00, 0x00, 0x00, 0x00, 0x10, 0x01, 0x00, 0xC0, 0x04, 0x00, 0x00,
	0x00, 0x00, 0x00, 0x00, 0x00, 0x00, 0x00, 0x00, 0x00, 0x00, 0x00, 0x00,
	0x00, 0x00, 0x00, 0x00, 0x00, 0x00, 0x00, 0x00, 0x00, 0x00, 0x00, 0x00,
	0x2E, 0x74, 0x65, 0x78, 0x74, 0x00, 0x00, 0x00, 0x50, 0xF7, 0x00, 0x00,
	0x00, 0x10, 0x00, 0x00, 0x00, 0xF8, 0x00, 0x00, 0x00, 0x04, 0x00, 0x00,
	0x00, 0x00, 0x00, 0x00, 0x00, 0x00, 0x00, 0x00, 0x00, 0x00, 0x00, 0x00,
	0x20, 0x00, 0x00, 0x60, 0x2E, 0x72, 0x64, 0x61, 0x74, 0x61, 0x00, 0x00,
	0x5A, 0x8D, 0x00, 0x00, 0x00, 0x10, 0x01, 0x00, 0x00, 0x8E, 0x00, 0x00,
	0x00, 0xFC, 0x00, 0x00, 0x00, 0x00, 0x00, 0x00, 0x00, 0x00, 0x00, 0x00,
	0x00, 0x00, 0x00, 0x00, 0x40, 0x00, 0x00, 0x40, 0x2E, 0x64, 0x61, 0x74,
	0x61, 0x00, 0x00, 0x00, 0x68, 0x20, 0x00, 0x00, 0x00, 0xA0, 0x01, 0x00,
	0x00, 0x1A, 0x00, 0x00, 0x00, 0x8A, 0x01, 0x00, 0x00, 0x00, 0x00, 0x00,
	0x00, 0x00, 0x00, 0x00, 0x00, 0x00, 0x00, 0x00, 0x40, 0x00, 0x00, 0xC0,
	0x2E, 0x70, 0x64, 0x61, 0x74, 0x61, 0x00, 0x00, 0xB4, 0x0F, 0x00, 0x00,
	0x00, 0xD0, 0x01, 0x00, 0x00, 0x10, 0x00, 0x00, 0x00, 0xA4, 0x01, 0x00,
	0x00, 0x00, 0x00, 0x00, 0x00, 0x00, 0x00, 0x00, 0x00, 0x00, 0x00, 0x00,
	0x40, 0x00, 0x00, 0x40, 0x2E, 0x72, 0x73, 0x72, 0x63, 0x00, 0x00, 0x00,
	0xE0, 0x01, 0x00, 0x00, 0x00, 0xE0, 0x01, 0x00, 0x00, 0x02, 0x00, 0x00,
	0x00, 0xB4, 0x01, 0x00, 0x00, 0x00, 0x00, 0x00, 0x00, 0x00, 0x00, 0x00,
	0x00, 0x00, 0x00, 0x00, 0x40, 0x00, 0x00, 0x40, 0x2E, 0x72, 0x65, 0x6C,
	0x6F, 0x63, 0x00, 0x00, 0xE0, 0x01, 0x00, 0x00, 0x00, 0xF0, 0x01, 0x00,
	0x00, 0x02, 0x00, 0x00, 0x00, 0xB6, 0x01, 0x00, 0x00, 0x00, 0x00, 0x00,
	0x00, 0x00, 0x00, 0x00, 0x00, 0x00, 0x00, 0x00, 0x40, 0x00, 0x00, 0x42,
	0x00, 0x00, 0x00, 0x00, 0x00, 0x00, 0x00, 0x00, 0x00, 0x00, 0x00, 0x00,
	0x00, 0x00, 0x00, 0x00, 0x00, 0x00, 0x00, 0x00, 0x00, 0x00, 0x00, 0x00,
	0x00, 0x00, 0x00, 0x00, 0x00, 0x00, 0x00, 0x00, 0x00, 0x00, 0x00, 0x00,
	0x00, 0x00, 0x00, 0x00, 0x00, 0x00, 0x00, 0x00, 0x00, 0x00, 0x00, 0x00,
	0x00, 0x00, 0x00, 0x00, 0x00, 0x00, 0x00, 0x00, 0x00, 0x00, 0x00, 0x00,
	0x00, 0x00, 0x00, 0x00, 0x00, 0x00, 0x00, 0x00, 0x00, 0x00, 0x00, 0x00,
	0x00, 0x00, 0x00, 0x00, 0x00, 0x00, 0x00, 0x00, 0x00, 0x00, 0x00, 0x00,
	0x00, 0x00, 0x00, 0x00, 0x00, 0x00, 0x00, 0x00, 0x00, 0x00, 0x00, 0x00,
	0x00, 0x00, 0x00, 0x00, 0x00, 0x00, 0x00, 0x00, 0x00, 0x00, 0x00, 0x00,
	0x00, 0x00, 0x00, 0x00, 0x00, 0x00, 0x00, 0x00, 0x00, 0x00, 0x00, 0x00,
	0x00, 0x00, 0x00, 0x00, 0x00, 0x00, 0x00, 0x00, 0x00, 0x00, 0x00, 0x00,
	0x00, 0x00, 0x00, 0x00, 0x00, 0x00, 0x00, 0x00, 0x00, 0x00, 0x00, 0x00,
	0x00, 0x00, 0x00, 0x00, 0x00, 0x00, 0x00, 0x00, 0x00, 0x00, 0x00, 0x00,
	0x00, 0x00, 0x00, 0x00, 0x00, 0x00, 0x00, 0x00, 0x00, 0x00, 0x00, 0x00,
	0x00, 0x00, 0x00, 0x00, 0x00, 0x00, 0x00, 0x00, 0x00, 0x00, 0x00, 0x00,
	0x00, 0x00, 0x00, 0x00, 0x00, 0x00, 0x00, 0x00, 0x00, 0x00, 0x00, 0x00,
	0x00, 0x00, 0x00, 0x00, 0x00, 0x00, 0x00, 0x00, 0x00, 0x00, 0x00, 0x00,
	0x00, 0x00, 0x00, 0x00, 0x00, 0x00, 0x00, 0x00, 0x00, 0x00, 0x00, 0x00,
	0x00, 0x00, 0x00, 0x00, 0x00, 0x00, 0x00, 0x00, 0x00, 0x00, 0x00, 0x00,
	0x00, 0x00, 0x00, 0x00, 0x00, 0x00, 0x00, 0x00, 0x00, 0x00, 0x00, 0x00,
	0x00, 0x00, 0x00, 0x00, 0x00, 0x00, 0x00, 0x00, 0x00, 0x00, 0x00, 0x00,
	0x00, 0x00, 0x00, 0x00, 0x00, 0x00, 0x00, 0x00, 0x00, 0x00, 0x00, 0x00,
	0x00, 0x00, 0x00, 0x00, 0x00, 0x00, 0x00, 0x00, 0x00, 0x00, 0x00, 0x00,
	0x00, 0x00, 0x00, 0x00, 0x48, 0x89, 0x5C, 0x24, 0x10, 0x48, 0x89, 0x74,
	0x24, 0x18, 0x48, 0x89, 0x7C, 0x24, 0x20, 0x55, 0x48, 0x8D, 0xAC, 0x24,
	0xE0, 0xF6, 0xFF, 0xFF, 0x48, 0x81, 0xEC, 0x20, 0x0A, 0x00, 0x00, 0x0F,
	0x57, 0xC0, 0x0F, 0x11, 0x85, 0xB8, 0x01, 0x00, 0x00, 0x0F, 0x57, 0xC9,
	0xF3, 0x0F, 0x7F, 0x8D, 0xC8, 0x01, 0x00, 0x00, 0x41, 0xB8, 0x11, 0x00,
	0x00, 0x00, 0x48, 0x8D, 0x15, 0x37, 0x2C, 0x01, 0x00, 0x48, 0x8D, 0x8D,
	0xB8, 0x01, 0x00, 0x00, 0xE8, 0xF3, 0x8E, 0x00, 0x00, 0x90, 0x0F, 0x57,
	0xC0, 0x0F, 0x11, 0x85, 0xA0, 0x05, 0x00, 0x00, 0x0F, 0x57, 0xC9, 0x66,
	0x0F, 0x7F, 0x8D, 0xB0, 0x05, 0x00, 0x00, 0x41, 0xB8, 0x0F, 0x00, 0x00,
	0x00, 0x48, 0x8D, 0x15, 0xD8, 0x2B, 0x01, 0x00, 0x48, 0x8D, 0x8D, 0xA0,
	0x05, 0x00, 0x00, 0xE8, 0xC4, 0x8E, 0x00, 0x00, 0x90, 0x0F, 0x57, 0xC0,
	0x0F, 0x11, 0x85, 0xC0, 0x05, 0x00, 0x00, 0x0F, 0x57, 0xC9, 0x66, 0x0F,
	0x7F, 0x8D, 0xD0, 0x05, 0x00, 0x00, 0x41, 0xB8, 0x0A, 0x00, 0x00, 0x00,
	0x48, 0x8D, 0x15, 0xB9, 0x2B, 0x01, 0x00, 0x48, 0x8D, 0x8D, 0xC0, 0x05,
	0x00, 0x00, 0xE8, 0x95, 0x8E, 0x00, 0x00, 0x90, 0x0F, 0x57, 0xC0, 0x0F,
	0x11, 0x85, 0xE0, 0x05, 0x00, 0x00, 0x0F, 0x57, 0xC9, 0x66, 0x0F, 0x7F,
	0x8D, 0xF0, 0x05, 0x00, 0x00, 0x41, 0xB8, 0x0C, 0x00, 0x00, 0x00, 0x48,
	0x8D, 0x15, 0x9A, 0x2B, 0x01, 0x00, 0x48, 0x8D, 0x8D, 0xE0, 0x05, 0x00,
	0x00, 0xE8, 0x66, 0x8E, 0x00, 0x00, 0x90, 0x0F, 0x57, 0xC0, 0xF3, 0x0F,
	0x7F, 0x45, 0x40, 0x33, 0xF6, 0x48, 0x89, 0x75, 0x50, 0xBA, 0x03, 0x00,
	0x00, 0x00, 0x48, 0x8D, 0x4D, 0x40, 0xE8, 0x89, 0xAB, 0x00, 0x00, 0x48,
	0x8D, 0x45, 0x40, 0x48, 0x89, 0x85, 0x30, 0x09, 0x00, 0x00, 0x48, 0x8D,
	0xBD, 0xA0, 0x05, 0x00, 0x00, 0x0F, 0x57, 0xC0, 0x0F, 0x11, 0x44, 0x24,
	0x20, 0x48, 0x8B, 0x5D, 0x40, 0x48, 0x89, 0x5C, 0x24, 0x20, 0x48, 0x89,
	0x5C, 0x24, 0x28, 0x48, 0x8D, 0x45, 0x40, 0x48, 0x89, 0x44, 0x24, 0x30,
	0x0F, 0x1F, 0x84, 0x00, 0x00, 0x00, 0x00, 0x00, 0x48, 0x8B, 0xD7, 0x48,
	0x8B, 0xCB, 0xE8, 0xF5, 0x82, 0x00, 0x00, 0x48, 0x83, 0xC3, 0x20, 0x48,
	0x89, 0x5C, 0x24, 0x28, 0x48, 0x83, 0xC7, 0x20, 0x48, 0x8D, 0x85, 0x00,
	0x06, 0x00, 0x00, 0x48, 0x3B, 0xF8, 0x75, 0xDC, 0x48, 0x89, 0x5D, 0x48,
	0x48, 0x8D, 0x95, 0xB8, 0x01, 0x00, 0x00, 0x48, 0x8D, 0x8D, 0x80, 0x06,
	0x00, 0x00, 0xE8, 0xC5, 0x82, 0x00, 0x00, 0x90, 0x48, 0x8D, 0x55, 0x40,
	0x48, 0x8D, 0x8D, 0xA0, 0x06, 0x00, 0x00, 0xE8, 0xC4, 0x78, 0x00, 0x00,
	0x90, 0x0F, 0x57, 0xC0, 0x0F, 0x11, 0x85, 0x98, 0x01, 0x00, 0x00, 0x0F,
	0x57, 0xC9, 0xF3, 0x0F, 0x7F, 0x8D, 0xA8, 0x01, 0x00, 0x00, 0x41, 0xB8,
	0x0C, 0x00, 0x00, 0x00, 0x48, 0x8D, 0x15, 0xF1, 0x2A, 0x01, 0x00, 0x48,
	0x8D, 0x8D, 0x98, 0x01, 0x00, 0x00, 0xE8, 0x95, 0x8D, 0x00, 0x00, 0x90,
	0x0F, 0x57, 0xC0, 0x0F, 0x11, 0x85, 0x40, 0x05, 0x00, 0x00, 0x0F, 0x57,
	0xC9, 0x66, 0x0F, 0x7F, 0x8D, 0x50, 0x05, 0x00, 0x00, 0x41, 0xB8, 0x0F,
	0x00, 0x00, 0x00, 0x48, 0x8D, 0x15, 0x7A, 0x2A, 0x01, 0x00, 0x48, 0x8D,
	0x8D, 0x40, 0x05, 0x00, 0x00, 0xE8, 0x66, 0x8D, 0x00, 0x00, 0x90, 0x0F,
	0x57, 0xC0, 0x0F, 0x11, 0x85, 0x60, 0x05, 0x00, 0x00, 0x0F, 0x57, 0xC9,
	0x66, 0x0F, 0x7F, 0x8D, 0x70, 0x05, 0x00, 0x00, 0x41, 0xB8, 0x0A, 0x00,
	0x00, 0x00, 0x48, 0x8D, 0x15, 0x5B, 0x2A, 0x01, 0x00, 0x48, 0x8D, 0x8D,
	0x60, 0x05, 0x00, 0x00, 0xE8, 0x37, 0x8D, 0x00, 0x00, 0x90, 0x0F, 0x57,
	0xC0, 0x0F, 0x11, 0x85, 0x80, 0x05, 0x00, 0x00, 0x0F, 0x57, 0xC9, 0x66,
	0x0F, 0x7F, 0x8D, 0x90, 0x05, 0x00, 0x00, 0x41, 0xB8, 0x0C, 0x00, 0x00,
	0x00, 0x48, 0x8D, 0x15, 0x3C, 0x2A, 0x01, 0x00, 0x48, 0x8D, 0x8D, 0x80,
	0x05, 0x00, 0x00, 0xE8, 0x08, 0x8D, 0x00, 0x00, 0x90, 0x0F, 0x57, 0xC0,
	0xF3, 0x0F, 0x7F, 0x45, 0x28, 0x48, 0x89, 0x75, 0x38, 0xBA, 0x03, 0x00,
	0x00, 0x00, 0x48, 0x8D, 0x4D, 0x28, 0xE8, 0x2D, 0xAA, 0x00, 0x00, 0x48,
	0x8D, 0x45, 0x28, 0x48, 0x89, 0x85, 0x30, 0x09, 0x00, 0x00, 0x48, 0x8D,
	0xBD, 0x40, 0x05, 0x00, 0x00, 0x0F, 0x57, 0xC0, 0x0F, 0x11, 0x44, 0x24,
	0x20, 0x48, 0x8B, 0x5D, 0x28, 0x48, 0x89, 0x5C, 0x24, 0x20, 0x48, 0x89,
	0x5C, 0x24, 0x28, 0x48, 0x8D, 0x45, 0x28, 0x48, 0x89, 0x44, 0x24, 0x30,
	0x48, 0x8B, 0xD7, 0x48, 0x8B, 0xCB, 0xE8, 0xA1, 0x81, 0x00, 0x00, 0x48,
	0x83, 0xC3, 0x20, 0x48, 0x89, 0x5C, 0x24, 0x28, 0x48, 0x83, 0xC7, 0x20,
	0x48, 0x8D, 0x85, 0xA0, 0x05, 0x00, 0x00, 0x48, 0x3B, 0xF8, 0x75, 0xDC,
	0x48, 0x89, 0x5D, 0x30, 0x48, 0x8D, 0x95, 0x98, 0x01, 0x00, 0x00, 0x48,
	0x8D, 0x8D, 0xB8, 0x06, 0x00, 0x00, 0xE8, 0x71, 0x81, 0x00, 0x00, 0x90,
	0x48, 0x8D, 0x55, 0x28, 0x48, 0x8D, 0x8D, 0xD8, 0x06, 0x00, 0x00, 0xE8,
	0x70, 0x77, 0x00, 0x00, 0x90, 0x0F, 0x57, 0xC0, 0x0F, 0x11, 0x85, 0x78,
	0x01, 0x00, 0x00, 0x0F, 0x57, 0xC9, 0xF3, 0x0F, 0x7F, 0x8D, 0x88, 0x01,
	0x00, 0x00, 0x41, 0xB8, 0x11, 0x00, 0x00, 0x00, 0x48, 0x8D, 0x15, 0xAD,
	0x29, 0x01, 0x00, 0x48, 0x8D, 0x8D, 0x78, 0x01, 0x00, 0x00, 0xE8, 0x41,
	0x8C, 0x00, 0x00, 0x90, 0x0F, 0x57, 0xC0, 0x0F, 0x11, 0x85, 0xE0, 0x04,
	0x00, 0x00, 0x0F, 0x57, 0xC9, 0x66, 0x0F, 0x7F, 0x8D, 0xF0, 0x04, 0x00,
	0x00, 0x41, 0xB8, 0x0F, 0x00, 0x00, 0x00, 0x48, 0x8D, 0x15, 0x26, 0x29,
	0x01, 0x00, 0x48, 0x8D, 0x8D, 0xE0, 0x04, 0x00, 0x00, 0xE8, 0x12, 0x8C,
	0x00, 0x00, 0x90, 0x0F, 0x57, 0xC0, 0x0F, 0x11, 0x85, 0x00, 0x05, 0x00,
	0x00, 0x0F, 0x57, 0xC9, 0x66, 0x0F, 0x7F, 0x8D, 0x10, 0x05, 0x00, 0x00,
	0x41, 0xB8, 0x0A, 0x00, 0x00, 0x00, 0x48, 0x8D, 0x15, 0x07, 0x29, 0x01,
	0x00, 0x48, 0x8D, 0x8D, 0x00, 0x05, 0x00, 0x00, 0xE8, 0xE3, 0x8B, 0x00,
	0x00, 0x90, 0x0F, 0x57, 0xC0, 0x0F, 0x11, 0x85, 0x20, 0x05, 0x00, 0x00,
	0x0F, 0x57, 0xC9, 0x66, 0x0F, 0x7F, 0x8D, 0x30, 0x05, 0x00, 0x00, 0x41,
	0xB8, 0x0C, 0x00, 0x00, 0x00, 0x48, 0x8D, 0x15, 0xE8, 0x28, 0x01, 0x00,
	0x48, 0x8D, 0x8D, 0x20, 0x05, 0x00, 0x00, 0xE8, 0xB4, 0x8B, 0x00, 0x00,
	0x90, 0x0F, 0x57, 0xC0, 0xF3, 0x0F, 0x7F, 0x45, 0x10, 0x48, 0x89, 0x75,
	0x20, 0xBA, 0x03, 0x00, 0x00, 0x00, 0x48, 0x8D, 0x4D, 0x10, 0xE8, 0xD9,
	0xA8, 0x00, 0x00, 0x48, 0x8D, 0x45, 0x10, 0x48, 0x89, 0x85, 0x30, 0x09,
	0x00, 0x00, 0x48, 0x8D, 0xBD, 0xE0, 0x04, 0x00, 0x00, 0x0F, 0x57, 0xC0,
	0x0F, 0x11, 0x44, 0x24, 0x20, 0x48, 0x8B, 0x5D, 0x10, 0x48, 0x89, 0x5C,
	0x24, 0x20, 0x48, 0x89, 0x5C, 0x24, 0x28, 0x48, 0x8D, 0x45, 0x10, 0x48,
	0x89, 0x44, 0x24, 0x30, 0x0F, 0x1F, 0x84, 0x00, 0x00, 0x00, 0x00, 0x00,
	0x48, 0x8B, 0xD7, 0x48, 0x8B, 0xCB, 0xE8, 0x45, 0x80, 0x00, 0x00, 0x48,
	0x83, 0xC3, 0x20, 0x48, 0x89, 0x5C, 0x24, 0x28, 0x48, 0x83, 0xC7, 0x20,
	0x48, 0x8D, 0x85, 0x40, 0x05, 0x00, 0x00, 0x48, 0x3B, 0xF8, 0x75, 0xDC,
	0x48, 0x89, 0x5D, 0x18, 0x48, 0x8D, 0x95, 0x78, 0x01, 0x00, 0x00, 0x48,
	0x8D, 0x8D, 0xF0, 0x06, 0x00, 0x00, 0xE8, 0x15, 0x80, 0x00, 0x00, 0x90,
	0x48, 0x8D, 0x55, 0x10, 0x48, 0x8D, 0x8D, 0x10, 0x07, 0x00, 0x00, 0xE8,
	0x14, 0x76, 0x00, 0x00, 0x90, 0x0F, 0x57, 0xC0, 0x0F, 0x11, 0x85, 0x58,
	0x01, 0x00, 0x00, 0x0F, 0x57, 0xC9, 0xF3, 0x0F, 0x7F, 0x8D, 0x68, 0x01,
	0x00, 0x00, 0x41, 0xB8, 0x0D, 0x00, 0x00, 0x00, 0x48, 0x8D, 0x15, 0x69,
	0x28, 0x01, 0x00, 0x48, 0x8D, 0x8D, 0x58, 0x01, 0x00, 0x00, 0xE8, 0xE5,
	0x8A, 0x00, 0x00, 0x90, 0x0F, 0x57, 0xC0, 0x0F, 0x11, 0x85, 0x80, 0x04,
	0x00, 0x00, 0x0F, 0x57, 0xC9, 0x66, 0x0F, 0x7F, 0x8D, 0x90, 0x04, 0x00,
	0x00, 0x41, 0xB8, 0x0F, 0x00, 0x00, 0x00, 0x48, 0x8D, 0x15, 0xCA, 0x27,
	0x01, 0x00, 0x48, 0x8D, 0x8D, 0x80, 0x04, 0x00, 0x00, 0xE8, 0xB6, 0x8A,
	0x00, 0x00, 0x90, 0x0F, 0x57, 0xC0, 0x0F, 0x11, 0x85, 0xA0, 0x04, 0x00,
	0x00, 0x0F, 0x57, 0xC9, 0x66, 0x0F, 0x7F, 0x8D, 0xB0, 0x04, 0x00, 0x00,
	0x41, 0xB8, 0x0A, 0x00, 0x00, 0x00, 0x48, 0x8D, 0x15, 0xAB, 0x27, 0x01,
	0x00, 0x48, 0x8D, 0x8D, 0xA0, 0x04, 0x00, 0x00, 0xE8, 0x87, 0x8A, 0x00,
	0x00, 0x90, 0x0F, 0x57, 0xC0, 0x0F, 0x11, 0x85, 0xC0, 0x04, 0x00, 0x00,
	0x0F, 0x57, 0xC9, 0x66, 0x0F, 0x7F, 0x8D, 0xD0, 0x04, 0x00, 0x00, 0x41,
	0xB8, 0x0C, 0x00, 0x00, 0x00, 0x48, 0x8D, 0x15, 0x8C, 0x27, 0x01, 0x00,
	0x48, 0x8D, 0x8D, 0xC0, 0x04, 0x00, 0x00, 0xE8, 0x58, 0x8A, 0x00, 0x00,
	0x90, 0x0F, 0x57, 0xC0, 0xF3, 0x0F, 0x7F, 0x45, 0xF8, 0x48, 0x89, 0x75,
	0x08, 0xBA, 0x03, 0x00, 0x00, 0x00, 0x48, 0x8D, 0x4D, 0xF8, 0xE8, 0x7D,
	0xA7, 0x00, 0x00, 0x48, 0x8D, 0x45, 0xF8, 0x48, 0x89, 0x85, 0x30, 0x09,
	0x00, 0x00, 0x48, 0x8D, 0xBD, 0x80, 0x04, 0x00, 0x00, 0x0F, 0x57, 0xC0,
	0x0F, 0x11, 0x44, 0x24, 0x20, 0x48, 0x8B, 0x5D, 0xF8, 0x48, 0x89, 0x5C,
	0x24, 0x20, 0x48, 0x89, 0x5C, 0x24, 0x28, 0x48, 0x8D, 0x45, 0xF8, 0x48,
	0x89, 0x44, 0x24, 0x30, 0x48, 0x8B, 0xD7, 0x48, 0x8B, 0xCB, 0xE8, 0xF1,
	0x7E, 0x00, 0x00, 0x48, 0x83, 0xC3, 0x20, 0x48, 0x89, 0x5C, 0x24, 0x28,
	0x48, 0x83, 0xC7, 0x20, 0x48, 0x8D, 0x85, 0xE0, 0x04, 0x00, 0x00, 0x48,
	0x3B, 0xF8, 0x75, 0xDC, 0x48, 0x89, 0x5D, 0x00, 0x48, 0x8D, 0x95, 0x58,
	0x01, 0x00, 0x00, 0x48, 0x8D, 0x8D, 0x28, 0x07, 0x00, 0x00, 0xE8, 0xC1,
	0x7E, 0x00, 0x00, 0x90, 0x48, 0x8D, 0x55, 0xF8, 0x48, 0x8D, 0x8D, 0x48,
	0x07, 0x00, 0x00, 0xE8, 0xC0, 0x74, 0x00, 0x00, 0x90, 0x0F, 0x57, 0xC0,
	0x0F, 0x11, 0x85, 0x38, 0x01, 0x00, 0x00, 0x0F, 0x57, 0xC9, 0xF3, 0x0F,
	0x7F, 0x8D, 0x48, 0x01, 0x00, 0x00, 0x41, 0xB8, 0x06, 0x00, 0x00, 0x00,
	0x48, 0x8D, 0x15, 0x25, 0x27, 0x01, 0x00, 0x48, 0x8D, 0x8D, 0x38, 0x01,
	0x00, 0x00, 0xE8, 0x91, 0x89, 0x00, 0x00, 0x90, 0x0F, 0x57, 0xC0, 0x0F,
	0x11, 0x85, 0x20, 0x04, 0x00, 0x00, 0x0F, 0x57, 0xC9, 0x66, 0x0F, 0x7F,
	0x8D, 0x30, 0x04, 0x00, 0x00, 0x41, 0xB8, 0x0F, 0x00, 0x00, 0x00, 0x48,
	0x8D, 0x15, 0x76, 0x26, 0x01, 0x00, 0x48, 0x8D, 0x8D, 0x20, 0x04, 0x00,
	0x00, 0xE8, 0x62, 0x89, 0x00, 0x00, 0x90, 0x0F, 0x57, 0xC0, 0x0F, 0x11,
	0x85, 0x40, 0x04, 0x00, 0x00, 0x0F, 0x57, 0xC9, 0x66, 0x0F, 0x7F, 0x8D,
	0x50, 0x04, 0x00, 0x00, 0x41, 0xB8, 0x0A, 0x00, 0x00, 0x00, 0x48, 0x8D,
	0x15, 0x57, 0x26, 0x01, 0x00, 0x48, 0x8D, 0x8D, 0x40, 0x04, 0x00, 0x00,
	0xE8, 0x33, 0x89, 0x00, 0x00, 0x90, 0x0F, 0x57, 0xC0, 0x0F, 0x11, 0x85,
	0x60, 0x04, 0x00, 0x00, 0x0F, 0x57, 0xC9, 0x66, 0x0F, 0x7F, 0x8D, 0x70,
	0x04, 0x00, 0x00, 0x41, 0xB8, 0x0C, 0x00, 0x00, 0x00, 0x48, 0x8D, 0x15,
	0x38, 0x26, 0x01, 0x00, 0x48, 0x8D, 0x8D, 0x60, 0x04, 0x00, 0x00, 0xE8,
	0x04, 0x89, 0x00, 0x00, 0x90, 0x0F, 0x57, 0xC0, 0xF3, 0x0F, 0x7F, 0x45,
	0xE0, 0x48, 0x89, 0x75, 0xF0, 0xBA, 0x03, 0x00, 0x00, 0x00, 0x48, 0x8D,
	0x4D, 0xE0, 0xE8, 0x29, 0xA6, 0x00, 0x00, 0x48, 0x8D, 0x45, 0xE0, 0x48,
	0x89, 0x85, 0x30, 0x09, 0x00, 0x00, 0x48, 0x8D, 0xBD, 0x20, 0x04, 0x00,
	0x00, 0x0F, 0x57, 0xC0, 0x0F, 0x11, 0x44, 0x24, 0x20, 0x48, 0x8B, 0x5D,
	0xE0, 0x48, 0x89, 0x5C, 0x24, 0x20, 0x48, 0x89, 0x5C, 0x24, 0x28, 0x48,
	0x8D, 0x45, 0xE0, 0x48, 0x89, 0x44, 0x24, 0x30, 0x0F, 0x1F, 0x84, 0x00,
	0x00, 0x00, 0x00, 0x00, 0x48, 0x8B, 0xD7, 0x48, 0x8B, 0xCB, 0xE8, 0x95,
	0x7D, 0x00, 0x00, 0x48, 0x83, 0xC3, 0x20, 0x48, 0x89, 0x5C, 0x24, 0x28,
	0x48, 0x83, 0xC7, 0x20, 0x48, 0x8D, 0x85, 0x80, 0x04, 0x00, 0x00, 0x48,
	0x3B, 0xF8, 0x75, 0xDC, 0x48, 0x89, 0x5D, 0xE8, 0x48, 0x8D, 0x95, 0x38,
	0x01, 0x00, 0x00, 0x48, 0x8D, 0x8D, 0x60, 0x07, 0x00, 0x00, 0xE8, 0x65,
	0x7D, 0x00, 0x00, 0x90, 0x48, 0x8D, 0x55, 0xE0, 0x48, 0x8D, 0x8D, 0x80,
	0x07, 0x00, 0x00, 0xE8, 0x64, 0x73, 0x00, 0x00, 0x90, 0x0F, 0x57, 0xC0,
	0x0F, 0x11, 0x85, 0x18, 0x01, 0x00, 0x00, 0x0F, 0x57, 0xC9, 0xF3, 0x0F,
	0x7F, 0x8D, 0x28, 0x01, 0x00, 0x00, 0x41, 0xB8, 0x0D, 0x00, 0x00, 0x00,
	0x48, 0x8D, 0x15, 0xD1, 0x25, 0x01, 0x00, 0x48, 0x8D, 0x8D, 0x18, 0x01,
	0x00, 0x00, 0xE8, 0x35, 0x88, 0x00, 0x00, 0x90, 0x0F, 0x57, 0xC0, 0x0F,
	0x11, 0x85, 0xC0, 0x03, 0x00, 0x00, 0x0F, 0x57, 0xC9, 0x66, 0x0F, 0x7F,
	0x8D, 0xD0, 0x03, 0x00, 0x00, 0x41, 0xB8, 0x0F, 0x00, 0x00, 0x00, 0x48,
	0x8D, 0x15, 0x1A, 0x25, 0x01, 0x00, 0x48, 0x8D, 0x8D, 0xC0, 0x03, 0x00,
	0x00, 0xE8, 0x06, 0x88, 0x00, 0x00, 0x90, 0x0F, 0x57, 0xC0, 0x0F, 0x11,
	0x85, 0xE0, 0x03, 0x00, 0x00, 0x0F, 0x57, 0xC9, 0x66, 0x0F, 0x7F, 0x8D,
	0xF0, 0x03, 0x00, 0x00, 0x41, 0xB8, 0x0A, 0x00, 0x00, 0x00, 0x48, 0x8D,
	0x15, 0xFB, 0x24, 0x01, 0x00, 0x48, 0x8D, 0x8D, 0xE0, 0x03, 0x00, 0x00,
	0xE8, 0xD7, 0x87, 0x00, 0x00, 0x90, 0x0F, 0x57, 0xC0, 0x0F, 0x11, 0x85,
	0x00, 0x04, 0x00, 0x00, 0x0F, 0x57, 0xC9, 0x66, 0x0F, 0x7F, 0x8D, 0x10,
	0x04, 0x00, 0x00, 0x41, 0xB8, 0x0C, 0x00, 0x00, 0x00, 0x48, 0x8D, 0x15,
	0xDC, 0x24, 0x01, 0x00, 0x48, 0x8D, 0x8D, 0x00, 0x04, 0x00, 0x00, 0xE8,
	0xA8, 0x87, 0x00, 0x00, 0x90, 0x0F, 0x57, 0xC0, 0xF3, 0x0F, 0x7F, 0x45,
	0xC8, 0x48, 0x89, 0x75, 0xD8, 0xBA, 0x03, 0x00, 0x00, 0x00, 0x48, 0x8D,
	0x4D, 0xC8, 0xE8, 0xCD, 0xA4, 0x00, 0x00, 0x48, 0x8D, 0x45, 0xC8, 0x48,
	0x89, 0x85, 0x30, 0x09, 0x00, 0x00, 0x48, 0x8D, 0xBD, 0xC0, 0x03, 0x00,
	0x00, 0x0F, 0x57, 0xC0, 0x0F, 0x11, 0x44, 0x24, 0x20, 0x48, 0x8B, 0x5D,
	0xC8, 0x48, 0x89, 0x5C, 0x24, 0x20, 0x48, 0x89, 0x5C, 0x24, 0x28, 0x48,
	0x8D, 0x45, 0xC8, 0x48, 0x89, 0x44, 0x24, 0x30, 0x48, 0x8B, 0xD7, 0x48,
	0x8B, 0xCB, 0xE8, 0x41, 0x7C, 0x00, 0x00, 0x48, 0x83, 0xC3, 0x20, 0x48,
	0x89, 0x5C, 0x24, 0x28, 0x48, 0x83, 0xC7, 0x20, 0x48, 0x8D, 0x85, 0x20,
	0x04, 0x00, 0x00, 0x48, 0x3B, 0xF8, 0x75, 0xDC, 0x48, 0x89, 0x5D, 0xD0,
	0x48, 0x8D, 0x95, 0x18, 0x01, 0x00, 0x00, 0x48, 0x8D, 0x8D, 0x98, 0x07,
	0x00, 0x00, 0xE8, 0x11, 0x7C, 0x00, 0x00, 0x90, 0x48, 0x8D, 0x55, 0xC8,
	0x48, 0x8D, 0x8D, 0xB8, 0x07, 0x00, 0x00, 0xE8, 0x10, 0x72, 0x00, 0x00,
	0x90, 0x0F, 0x57, 0xC0, 0x0F, 0x11, 0x85, 0xF8, 0x00, 0x00, 0x00, 0x0F,
	0x57, 0xC9, 0xF3, 0x0F, 0x7F, 0x8D, 0x08, 0x01, 0x00, 0x00, 0x41, 0xB8,
	0x0B, 0x00, 0x00, 0x00, 0x48, 0x8D, 0x15, 0x8D, 0x24, 0x01, 0x00, 0x48,
	0x8D, 0x8D, 0xF8, 0x00, 0x00, 0x00, 0xE8, 0xE1, 0x86, 0x00, 0x00, 0x90,
	0x0F, 0x57, 0xC0, 0x0F, 0x11, 0x85, 0x60, 0x03, 0x00, 0x00, 0x0F, 0x57,
	0xC9, 0x66, 0x0F, 0x7F, 0x8D, 0x70, 0x03, 0x00, 0x00, 0x41, 0xB8, 0x0F,
	0x00, 0x00, 0x00, 0x48, 0x8D, 0x15, 0xC6, 0x23, 0x01, 0x00, 0x48, 0x8D,
	0x8D, 0x60, 0x03, 0x00, 0x00, 0xE8, 0xB2, 0x86, 0x00, 0x00, 0x90, 0x0F,
	0x57, 0xC0, 0x0F, 0x11, 0x85, 0x80, 0x03, 0x00, 0x00, 0x0F, 0x57, 0xC9,
	0x66, 0x0F, 0x7F, 0x8D, 0x90, 0x03, 0x00, 0x00, 0x41, 0xB8, 0x0A, 0x00,
	0x00, 0x00, 0x48, 0x8D, 0x15, 0xA7, 0x23, 0x01, 0x00, 0x48, 0x8D, 0x8D,
	0x80, 0x03, 0x00, 0x00, 0xE8, 0x83, 0x86, 0x00, 0x00, 0x90, 0x0F, 0x57,
	0xC0, 0x0F, 0x11, 0x85, 0xA0, 0x03, 0x00, 0x00, 0x0F, 0x57, 0xC9, 0x66,
	0x0F, 0x7F, 0x8D, 0xB0, 0x03, 0x00, 0x00, 0x41, 0xB8, 0x0C, 0x00, 0x00,
	0x00, 0x48, 0x8D, 0x15, 0x88, 0x23, 0x01, 0x00, 0x48, 0x8D, 0x8D, 0xA0,
	0x03, 0x00, 0x00, 0xE8, 0x54, 0x86, 0x00, 0x00, 0x90, 0x0F, 0x57, 0xC0,
	0xF3, 0x0F, 0x7F, 0x45, 0xB0, 0x48, 0x89, 0x75, 0xC0, 0xBA, 0x03, 0x00,
	0x00, 0x00, 0x48, 0x8D, 0x4D, 0xB0, 0xE8, 0x79, 0xA3, 0x00, 0x00, 0x48,
	0x8D, 0x45, 0xB0, 0x48, 0x89, 0x85, 0x30, 0x09, 0x00, 0x00, 0x48, 0x8D,
	0xBD, 0x60, 0x03, 0x00, 0x00, 0x0F, 0x57, 0xC0, 0x0F, 0x11, 0x44, 0x24,
	0x20, 0x48, 0x8B, 0x5D, 0xB0, 0x48, 0x89, 0x5C, 0x24, 0x20, 0x48, 0x89,
	0x5C, 0x24, 0x28, 0x48, 0x8D, 0x45, 0xB0, 0x48, 0x89, 0x44, 0x24, 0x30,
	0x0F, 0x1F, 0x84, 0x00, 0x00, 0x00, 0x00, 0x00, 0x48, 0x8B, 0xD7, 0x48,
	0x8B, 0xCB, 0xE8, 0xE5, 0x7A, 0x00, 0x00, 0x48, 0x83, 0xC3, 0x20, 0x48,
	0x89, 0x5C, 0x24, 0x28, 0x48, 0x83, 0xC7, 0x20, 0x48, 0x8D, 0x85, 0xC0,
	0x03, 0x00, 0x00, 0x48, 0x3B, 0xF8, 0x75, 0xDC, 0x48, 0x89, 0x5D, 0xB8,
	0x48, 0x8D, 0x95, 0xF8, 0x00, 0x00, 0x00, 0x48, 0x8D, 0x8D, 0xD0, 0x07,
	0x00, 0x00, 0xE8, 0xB5, 0x7A, 0x00, 0x00, 0x90, 0x48, 0x8D, 0x55, 0xB0,
	0x48, 0x8D, 0x8D, 0xF0, 0x07, 0x00, 0x00, 0xE8, 0xB4, 0x70, 0x00, 0x00,
	0x90, 0x0F, 0x57, 0xC0, 0x0F, 0x11, 0x85, 0xD8, 0x00, 0x00, 0x00, 0x0F,
	0x57, 0xC9, 0xF3, 0x0F, 0x7F, 0x8D, 0xE8, 0x00, 0x00, 0x00, 0x41, 0xB8,
	0x0C, 0x00, 0x00, 0x00, 0x48, 0x8D, 0x15, 0x41, 0x23, 0x01, 0x00, 0x48,
	0x8D, 0x8D, 0xD8, 0x00, 0x00, 0x00, 0xE8, 0x85, 0x85, 0x00, 0x00, 0x90,
	0x0F, 0x57, 0xC0, 0x0F, 0x11, 0x85, 0x00, 0x03, 0x00, 0x00, 0x0F, 0x57,
	0xC9, 0x66, 0x0F, 0x7F, 0x8D, 0x10, 0x03, 0x00, 0x00, 0x41, 0xB8, 0x0F,
	0x00, 0x00, 0x00, 0x48, 0x8D, 0x15, 0x6A, 0x22, 0x01, 0x00, 0x48, 0x8D,
	0x8D, 0x00, 0x03, 0x00, 0x00, 0xE8, 0x56, 0x85, 0x00, 0x00, 0x90, 0x0F,
	0x57, 0xC0, 0x0F, 0x11, 0x85, 0x20, 0x03, 0x00, 0x00, 0x0F, 0x57, 0xC9,
	0x66, 0x0F, 0x7F, 0x8D, 0x30, 0x03, 0x00, 0x00, 0x41, 0xB8, 0x0A, 0x00,
	0x00, 0x00, 0x48, 0x8D, 0x15, 0x4B, 0x22, 0x01, 0x00, 0x48, 0x8D, 0x8D,
	0x20, 0x03, 0x00, 0x00, 0xE8, 0x27, 0x85, 0x00, 0x00, 0x90, 0x0F, 0x57,
	0xC0, 0x0F, 0x11, 0x85, 0x40, 0x03, 0x00, 0x00, 0x0F, 0x57, 0xC9, 0x66,
	0x0F, 0x7F, 0x8D, 0x50, 0x03, 0x00, 0x00, 0x41, 0xB8, 0x0C, 0x00, 0x00,
	0x00, 0x48, 0x8D, 0x15, 0x2C, 0x22, 0x01, 0x00, 0x48, 0x8D, 0x8D, 0x40,
	0x03, 0x00, 0x00, 0xE8, 0xF8, 0x84, 0x00, 0x00, 0x90, 0x0F, 0x57, 0xC0,
	0xF3, 0x0F, 0x7F, 0x45, 0x98, 0x48, 0x89, 0x75, 0xA8, 0xBA, 0x03, 0x00,
	0x00, 0x00, 0x48, 0x8D, 0x4D, 0x98, 0xE8, 0x1D, 0xA2, 0x00, 0x00, 0x48,
	0x8D, 0x45, 0x98, 0x48, 0x89, 0x85, 0x30, 0x09, 0x00, 0x00, 0x48, 0x8D,
	0xBD, 0x00, 0x03, 0x00, 0x00, 0x0F, 0x57, 0xC0, 0x0F, 0x11, 0x44, 0x24,
	0x20, 0x48, 0x8B, 0x5D, 0x98, 0x48, 0x89, 0x5C, 0x24, 0x20, 0x48, 0x89,
	0x5C, 0x24, 0x28, 0x48, 0x8D, 0x45, 0x98, 0x48, 0x89, 0x44, 0x24, 0x30,
	0x48, 0x8B, 0xD7, 0x48, 0x8B, 0xCB, 0xE8, 0x91, 0x79, 0x00, 0x00, 0x48,
	0x83, 0xC3, 0x20, 0x48, 0x89, 0x5C, 0x24, 0x28, 0x48, 0x83, 0xC7, 0x20,
	0x48, 0x8D, 0x85, 0x60, 0x03, 0x00, 0x00, 0x48, 0x3B, 0xF8, 0x75, 0xDC,
	0x48, 0x89, 0x5D, 0xA0, 0x48, 0x8D, 0x95, 0xD8, 0x00, 0x00, 0x00, 0x48,
	0x8D, 0x8D, 0x08, 0x08, 0x00, 0x00, 0xE8, 0x61, 0x79, 0x00, 0x00, 0x90,
	0x48, 0x8D, 0x55, 0x98, 0x48, 0x8D, 0x8D, 0x28, 0x08, 0x00, 0x00, 0xE8,
	0x60, 0x6F, 0x00, 0x00, 0x90, 0x0F, 0x57, 0xC0, 0x0F, 0x11, 0x85, 0xB8,
	0x00, 0x00, 0x00, 0x0F, 0x57, 0xC9, 0xF3, 0x0F, 0x7F, 0x8D, 0xC8, 0x00,
	0x00, 0x00, 0x41, 0xB8, 0x09, 0x00, 0x00, 0x00, 0x48, 0x8D, 0x15, 0xFD,
	0x21, 0x01, 0x00, 0x48, 0x8D, 0x8D, 0xB8, 0x00, 0x00, 0x00, 0xE8, 0x31,
	0x84, 0x00, 0x00, 0x90, 0x0F, 0x57, 0xC0, 0x0F, 0x11, 0x85, 0xA0, 0x02,
	0x00, 0x00, 0x0F, 0x57, 0xC9, 0x66, 0x0F, 0x7F, 0x8D, 0xB0, 0x02, 0x00,
	0x00, 0x41, 0xB8, 0x0F, 0x00, 0x00, 0x00, 0x48, 0x8D, 0x15, 0x16, 0x21,
	0x01, 0x00, 0x48, 0x8D, 0x8D, 0xA0, 0x02, 0x00, 0x00, 0xE8, 0x02, 0x84,
	0x00, 0x00, 0x90, 0x0F, 0x57, 0xC0, 0x0F, 0x11, 0x85, 0xC0, 0x02, 0x00,
	0x00, 0x0F, 0x57, 0xC9, 0x66, 0x0F, 0x7F, 0x8D, 0xD0, 0x02, 0x00, 0x00,
	0x41, 0xB8, 0x0A, 0x00, 0x00, 0x00, 0x48, 0x8D, 0x15, 0xF7, 0x20, 0x01,
	0x00, 0x48, 0x8D, 0x8D, 0xC0, 0x02, 0x00, 0x00, 0xE8, 0xD3, 0x83, 0x00,
	0x00, 0x90, 0x0F, 0x57, 0xC0, 0x0F, 0x11, 0x85, 0xE0, 0x02, 0x00, 0x00,
	0x0F, 0x57, 0xC9, 0x66, 0x0F, 0x7F, 0x8D, 0xF0, 0x02, 0x00, 0x00, 0x41,
	0xB8, 0x0C, 0x00, 0x00, 0x00, 0x48, 0x8D, 0x15, 0xD8, 0x20, 0x01, 0x00,
	0x48, 0x8D, 0x8D, 0xE0, 0x02, 0x00, 0x00, 0xE8, 0xA4, 0x83, 0x00, 0x00,
	0x90, 0x0F, 0x57, 0xC0, 0xF3, 0x0F, 0x7F, 0x45, 0x80, 0x48, 0x89, 0x75,
	0x90, 0xBA, 0x03, 0x00, 0x00, 0x00, 0x48, 0x8D, 0x4D, 0x80, 0xE8, 0xC9,
	0xA0, 0x00, 0x00, 0x48, 0x8D, 0x45, 0x80, 0x48, 0x89, 0x85, 0x30, 0x09,
	0x00, 0x00, 0x48, 0x8D, 0xBD, 0xA0, 0x02, 0x00, 0x00, 0x0F, 0x57, 0xC0,
	0x0F, 0x11, 0x44, 0x24, 0x20, 0x48, 0x8B, 0x5D, 0x80, 0x48, 0x89, 0x5C,
	0x24, 0x20, 0x48, 0x89, 0x5C, 0x24, 0x28, 0x48, 0x8D, 0x45, 0x80, 0x48,
	0x89, 0x44, 0x24, 0x30, 0x0F, 0x1F, 0x84, 0x00, 0x00, 0x00, 0x00, 0x00,
	0x48, 0x8B, 0xD7, 0x48, 0x8B, 0xCB, 0xE8, 0x35, 0x78, 0x00, 0x00, 0x48,
	0x83, 0xC3, 0x20, 0x48, 0x89, 0x5C, 0x24, 0x28, 0x48, 0x83, 0xC7, 0x20,
	0x48, 0x8D, 0x85, 0x00, 0x03, 0x00, 0x00, 0x48, 0x3B, 0xF8, 0x75, 0xDC,
	0x48, 0x89, 0x5D, 0x88, 0x48, 0x8D, 0x95, 0xB8, 0x00, 0x00, 0x00, 0x48,
	0x8D, 0x8D, 0x40, 0x08, 0x00, 0x00, 0xE8, 0x05, 0x78, 0x00, 0x00, 0x90,
	0x48, 0x8D, 0x55, 0x80, 0x48, 0x8D, 0x8D, 0x60, 0x08, 0x00, 0x00, 0xE8,
	0x04, 0x6E, 0x00, 0x00, 0x90, 0x0F, 0x57, 0xC0, 0x0F, 0x11, 0x85, 0x98,
	0x00, 0x00, 0x00, 0x0F, 0x57, 0xC9, 0xF3, 0x0F, 0x7F, 0x8D, 0xA8, 0x00,
	0x00, 0x00, 0x41, 0xB8, 0x09, 0x00, 0x00, 0x00, 0x48, 0x8D, 0x15, 0xD1,
	0x20, 0x01, 0x00, 0x48, 0x8D, 0x8D, 0x98, 0x00, 0x00, 0x00, 0xE8, 0xD5,
	0x82, 0x00, 0x00, 0x90, 0x0F, 0x57, 0xC0, 0x0F, 0x11, 0x85, 0x00, 0x06,
	0x00, 0x00, 0x0F, 0x57, 0xC9, 0x66, 0x0F, 0x7F, 0x8D, 0x10, 0x06, 0x00,
	0x00, 0x41, 0xB8, 0x0F, 0x00, 0x00, 0x00, 0x48, 0x8D, 0x15, 0xBA, 0x1F,
	0x01, 0x00, 0x48, 0x8D, 0x8D, 0x00, 0x06, 0x00, 0x00, 0xE8, 0xA6, 0x82,
	0x00, 0x00, 0x90, 0x0F, 0x57, 0xC0, 0x0F, 0x11, 0x85, 0x20, 0x06, 0x00,
	0x00, 0x0F, 0x57, 0xC9, 0x66, 0x0F, 0x7F, 0x8D, 0x30, 0x06, 0x00, 0x00,
	0x41, 0xB8, 0x1E, 0x00, 0x00, 0x00, 0x48, 0x8D, 0x15, 0x53, 0x20, 0x01,
	0x00, 0x48, 0x8D, 0x8D, 0x20, 0x06, 0x00, 0x00, 0xE8, 0x77, 0x82, 0x00,
	0x00, 0x90, 0x0F, 0x57, 0xC0, 0x0F, 0x11, 0x85, 0x40, 0x06, 0x00, 0x00,
	0x0F, 0x57, 0xC9, 0x66, 0x0F, 0x7F, 0x8D, 0x50, 0x06, 0x00, 0x00, 0x41,
	0xB8, 0x0A, 0x00, 0x00, 0x00, 0x48, 0x8D, 0x15, 0x6C, 0x1F, 0x01, 0x00,
	0x48, 0x8D, 0x8D, 0x40, 0x06, 0x00, 0x00, 0xE8, 0x48, 0x82, 0x00, 0x00,
	0x90, 0x0F, 0x57, 0xC0, 0x0F, 0x11, 0x85, 0x60, 0x06, 0x00, 0x00, 0x0F,
	0x57, 0xC9, 0x66, 0x0F, 0x7F, 0x8D, 0x70, 0x06, 0x00, 0x00, 0x41, 0xB8,
	0x0C, 0x00, 0x00, 0x00, 0x48, 0x8D, 0x15, 0x4D, 0x1F, 0x01, 0x00, 0x48,
	0x8D, 0x8D, 0x60, 0x06, 0x00, 0x00, 0xE8, 0x19, 0x82, 0x00, 0x00, 0x90,
	0x0F, 0x57, 0xC0, 0xF3, 0x0F, 0x7F, 0x44, 0x24, 0x68, 0x48, 0x89, 0x74,
	0x24, 0x78, 0xBA, 0x04, 0x00, 0x00, 0x00, 0x48, 0x8D, 0x4C, 0x24, 0x68,
	0xE8, 0x3B, 0x9F, 0x00, 0x00, 0x48, 0x8D, 0x44, 0x24, 0x68, 0x48, 0x89,
	0x85, 0x30, 0x09, 0x00, 0x00, 0x48, 0x8D, 0xBD, 0x00, 0x06, 0x00, 0x00,
	0x0F, 0x57, 0xC0, 0x0F, 0x11, 0x44, 0x24, 0x20, 0x48, 0x8B, 0x5C, 0x24,
	0x68, 0x48, 0x89, 0x5C, 0x24, 0x20, 0x48, 0x89, 0x5C, 0x24, 0x28, 0x48,
	0x8D, 0x44, 0x24, 0x68, 0x48, 0x89, 0x44, 0x24, 0x30, 0x0F, 0x1F, 0x80,
	0x00, 0x00, 0x00, 0x00, 0x48, 0x8B, 0xD7, 0x48, 0x8B, 0xCB, 0xE8, 0xA5,
	0x76, 0x00, 0x00, 0x48, 0x83, 0xC3, 0x20, 0x48, 0x89, 0x5C, 0x24, 0x28,
	0x48, 0x83, 0xC7, 0x20, 0x48, 0x8D, 0x85, 0x80, 0x06, 0x00, 0x00, 0x48,
	0x3B, 0xF8, 0x75, 0xDC, 0x48, 0x89, 0x5C, 0x24, 0x70, 0x48, 0x8D, 0x95,
	0x98, 0x00, 0x00, 0x00, 0x48, 0x8D, 0x8D, 0x78, 0x08, 0x00, 0x00, 0xE8,
	0x74, 0x76, 0x00, 0x00, 0x90, 0x48, 0x8D, 0x54, 0x24, 0x68, 0x48, 0x8D,
	0x8D, 0x98, 0x08, 0x00, 0x00, 0xE8, 0x72, 0x6C, 0x00, 0x00, 0x90, 0x0F,
	0x57, 0xC0, 0x0F, 0x11, 0x45, 0x78, 0x0F, 0x57, 0xC9, 0xF3, 0x0F, 0x7F,
	0x8D, 0x88, 0x00, 0x00, 0x00, 0x41, 0xB8, 0x0C, 0x00, 0x00, 0x00, 0x48,
	0x8D, 0x15, 0x52, 0x1F, 0x01, 0x00, 0x48, 0x8D, 0x4D, 0x78, 0xE8, 0x49,
	0x81, 0x00, 0x00, 0x90, 0x0F, 0x57, 0xC0, 0x0F, 0x11, 0x85, 0x40, 0x02,
	0x00, 0x00, 0x0F, 0x57, 0xC9, 0x66, 0x0F, 0x7F, 0x8D, 0x50, 0x02, 0x00,
	0x00, 0x41, 0xB8, 0x0F, 0x00, 0x00, 0x00, 0x48, 0x8D, 0x15, 0x2E, 0x1E,
	0x01, 0x00, 0x48, 0x8D, 0x8D, 0x40, 0x02, 0x00, 0x00, 0xE8, 0x1A, 0x81,
	0x00, 0x00, 0x90, 0x0F, 0x57, 0xC0, 0x0F, 0x11, 0x85, 0x60, 0x02, 0x00,
	0x00, 0x0F, 0x57, 0xC9, 0x66, 0x0F, 0x7F, 0x8D, 0x70, 0x02, 0x00, 0x00,
	0x41, 0xB8, 0x0A, 0x00, 0x00, 0x00, 0x48, 0x8D, 0x15, 0x0F, 0x1E, 0x01,
	0x00, 0x48, 0x8D, 0x8D, 0x60, 0x02, 0x00, 0x00, 0xE8, 0xEB, 0x80, 0x00,
	0x00, 0x90, 0x0F, 0x57, 0xC0, 0x0F, 0x11, 0x85, 0x80, 0x02, 0x00, 0x00,
	0x0F, 0x57, 0xC9, 0x66, 0x0F, 0x7F, 0x8D, 0x90, 0x02, 0x00, 0x00, 0x41,
	0xB8, 0x0C, 0x00, 0x00, 0x00, 0x48, 0x8D, 0x15, 0xF0, 0x1D, 0x01, 0x00,
	0x48, 0x8D, 0x8D, 0x80, 0x02, 0x00, 0x00, 0xE8, 0xBC, 0x80, 0x00, 0x00,
	0x90, 0x0F, 0x57, 0xC0, 0xF3, 0x0F, 0x7F, 0x44, 0x24, 0x50, 0x48, 0x89,
	0x74, 0x24, 0x60, 0xBA, 0x03, 0x00, 0x00, 0x00, 0x48, 0x8D, 0x4C, 0x24,
	0x50, 0xE8, 0xDE, 0x9D, 0x00, 0x00, 0x48, 0x8D, 0x44, 0x24, 0x50, 0x48,
	0x89, 0x85, 0x30, 0x09, 0x00, 0x00, 0x48, 0x8D, 0xBD, 0x40, 0x02, 0x00,
	0x00, 0x0F, 0x57, 0xC0, 0x0F, 0x11, 0x44, 0x24, 0x20, 0x48, 0x8B, 0x5C,
	0x24, 0x50, 0x48, 0x89, 0x5C, 0x24, 0x20, 0x48, 0x89, 0x5C, 0x24, 0x28,
	0x48, 0x8D, 0x44, 0x24, 0x50, 0x48, 0x89, 0x44, 0x24, 0x30, 0x66, 0x66,
	0x0F, 0x1F, 0x84, 0x00, 0x00, 0x00, 0x00, 0x00, 0x48, 0x8B, 0xD7, 0x48,
	0x8B, 0xCB, 0xE8, 0x45, 0x75, 0x00, 0x00, 0x48, 0x83, 0xC3, 0x20, 0x48,
	0x89, 0x5C, 0x24, 0x28, 0x48, 0x83, 0xC7, 0x20, 0x48, 0x8D, 0x85, 0xA0,
	0x02, 0x00, 0x00, 0x48, 0x3B, 0xF8, 0x75, 0xDC, 0x48, 0x89, 0x5C, 0x24,
	0x58, 0x48, 0x8D, 0x55, 0x78, 0x48, 0x8D, 0x8D, 0xB0, 0x08, 0x00, 0x00,
	0xE8, 0x17, 0x75, 0x00, 0x00, 0x90, 0x48, 0x8D, 0x54, 0x24, 0x50, 0x48,
	0x8D, 0x8D, 0xD0, 0x08, 0x00, 0x00, 0xE8, 0x15, 0x6B, 0x00, 0x00, 0x90,
	0x0F, 0x57, 0xC0, 0x0F, 0x11, 0x45, 0x58, 0x0F, 0x57, 0xC9, 0xF3, 0x0F,
	0x7F, 0x4D, 0x68, 0x41, 0xB8, 0x0B, 0x00, 0x00, 0x00, 0x48, 0x8D, 0x15,
	0x08, 0x1E, 0x01, 0x00, 0x48, 0x8D, 0x4D, 0x58, 0xE8, 0xEF, 0x7F, 0x00,
	0x00, 0x90, 0x0F, 0x57, 0xC0, 0x0F, 0x11, 0x85, 0xE0, 0x01, 0x00, 0x00,
	0x0F, 0x57, 0xC9, 0x66, 0x0F, 0x7F, 0x8D, 0xF0, 0x01, 0x00, 0x00, 0x41,
	0xB8, 0x0F, 0x00, 0x00, 0x00, 0x48, 0x8D, 0x15, 0xD4, 0x1C, 0x01, 0x00,
	0x48, 0x8D, 0x8D, 0xE0, 0x01, 0x00, 0x00, 0xE8, 0xC0, 0x7F, 0x00, 0x00,
	0x90, 0x0F, 0x57, 0xC0, 0x0F, 0x11, 0x85, 0x00, 0x02, 0x00, 0x00, 0x0F,
	0x57, 0xC9, 0x66, 0x0F, 0x7F, 0x8D, 0x10, 0x02, 0x00, 0x00, 0x41, 0xB8,
	0x0A, 0x00, 0x00, 0x00, 0x48, 0x8D, 0x15, 0xB5, 0x1C, 0x01, 0x00, 0x48,
	0x8D, 0x8D, 0x00, 0x02, 0x00, 0x00, 0xE8, 0x91, 0x7F, 0x00, 0x00, 0x90,
	0x0F, 0x57, 0xC0, 0x0F, 0x11, 0x85, 0x20, 0x02, 0x00, 0x00, 0x0F, 0x57,
	0xC9, 0x66, 0x0F, 0x7F, 0x8D, 0x30, 0x02, 0x00, 0x00, 0x41, 0xB8, 0x0C,
	0x00, 0x00, 0x00, 0x48, 0x8D, 0x15, 0x96, 0x1C, 0x01, 0x00, 0x48, 0x8D,
	0x8D, 0x20, 0x02, 0x00, 0x00, 0xE8, 0x62, 0x7F, 0x00, 0x00, 0x90, 0x0F,
	0x57, 0xC0, 0xF3, 0x0F, 0x7F, 0x44, 0x24, 0x38, 0x48, 0x89, 0x74, 0x24,
	0x48, 0xBA, 0x03, 0x00, 0x00, 0x00, 0x48, 0x8D, 0x4C, 0x24, 0x38, 0xE8,
	0x84, 0x9C, 0x00, 0x00, 0x48, 0x8D, 0x44, 0x24, 0x38, 0x48, 0x89, 0x85,
	0x30, 0x09, 0x00, 0x00, 0x48, 0x8D, 0xBD, 0xE0, 0x01, 0x00, 0x00, 0x0F,
	0x57, 0xC0, 0x0F, 0x11, 0x44, 0x24, 0x20, 0x48, 0x8B, 0x5C, 0x24, 0x38,
	0x48, 0x89, 0x5C, 0x24, 0x20, 0x48, 0x89, 0x5C, 0x24, 0x28, 0x48, 0x8D,
	0x44, 0x24, 0x38, 0x48, 0x89, 0x44, 0x24, 0x30, 0x48, 0x8B, 0xD7, 0x48,
	0x8B, 0xCB, 0xE8, 0xF5, 0x73, 0x00, 0x00, 0x48, 0x83, 0xC3, 0x20, 0x48,
	0x89, 0x5C, 0x24, 0x28, 0x48, 0x83, 0xC7, 0x20, 0x48, 0x8D, 0x85, 0x40,
	0x02, 0x00, 0x00, 0x48, 0x3B, 0xF8, 0x75, 0xDC, 0x48, 0x89, 0x5C, 0x24,
	0x40, 0x48, 0x8D, 0x55, 0x58, 0x48, 0x8D, 0x8D, 0xE8, 0x08, 0x00, 0x00,
	0xE8, 0xC7, 0x73, 0x00, 0x00, 0x90, 0x48, 0x8D, 0x54, 0x24, 0x38, 0x48,
	0x8D, 0x8D, 0x08, 0x09, 0x00, 0x00, 0xE8, 0xC5, 0x69, 0x00, 0x00, 0x90,
	0xC7, 0x05, 0x8A, 0x9F, 0x01, 0x00, 0x00, 0x00, 0x00, 0x00, 0x48, 0x89,
	0x35, 0x8B, 0x9F, 0x01, 0x00, 0x48, 0x89, 0x35, 0x8C, 0x9F, 0x01, 0x00,
	0xB9, 0x48, 0x00, 0x00, 0x00, 0xE8, 0x8A, 0xBE, 0x00, 0x00, 0x48, 0x89,
	0x00, 0x48, 0x89, 0x40, 0x08, 0x48, 0x89, 0x05, 0x6C, 0x9F, 0x01, 0x00,
	0x48, 0x89, 0x35, 0x75, 0x9F, 0x01, 0x00, 0x0F, 0x57, 0xC0, 0x66, 0x0F,
	0x7F, 0x05, 0x72, 0x9F, 0x01, 0x00, 0x48, 0xC7, 0x05, 0x77, 0x9F, 0x01,
	0x00, 0x07, 0x00, 0x00, 0x00, 0x48, 0xC7, 0x05, 0x74, 0x9F, 0x01, 0x00,
	0x08, 0x00, 0x00, 0x00, 0xC7, 0x05, 0x32, 0x9F, 0x01, 0x00, 0x00, 0x00,
	0x80, 0x3F, 0x4C, 0x8B, 0xC0, 0xBA, 0x10, 0x00, 0x00, 0x00, 0x48, 0x8D,
	0x0D, 0x3B, 0x9F, 0x01, 0x00, 0xE8, 0xBE, 0x98, 0x00, 0x00, 0x90, 0x48,
	0x8D, 0x9D, 0x80, 0x06, 0x00, 0x00, 0x66, 0x0F, 0x1F, 0x44, 0x00, 0x00,
	0x4C, 0x8B, 0xC3, 0x48, 0x8D, 0x54, 0x24, 0x20, 0x48, 0x8D, 0x0D, 0x01,
	0x9F, 0x01, 0x00, 0xE8, 0xDC, 0xA0, 0x00, 0x00, 0x48, 0x83, 0xC3, 0x38,
	0x48, 0x8D, 0x85, 0x20, 0x09, 0x00, 0x00, 0x48, 0x3B, 0xD8, 0x75, 0xDC,
	0x4C, 0x8D, 0x0D, 0xF5, 0x20, 0x00, 0x00, 0xBA, 0x38, 0x00, 0x00, 0x00,
	0x41, 0xB8, 0x0C, 0x00, 0x00, 0x00, 0x48, 0x8D, 0x8D, 0x80, 0x06, 0x00,
	0x00, 0xE8, 0x22, 0xBE, 0x00, 0x00, 0x90, 0x48, 0x8D, 0x4C, 0x24, 0x38,
	0xE8, 0x33, 0x7F, 0x00, 0x00, 0x90, 0x4C, 0x8D, 0x0D, 0x5B, 0x5D, 0x00,
	0x00, 0xBA, 0x20, 0x00, 0x00, 0x00, 0x41, 0xB8, 0x03, 0x00, 0x00, 0x00,
	0x48, 0x8D, 0x8D, 0xE0, 0x01, 0x00, 0x00, 0xE8, 0xF8, 0xBD, 0x00, 0x00,
	0x90, 0x48, 0x8D, 0x4D, 0x58, 0xE8, 0x5A, 0x83, 0x00, 0x00, 0x90, 0x48,
	0x8D, 0x4C, 0x24, 0x50, 0xE8, 0xFF, 0x7E, 0x00, 0x00, 0x90, 0x4C, 0x8D,
	0x0D, 0x27, 0x5D, 0x00, 0x00, 0xBA, 0x20, 0x00, 0x00, 0x00, 0x41, 0xB8,
	0x03, 0x00, 0x00, 0x00, 0x48, 0x8D, 0x8D, 0x40, 0x02, 0x00, 0x00, 0xE8,
	0xC4, 0xBD, 0x00, 0x00, 0x90, 0x48, 0x8D, 0x4D, 0x78, 0xE8, 0x26, 0x83,
	0x00, 0x00, 0x90, 0x48, 0x8D, 0x4C, 0x24, 0x68, 0xE8, 0xCB, 0x7E, 0x00,
	0x00, 0x90, 0x4C, 0x8D, 0x0D, 0xF3, 0x5C, 0x00, 0x00, 0xBA, 0x20, 0x00,
	0x00, 0x00, 0x41, 0xB8, 0x04, 0x00, 0x00, 0x00, 0x48, 0x8D, 0x8D, 0x00,
	0x06, 0x00, 0x00, 0xE8, 0x90, 0xBD, 0x00, 0x00, 0x90, 0x48, 0x8D, 0x8D,
	0x98, 0x00, 0x00, 0x00, 0xE8, 0xEF, 0x82, 0x00, 0x00, 0x90, 0x48, 0x8D,
	0x4D, 0x80, 0xE8, 0x95, 0x7E, 0x00, 0x00, 0x90, 0x4C, 0x8D, 0x0D, 0xBD,
	0x5C, 0x00, 0x00, 0xBA, 0x20, 0x00, 0x00, 0x00, 0x41, 0xB8, 0x03, 0x00,
	0x00, 0x00, 0x48, 0x8D, 0x8D, 0xA0, 0x02, 0x00, 0x00, 0xE8, 0x5A, 0xBD,
	0x00, 0x00, 0x90, 0x48, 0x8D, 0x8D, 0xB8, 0x00, 0x00, 0x00, 0xE8, 0xB9,
	0x82, 0x00, 0x00, 0x90, 0x48, 0x8D, 0x4D, 0x98, 0xE8, 0x5F, 0x7E, 0x00,
	0x00, 0x90, 0x4C, 0x8D, 0x0D, 0x87, 0x5C, 0x00, 0x00, 0xBA, 0x20, 0x00,
	0x00, 0x00, 0x41, 0xB8, 0x03, 0x00, 0x00, 0x00, 0x48, 0x8D, 0x8D, 0x00,
	0x03, 0x00, 0x00, 0xE8, 0x24, 0xBD, 0x00, 0x00, 0x90, 0x48, 0x8D, 0x8D,
	0xD8, 0x00, 0x00, 0x00, 0xE8, 0x83, 0x82, 0x00, 0x00, 0x90, 0x48, 0x8D,
	0x4D, 0xB0, 0xE8, 0x29, 0x7E, 0x00, 0x00, 0x90, 0x4C, 0x8D, 0x0D, 0x51,
	0x5C, 0x00, 0x00, 0xBA, 0x20, 0x00, 0x00, 0x00, 0x41, 0xB8, 0x03, 0x00,
	0x00, 0x00, 0x48, 0x8D, 0x8D, 0x60, 0x03, 0x00, 0x00, 0xE8, 0xEE, 0xBC,
	0x00, 0x00, 0x90, 0x48, 0x8D, 0x8D, 0xF8, 0x00, 0x00, 0x00, 0xE8, 0x4D,
	0x82, 0x00, 0x00, 0x90, 0x48, 0x8D, 0x4D, 0xC8, 0xE8, 0xF3, 0x7D, 0x00,
	0x00, 0x90, 0x4C, 0x8D, 0x0D, 0x1B, 0x5C, 0x00, 0x00, 0xBA, 0x20, 0x00,
	0x00, 0x00, 0x41, 0xB8, 0x03, 0x00, 0x00, 0x00, 0x48, 0x8D, 0x8D, 0xC0,
	0x03, 0x00, 0x00, 0xE8, 0xB8, 0xBC, 0x00, 0x00, 0x90, 0x48, 0x8D, 0x8D,
	0x18, 0x01, 0x00, 0x00, 0xE8, 0x17, 0x82, 0x00, 0x00, 0x90, 0x48, 0x8D,
	0x4D, 0xE0, 0xE8, 0xBD, 0x7D, 0x00, 0x00, 0x90, 0x4C, 0x8D, 0x0D, 0xE5,
	0x5B, 0x00, 0x00, 0xBA, 0x20, 0x00, 0x00, 0x00, 0x41, 0xB8, 0x03, 0x00,
	0x00, 0x00, 0x48, 0x8D, 0x8D, 0x20, 0x04, 0x00, 0x00, 0xE8, 0x82, 0xBC,
	0x00, 0x00, 0x90, 0x48, 0x8D, 0x8D, 0x38, 0x01, 0x00, 0x00, 0xE8, 0xE1,
	0x81, 0x00, 0x00, 0x90, 0x48, 0x8D, 0x4D, 0xF8, 0xE8, 0x87, 0x7D, 0x00,
	0x00, 0x90, 0x4C, 0x8D, 0x0D, 0xAF, 0x5B, 0x00, 0x00, 0xBA, 0x20, 0x00,
	0x00, 0x00, 0x41, 0xB8, 0x03, 0x00, 0x00, 0x00, 0x48, 0x8D, 0x8D, 0x80,
	0x04, 0x00, 0x00, 0xE8, 0x4C, 0xBC, 0x00, 0x00, 0x90, 0x48, 0x8D, 0x8D,
	0x58, 0x01, 0x00, 0x00, 0xE8, 0xAB, 0x81, 0x00, 0x00, 0x90, 0x48, 0x8D,
	0x4D, 0x10, 0xE8, 0x51, 0x7D, 0x00, 0x00, 0x90, 0x4C, 0x8D, 0x0D, 0x79,
	0x5B, 0x00, 0x00, 0xBA, 0x20, 0x00, 0x00, 0x00, 0x41, 0xB8, 0x03, 0x00,
	0x00, 0x00, 0x48, 0x8D, 0x8D, 0xE0, 0x04, 0x00, 0x00, 0xE8, 0x16, 0xBC,
	0x00, 0x00, 0x90, 0x48, 0x8D, 0x8D, 0x78, 0x01, 0x00, 0x00, 0xE8, 0x75,
	0x81, 0x00, 0x00, 0x90, 0x48, 0x8D, 0x4D, 0x28, 0xE8, 0x1B, 0x7D, 0x00,
	0x00, 0x90, 0x4C, 0x8D, 0x0D, 0x43, 0x5B, 0x00, 0x00, 0xBA, 0x20, 0x00,
	0x00, 0x00, 0x41, 0xB8, 0x03, 0x00, 0x00, 0x00, 0x48, 0x8D, 0x8D, 0x40,
	0x05, 0x00, 0x00, 0xE8, 0xE0, 0xBB, 0x00, 0x00, 0x90, 0x48, 0x8D, 0x8D,
	0x98, 0x01, 0x00, 0x00, 0xE8, 0x3F, 0x81, 0x00, 0x00, 0x90, 0x48, 0x8D,
	0x4D, 0x40, 0xE8, 0xE5, 0x7C, 0x00, 0x00, 0x90, 0x4C, 0x8D, 0x0D, 0x0D,
	0x5B, 0x00, 0x00, 0xBA, 0x20, 0x00, 0x00, 0x00, 0x41, 0xB8, 0x03, 0x00,
	0x00, 0x00, 0x48, 0x8D, 0x8D, 0xA0, 0x05, 0x00, 0x00, 0xE8, 0xAA, 0xBB,
	0x00, 0x00, 0x90, 0x48, 0x8D, 0x8D, 0xB8, 0x01, 0x00, 0x00, 0xE8, 0x09,
	0x81, 0x00, 0x00, 0x48, 0x8D, 0x0D, 0x62, 0xE3, 0x00, 0x00, 0x4C, 0x8D,
	0x9C, 0x24, 0x20, 0x0A, 0x00, 0x00, 0x49, 0x8B, 0x5B, 0x18, 0x49, 0x8B,
	0x73, 0x20, 0x49, 0x8B, 0x7B, 0x28, 0x49, 0x8B, 0xE3, 0x5D, 0xE9, 0x69,
	0xBE, 0x00, 0x00, 0xCC, 0xCC, 0xCC, 0xCC, 0xCC, 0x48, 0x8B, 0xC2, 0xC3,
	0xCC, 0xCC, 0xCC, 0xCC, 0xCC, 0xCC, 0xCC, 0xCC, 0xCC, 0xCC, 0xCC, 0xCC,
	0x40, 0x53, 0x48, 0x83, 0xEC, 0x20, 0x48, 0x8B, 0xD9, 0x48, 0x8B, 0xC2,
	0x48, 0x8D, 0x0D, 0xD5, 0x16, 0x01, 0x00, 0x0F, 0x57, 0xC0, 0x48, 0x8D,
	0x53, 0x08, 0x48, 0x89, 0x0B, 0x48, 0x8D, 0x48, 0x08, 0x0F, 0x11, 0x02,
	0xFF, 0x15, 0x16, 0xEF, 0x00, 0x00, 0x48, 0x8B, 0xC3, 0x48, 0x83, 0xC4,
	0x20, 0x5B, 0xC3, 0xCC, 0xCC, 0xCC, 0xCC, 0xCC, 0xCC, 0xCC, 0xCC, 0xCC,
	0xCC, 0xCC, 0xCC, 0xCC, 0x48, 0x8B, 0x51, 0x08, 0x48, 0x8D, 0x05, 0xED,
	0x16, 0x01, 0x00, 0x48, 0x85, 0xD2, 0x48, 0x0F, 0x45, 0xC2, 0xC3, 0xCC,
	0xCC, 0xCC, 0xCC, 0xCC, 0xCC, 0xCC, 0xCC, 0xCC, 0xCC, 0xCC, 0xCC, 0xCC,
	0x48, 0x89, 0x5C, 0x24, 0x08, 0x57, 0x48, 0x83, 0xEC, 0x20, 0x48, 0x8D,
	0x05, 0x77, 0x16, 0x01, 0x00, 0x48, 0x8B, 0xF9, 0x48, 0x89, 0x01, 0x8B,
	0xDA, 0x48, 0x83, 0xC1, 0x08, 0xFF, 0x15, 0xB5, 0xEE, 0x00, 0x00, 0xF6,
	0xC3, 0x01, 0x74, 0x0D, 0xBA, 0x18, 0x00, 0x00, 0x00, 0x48, 0x8B, 0xCF,
	0xE8, 0xD7, 0xBD, 0x00, 0x00, 0x48, 0x8B, 0x5C, 0x24, 0x30, 0x48, 0x8B,
	0xC7, 0x48, 0x83, 0xC4, 0x20, 0x5F, 0xC3, 0xCC, 0xCC, 0xCC, 0xCC, 0xCC,
	0xCC, 0xCC, 0xCC, 0xCC, 0xCC, 0xCC, 0xCC, 0xCC, 0x48, 0x8D, 0x05, 0x31,
	0x16, 0x01, 0x00, 0x48, 0x89, 0x01, 0x48, 0x83, 0xC1, 0x08, 0x48, 0xFF,
	0x25, 0x73, 0xEE, 0x00, 0x00, 0xCC, 0xCC, 0xCC, 0xCC, 0xCC, 0xCC, 0xCC,
	0xCC, 0xCC, 0xCC, 0xCC, 0x48, 0x8D, 0x05, 0x79, 0x16, 0x01, 0x00, 0x48,
	0xC7, 0x41, 0x10, 0x00, 0x00, 0x00, 0x00, 0x48, 0x89, 0x41, 0x08, 0x48,
	0x8D, 0x05, 0x3E, 0x16, 0x01, 0x00, 0x48, 0x89, 0x01, 0x48, 0x8B, 0xC1,
	0xC3, 0xCC, 0xCC, 0xCC, 0xCC, 0xCC, 0xCC, 0xCC, 0xCC, 0xCC, 0xCC, 0xCC,
	0xCC, 0xCC, 0xCC, 0xCC, 0x48, 0xFF, 0x25, 0xB9, 0xEC, 0x00, 0x00, 0xCC,
	0xCC, 0xCC, 0xCC, 0xCC, 0xCC, 0xCC, 0xCC, 0xCC, 0x40, 0x53, 0x48, 0x83,
	0xEC, 0x20, 0x33, 0xC0, 0x48, 0x8B, 0xD9, 0x48, 0x89, 0x01, 0x48, 0x89,
	0x41, 0x08, 0xFF, 0x15, 0x40, 0xED, 0x00, 0x00, 0x48, 0x8B, 0xC3, 0x48,
	0x83, 0xC4, 0x20, 0x5B, 0xC3, 0xCC, 0xCC, 0xCC, 0xCC, 0xCC, 0xCC, 0xCC,
	0xCC, 0xCC, 0xCC, 0xCC, 0xCC, 0xCC, 0xCC, 0xCC, 0x40, 0x53, 0x48, 0x83,
	0xEC, 0x20, 0x33, 0xC0, 0x48, 0x8B, 0xD9, 0x48, 0x89, 0x01, 0x48, 0x89,
	0x41, 0x08, 0xFF, 0x15, 0x18, 0xED, 0x00, 0x00, 0x48, 0x8B, 0xCB, 0xFF,
	0x15, 0x6F, 0xEC, 0x00, 0x00, 0x48, 0x8B, 0xC3, 0x48, 0x83, 0xC4, 0x20,
	0x5B, 0xC3, 0xCC, 0xCC, 0xCC, 0xCC, 0xCC, 0xCC, 0x48, 0x83, 0xEC, 0x38,
	0x48, 0x89, 0x4C, 0x24, 0x20, 0xFF, 0x15, 0x59, 0xEC, 0x00, 0x00, 0xCC,
	0x48, 0x83, 0xEC, 0x48, 0x48, 0x8D, 0x4C, 0x24, 0x20, 0xE8, 0x42, 0xFF,
	0xFF, 0xFF, 0x48, 0x8D, 0x15, 0xAB, 0x5F, 0x01, 0x00, 0x48, 0x8D, 0x4C,
	0x24, 0x20, 0xE8, 0x57, 0xC8, 0x00, 0x00, 0xCC, 0x40, 0x53, 0x48, 0x83,
	0xEC, 0x20, 0x48, 0x8B, 0xD9, 0x48, 0x8B, 0xC2, 0x48, 0x8D, 0x0D, 0x35,
	0x15, 0x01, 0x00, 0x0F, 0x57, 0xC0, 0x48, 0x8D, 0x53, 0x08, 0x48, 0x89,
	0x0B, 0x48, 0x8D, 0x48, 0x08, 0x0F, 0x11, 0x02, 0xFF, 0x15, 0x76, 0xED,
	0x00, 0x00, 0x48, 0x8D, 0x05, 0x57, 0x15, 0x01, 0x00, 0x48, 0x89, 0x03,
	0x48, 0x8B, 0xC3, 0x48, 0x83, 0xC4, 0x20, 0x5B, 0xC3, 0xCC, 0xCC, 0xCC,
	0x40, 0x53, 0x48, 0x83, 0xEC, 0x20, 0x48, 0x8B, 0xD9, 0x48, 0x8B, 0xC2,
	0x48, 0x8D, 0x0D, 0xF5, 0x14, 0x01, 0x00, 0x0F, 0x57, 0xC0, 0x48, 0x8D,
	0x53, 0x08, 0x48, 0x89, 0x0B, 0x48, 0x8D, 0x48, 0x08, 0x0F, 0x11, 0x02,
	0xFF, 0x15, 0x36, 0xED, 0x00, 0x00, 0x48, 0x8D, 0x05, 0xEF, 0x14, 0x01,
	0x00, 0x48, 0x89, 0x03, 0x48, 0x8B, 0xC3, 0x48, 0x83, 0xC4, 0x20, 0x5B,
	0xC3, 0xCC, 0xCC, 0xCC, 0x48, 0x83, 0xEC, 0x28, 0x48, 0x8D, 0x0D, 0x3D,
	0x15, 0x01, 0x00, 0xFF, 0x15, 0xD7, 0xEC, 0x00, 0x00, 0xCC, 0xCC, 0xCC,
	0xCC, 0xCC, 0xCC, 0xCC, 0xCC, 0xCC, 0xCC, 0xCC, 0xCC, 0xCC, 0xCC, 0xCC,
	0x40, 0x53, 0x48, 0x83, 0xEC, 0x40, 0x48, 0x8B, 0x05, 0xF3, 0x79, 0x01,
	0x00, 0x48, 0x33, 0xC4, 0x48, 0x89, 0x44, 0x24, 0x30, 0x48, 0x8D, 0x51,
	0x08, 0xC6, 0x44, 0x24, 0x28, 0x01, 0x48, 0x8D, 0x05, 0x83, 0x14, 0x01,
	0x00, 0x48, 0x8B, 0xD9, 0x48, 0x89, 0x01, 0x0F, 0x57, 0xC0, 0x48, 0x8D,
	0x05, 0x0B, 0x15, 0x01, 0x00, 0x48, 0x8D, 0x4C, 0x24, 0x20, 0x48, 0x89,
	0x44, 0x24, 0x20, 0x0F, 0x11, 0x02, 0xFF, 0x15, 0xB8, 0xEC, 0x00, 0x00,
	0x48, 0x8D, 0x05, 0x81, 0x22, 0x01, 0x00, 0x48, 0x89, 0x03, 0x48, 0x8B,
	0xC3, 0x48, 0x8B, 0x4C, 0x24, 0x30, 0x48, 0x33, 0xCC, 0xE8, 0x7E, 0xB7,
	0x00, 0x00, 0x48, 0x83, 0xC4, 0x40, 0x5B, 0xC3, 0xCC, 0xCC, 0xCC, 0xCC,
	0xCC, 0xCC, 0xCC, 0xCC, 0x40, 0x53, 0x48, 0x83, 0xEC, 0x20, 0x48, 0x8B,
	0xD9, 0x48, 0x8B, 0xC2, 0x48, 0x8D, 0x0D, 0x25, 0x14, 0x01, 0x00, 0x0F,
	0x57, 0xC0, 0x48, 0x8D, 0x53, 0x08, 0x48, 0x89, 0x0B, 0x48, 0x8D, 0x48,
	0x08, 0x0F, 0x11, 0x02, 0xFF, 0x15, 0x66, 0xEC, 0x00, 0x00, 0x48, 0x8D,
	0x05, 0x2F, 0x22, 0x01, 0x00, 0x48, 0x89, 0x03, 0x48, 0x8B, 0xC3, 0x48,
	0x83, 0xC4, 0x20, 0x5B, 0xC3, 0xCC, 0xCC, 0xCC, 0x44, 0x89, 0x02, 0x48,
	0x8B, 0xC2, 0x48, 0x89, 0x4A, 0x08, 0xC3, 0xCC, 0xCC, 0xCC, 0xCC, 0xCC,
	0x40, 0x53, 0x48, 0x83, 0xEC, 0x30, 0x48, 0x8B, 0x01, 0x49, 0x8B, 0xD8,
	0x44, 0x8B, 0xC2, 0x48, 0x8D, 0x54, 0x24, 0x20, 0xFF, 0x50, 0x18, 0x48,
	0x8B, 0x4B, 0x08, 0x4C, 0x8B, 0x48, 0x08, 0x48, 0x8B, 0x51, 0x08, 0x49,
	0x39, 0x51, 0x08, 0x75, 0x0E, 0x8B, 0x0B, 0x39, 0x08, 0x75, 0x08, 0xB0,
	0x01, 0x48, 0x83, 0xC4, 0x30, 0x5B, 0xC3, 0x32, 0xC0, 0x48, 0x83, 0xC4,
	0x30, 0x5B, 0xC3, 0xCC, 0x48, 0x8B, 0x42, 0x08, 0x4C, 0x8B, 0x48, 0x08,
	0x4C, 0x39, 0x49, 0x08, 0x75, 0x08, 0x44, 0x39, 0x02, 0x75, 0x03, 0xB0,
	0x01, 0xC3, 0x32, 0xC0, 0xC3, 0xCC, 0xCC, 0xCC, 0xCC, 0xCC, 0xCC, 0xCC,
	0x33, 0xC0, 0xC3, 0xCC, 0xCC, 0xCC, 0xCC, 0xCC, 0xCC, 0xCC, 0xCC, 0xCC,
	0xCC, 0xCC, 0xCC, 0xCC, 0x81, 0x61, 0x18, 0xFF, 0xF3, 0xFF, 0xFF, 0x48,
	0x8B, 0xC1, 0x81, 0x49, 0x18, 0x00, 0x02, 0x00, 0x00, 0xC3, 0xCC, 0xCC,
	0xCC, 0xCC, 0xCC, 0xCC, 0xCC, 0xCC, 0xCC, 0xCC, 0xCC, 0xCC, 0xCC, 0xCC,
	0x81, 0x61, 0x18, 0xFF, 0xF9, 0xFF, 0xFF, 0x48, 0x8B, 0xC1, 0x81, 0x49,
	0x18, 0x00, 0x08, 0x00, 0x00, 0xC3, 0xCC, 0xCC, 0xCC, 0xCC, 0xCC, 0xCC,
	0xCC, 0xCC, 0xCC, 0xCC, 0xCC, 0xCC, 0xCC, 0xCC, 0x40, 0x53, 0x48, 0x83,
	0xEC, 0x40, 0x48, 0x8B, 0x05, 0x83, 0x78, 0x01, 0x00, 0x48, 0x33, 0xC4,
	0x48, 0x89, 0x44, 0x24, 0x30, 0x48, 0x8D, 0x51, 0x08, 0xC6, 0x44, 0x24,
	0x28, 0x01, 0x48, 0x8D, 0x05, 0x13, 0x13, 0x01, 0x00, 0x48, 0x8B, 0xD9,
	0x48, 0x89, 0x01, 0x0F, 0x57, 0xC0, 0x48, 0x8D, 0x05, 0xBB, 0x13, 0x01,
	0x00, 0x48, 0x8D, 0x4C, 0x24, 0x20, 0x48, 0x89, 0x44, 0x24, 0x20, 0x0F,
	0x11, 0x02, 0xFF, 0x15, 0x48, 0xEB, 0x00, 0x00, 0x48, 0x8D, 0x05, 0x09,
	0x22, 0x01, 0x00, 0x48, 0x89, 0x03, 0x48, 0x8B, 0xC3, 0x48, 0x8B, 0x4C,
	0x24, 0x30, 0x48, 0x33, 0xCC, 0xE8, 0x0E, 0xB6, 0x00, 0x00, 0x48, 0x83,
	0xC4, 0x40, 0x5B, 0xC3, 0xCC, 0xCC, 0xCC, 0xCC, 0xCC, 0xCC, 0xCC, 0xCC,
	0x40, 0x53, 0x48, 0x83, 0xEC, 0x20, 0x48, 0x8B, 0xD9, 0x48, 0x89, 0x4C,
	0x24, 0x30, 0x48, 0x8B, 0x41, 0x18, 0x48, 0x8B, 0x49, 0x20, 0xFF, 0xD0,
	0x90, 0x48, 0x8B, 0xCB, 0xFF, 0x15, 0x66, 0xEA, 0x00, 0x00, 0x90, 0xBA,
	0x28, 0x00, 0x00, 0x00, 0x48, 0x8B, 0xCB, 0x48, 0x83, 0xC4, 0x20, 0x5B,
	0xE9, 0x17, 0xBA, 0x00, 0x00, 0xCC, 0xCC, 0xCC, 0xCC, 0xCC, 0xCC, 0xCC,
	0xCC, 0xCC, 0xCC, 0xCC, 0x48, 0x89, 0x5C, 0x24, 0x08, 0x48, 0x89, 0x74,
	0x24, 0x10, 0x57, 0x48, 0x83, 0xEC, 0x40, 0xB9, 0x28, 0x00, 0x00, 0x00,
	0x49, 0x8B, 0xF8, 0x48, 0x8B, 0xDA, 0xE8, 0xA9, 0xB6, 0x00, 0x00, 0x48,
	0x8B, 0xF0, 0x48, 0x89, 0x44, 0x24, 0x68, 0x0F, 0x57, 0xC0, 0x33, 0xC0,
	0x48, 0x8B, 0xCE, 0x0F, 0x11, 0x06, 0x0F, 0x11, 0x46, 0x10, 0x48, 0x89,
	0x06, 0x48, 0x8D, 0x05, 0x80, 0xFF, 0xFF, 0xFF, 0x48, 0x89, 0x46, 0x08,
	0x48, 0x89, 0x76, 0x10, 0x48, 0x89, 0x5E, 0x18, 0x48, 0x89, 0x7E, 0x20,
	0xFF, 0x15, 0x2A, 0xEA, 0x00, 0x00, 0x85, 0xC0, 0x75, 0x10, 0x48, 0x8B,
	0x5C, 0x24, 0x50, 0x48, 0x8B, 0x74, 0x24, 0x58, 0x48, 0x83, 0xC4, 0x40,
	0x5F, 0xC3, 0x48, 0x8B, 0xCE, 0xE8, 0x1E, 0x00, 0x00, 0x00, 0x48, 0x8D,
	0x4C, 0x24, 0x20, 0xE8, 0x64, 0xFD, 0xFF, 0xFF, 0x48, 0x8D, 0x15, 0xDD,
	0x5A, 0x01, 0x00, 0x48, 0x8D, 0x4C, 0x24, 0x20, 0xE8, 0x09, 0xC5, 0x00,
	0x00, 0xCC, 0xCC, 0xCC, 0x40, 0x53, 0x48, 0x83, 0xEC, 0x20, 0x48, 0x8B,
	0xD9, 0xFF, 0x15, 0xA9, 0xE9, 0x00, 0x00, 0x90, 0xBA, 0x28, 0x00, 0x00,
	0x00, 0x48, 0x8B, 0xCB, 0xE8, 0x5F, 0xB9, 0x00, 0x00, 0x48, 0x8B, 0xC3,
	0x48, 0x83, 0xC4, 0x20, 0x5B, 0xC3, 0xCC, 0xCC, 0xCC, 0xCC, 0xCC, 0xCC,
	0xCC, 0xCC, 0xCC, 0xCC, 0x48, 0x83, 0xEC, 0x38, 0x48, 0x8B, 0x05, 0x15,
	0x77, 0x01, 0x00, 0x48, 0x33, 0xC4, 0x48, 0x89, 0x44, 0x24, 0x28, 0x45,
	0x33, 0xC9, 0x4C, 0x8D, 0x44, 0x24, 0x20, 0x33, 0xD2, 0x48, 0x8D, 0x0D,
	0xBC, 0x96, 0x01, 0x00, 0xFF, 0x15, 0x56, 0xE7, 0x00, 0x00, 0x85, 0xC0,
	0x75, 0x07, 0xFF, 0x15, 0xD4, 0xEA, 0x00, 0x00, 0xCC, 0x83, 0x7C, 0x24,
	0x20, 0x00, 0x74, 0x6D, 0x65, 0x48, 0x8B, 0x04, 0x25, 0x58, 0x00, 0x00,
	0x00, 0xBA, 0x04, 0x00, 0x00, 0x00, 0x48, 0x8B, 0x08, 0x8B, 0x04, 0x0A,
	0x39, 0x05, 0x92, 0x96, 0x01, 0x00, 0x7E, 0x2D, 0x48, 0x8D, 0x0D, 0x89,
	0x96, 0x01, 0x00, 0xE8, 0x28, 0xB5, 0x00, 0x00, 0x83, 0x3D, 0x7D, 0x96,
	0x01, 0x00, 0xFF, 0x75, 0x18, 0x48, 0x8D, 0x0D, 0x4C, 0xDD, 0x00, 0x00,
	0xE8, 0xBB, 0xB8, 0x00, 0x00, 0x48, 0x8D, 0x0D, 0x68, 0x96, 0x01, 0x00,
	0xE8, 0x9B, 0xB4, 0x00, 0x00, 0x48, 0x8D, 0x05, 0x44, 0x96, 0x01, 0x00,
	0x45, 0x33, 0xC0, 0x33, 0xD2, 0x48, 0x89, 0x05, 0x98, 0x96, 0x01, 0x00,
	0x48, 0x8D, 0x0D, 0x41, 0x96, 0x01, 0x00, 0xFF, 0x15, 0xBB, 0xE7, 0x00,
	0x00, 0x85, 0xC0, 0x74, 0x19, 0x48, 0x8B, 0x05, 0x80, 0x96, 0x01, 0x00,
	0x48, 0x8B, 0x4C, 0x24, 0x28, 0x48, 0x33, 0xCC, 0xE8, 0x43, 0xB4, 0x00,
	0x00, 0x48, 0x83, 0xC4, 0x38, 0xC3, 0xE8, 0x19, 0xB1, 0x00, 0x00, 0xCC,
	0xCC, 0xCC, 0xCC, 0xCC, 0xCC, 0xCC, 0xCC, 0xCC, 0x48, 0x85, 0xC9, 0x74,
	0x0B, 0x48, 0x8B, 0x01, 0xBA, 0x01, 0x00, 0x00, 0x00, 0x48, 0xFF, 0x20,
	0xC3, 0xCC, 0xCC, 0xCC, 0xCC, 0xCC, 0xCC, 0xCC, 0xCC, 0xCC, 0xCC, 0xCC,
	0xCC, 0xCC, 0xCC, 0xCC, 0x40, 0x53, 0x48, 0x83, 0xEC, 0x20, 0x48, 0x8D,
	0x05, 0x1B, 0x1D, 0x01, 0x00, 0x48, 0x8B, 0xD9, 0x48, 0x89, 0x01, 0xF6,
	0xC2, 0x01, 0x74, 0x0A, 0xBA, 0x10, 0x00, 0x00, 0x00, 0xE8, 0x3A, 0xB8,
	0x00, 0x00, 0x48, 0x8B, 0xC3, 0x48, 0x83, 0xC4, 0x20, 0x5B, 0xC3, 0xCC,
	0xCC, 0xCC, 0xCC, 0xCC, 0x48, 0x89, 0x5C, 0x24, 0x18, 0x55, 0x56, 0x57,
	0x48, 0x83, 0xEC, 0x30, 0x48, 0x8B, 0xFA, 0x48, 0x8B, 0xF1, 0x33, 0xC0,
	0x87, 0x42, 0x10, 0xF0, 0xFF, 0x42, 0x08, 0x48, 0x89, 0x8A, 0xB8, 0x00,
	0x00, 0x00, 0x40, 0xB5, 0x01, 0x8B, 0x41, 0x10, 0x85, 0xC0, 0x0F, 0x85,
	0x80, 0x00, 0x00, 0x00, 0x48, 0x8D, 0x59, 0x18, 0x48, 0x89, 0x5C, 0x24,
	0x20, 0x48, 0x8B, 0xCB, 0xFF, 0x15, 0x46, 0xE7, 0x00, 0x00, 0x85, 0xC0,
	0x0F, 0x85, 0xA5, 0x00, 0x00, 0x00, 0x8B, 0x43, 0x4C, 0x3D, 0xFF, 0xFF,
	0xFF, 0x7F, 0x75, 0x0A, 0xFF, 0xC8, 0x89, 0x43, 0x4C, 0xE9, 0xB2, 0x00,
	0x00, 0x00, 0x8B, 0x46, 0x10, 0x85, 0xC0, 0x75, 0x39, 0x40, 0x32, 0xED,
	0xB9, 0x10, 0x00, 0x00, 0x00, 0xE8, 0x76, 0xB4, 0x00, 0x00, 0x48, 0x8B,
	0xC8, 0x48, 0x89, 0x44, 0x24, 0x20, 0x48, 0x89, 0x38, 0x48, 0xC7, 0x40,
	0x08, 0x00, 0x00, 0x00, 0x00, 0x48, 0x83, 0x7E, 0x68, 0x00, 0x75, 0x06,
	0x48, 0x89, 0x46, 0x68, 0xEB, 0x08, 0x48, 0x8B, 0x46, 0x70, 0x48, 0x89,
	0x48, 0x08, 0x48, 0x89, 0x4E, 0x70, 0x48, 0x8B, 0xCB, 0xFF, 0x15, 0x09,
	0xE7, 0x00, 0x00, 0x40, 0x84, 0xED, 0x0F, 0x84, 0x9F, 0x00, 0x00, 0x00,
	0xFF, 0x15, 0xFA, 0xE7, 0x00, 0x00, 0x8B, 0xD8, 0x33, 0xC0, 0xF0, 0x0F,
	0xB1, 0x5F, 0x10, 0x75, 0x76, 0x48, 0x8B, 0x0F, 0x48, 0x8B, 0x51, 0x10,
	0x48, 0x8B, 0xCF, 0xFF, 0xD2, 0xB9, 0x03, 0x00, 0x00, 0x00, 0x8B, 0xC3,
	0xF0, 0x0F, 0xB1, 0x4F, 0x10, 0x0F, 0x45, 0xD8, 0x83, 0xFB, 0x02, 0x75,
	0x56, 0x48, 0x8D, 0x4F, 0x60, 0xFF, 0x15, 0x9D, 0xE6, 0x00, 0x00, 0x85,
	0xC0, 0x74, 0x0C, 0xB9, 0x05, 0x00, 0x00, 0x00, 0xFF, 0x15, 0x6E, 0xE6,
	0x00, 0x00, 0xCC, 0x8B, 0x87, 0xAC, 0x00, 0x00, 0x00, 0x3D, 0xFF, 0xFF,
	0xFF, 0x7F, 0x75, 0x14, 0xFF, 0xC8, 0x89, 0x87, 0xAC, 0x00, 0x00, 0x00,
	0xB9, 0x06, 0x00, 0x00, 0x00, 0xFF, 0x15, 0x4D, 0xE6, 0x00, 0x00, 0xCC,
	0xC6, 0x87, 0xB0, 0x00, 0x00, 0x00, 0x01, 0x48, 0x8D, 0x4F, 0x60, 0xFF,
	0x15, 0x83, 0xE6, 0x00, 0x00, 0x48, 0x8D, 0x4F, 0x18, 0xFF, 0x15, 0x81,
	0xE6, 0x00, 0x00, 0xB8, 0xFF, 0xFF, 0xFF, 0xFF, 0xF0, 0x0F, 0xC1, 0x47,
	0x08, 0x83, 0xF8, 0x01, 0x75, 0x09, 0x48, 0x8B, 0x07, 0x48, 0x8B, 0xCF,
	0xFF, 0x50, 0x08, 0x48, 0x8B, 0x5C, 0x24, 0x60, 0x48, 0x83, 0xC4, 0x30,
	0x5F, 0x5E, 0x5D, 0xC3, 0xCC, 0xCC, 0xCC, 0xCC, 0x48, 0x89, 0x5C, 0x24,
	0x18, 0x48, 0x89, 0x6C, 0x24, 0x20, 0x56, 0x57, 0x41, 0x56, 0x48, 0x83,
	0xEC, 0x30, 0x48, 0x8B, 0xFA, 0x48, 0x8B, 0xF1, 0x45, 0x32, 0xF6, 0x48,
	0x8D, 0x59, 0x18, 0x48, 0x89, 0x5C, 0x24, 0x28, 0x48, 0x8B, 0xCB, 0xFF,
	0x15, 0xFB, 0xE5, 0x00, 0x00, 0x85, 0xC0, 0x0F, 0x85, 0x3F, 0x01, 0x00,
	0x00, 0x81, 0x7B, 0x4C, 0xFF, 0xFF, 0xFF, 0x7F, 0x75, 0x0C, 0xC7, 0x43,
	0x4C, 0xFE, 0xFF, 0xFF, 0x7F, 0xE9, 0xE0, 0x00, 0x00, 0x00, 0x48, 0x8B,
	0x4E, 0x68, 0xBD, 0x02, 0x00, 0x00, 0x00, 0x48, 0x85, 0xC9, 0x74, 0x61,
	0x33, 0xD2, 0x66, 0x0F, 0x1F, 0x44, 0x00, 0x00, 0x48, 0x8B, 0x41, 0x08,
	0x48, 0x39, 0x39, 0x74, 0x0D, 0x48, 0x8B, 0xD1, 0x48, 0x8B, 0xC8, 0x48,
	0x85, 0xC0, 0x75, 0xEC, 0xEB, 0x24, 0x48, 0x85, 0xD2, 0x75, 0x06, 0x48,
	0x89, 0x46, 0x68, 0xEB, 0x04, 0x48, 0x89, 0x42, 0x08, 0x48, 0x83, 0x79,
	0x08, 0x00, 0x75, 0x04, 0x48, 0x89, 0x56, 0x70, 0xBA, 0x10, 0x00, 0x00,
	0x00, 0xE8, 0x32, 0xB6, 0x00, 0x00, 0x8B, 0xC5, 0x87, 0x47, 0x10, 0xB8,
	0xFF, 0xFF, 0xFF, 0xFF, 0xF0, 0x0F, 0xC1, 0x47, 0x08, 0x83, 0xF8, 0x01,
	0x75, 0x0E, 0x48, 0x8B, 0x07, 0x48, 0x8B, 0xCF, 0xFF, 0x50, 0x08, 0xEB,
	0x03, 0x41, 0xB6, 0x01, 0x48, 0x8B, 0xCB, 0xFF, 0x15, 0x8B, 0xE5, 0x00,
	0x00, 0x45, 0x84, 0xF6, 0x0F, 0x84, 0x93, 0x00, 0x00, 0x00, 0xB9, 0x01,
	0x00, 0x00, 0x00, 0x33, 0xC0, 0xF0, 0x0F, 0xB1, 0x4F, 0x10, 0x8B, 0xD8,
	0x0F, 0x84, 0x7F, 0x00, 0x00, 0x00, 0x8B, 0xD0, 0x85, 0xC0, 0x74, 0x79,
	0x2B, 0xD1, 0x74, 0x75, 0x2B, 0xD1, 0x74, 0x71, 0x3B, 0xD1, 0x74, 0x6D,
	0xFF, 0x15, 0x56, 0xE6, 0x00, 0x00, 0x3B, 0xD8, 0x74, 0x63, 0x87, 0x6F,
	0x10, 0x83, 0xFD, 0x03, 0x74, 0x5B, 0x48, 0x8D, 0x4F, 0x60, 0xFF, 0x15,
	0x18, 0xE5, 0x00, 0x00, 0x85, 0xC0, 0x75, 0x60, 0x81, 0xBF, 0xAC, 0x00,
	0x00, 0x00, 0xFF, 0xFF, 0xFF, 0x7F, 0x75, 0x16, 0xC7, 0x87, 0xAC, 0x00,
	0x00, 0x00, 0xFE, 0xFF, 0xFF, 0x7F, 0xB9, 0x06, 0x00, 0x00, 0x00, 0xFF,
	0x15, 0xD3, 0xE4, 0x00, 0x00, 0xCC, 0x80, 0xBF, 0xB0, 0x00, 0x00, 0x00,
	0x00, 0x75, 0x18, 0x90, 0x48, 0x8D, 0x57, 0x60, 0x48, 0x8D, 0x4F, 0x18,
	0xFF, 0x15, 0xFA, 0xE4, 0x00, 0x00, 0x80, 0xBF, 0xB0, 0x00, 0x00, 0x00,
	0x00, 0x74, 0xE9, 0x48, 0x8D, 0x4F, 0x60, 0xFF, 0x15, 0xEF, 0xE4, 0x00,
	0x00, 0x48, 0x8B, 0x5C, 0x24, 0x60, 0x48, 0x8B, 0x6C, 0x24, 0x68, 0x48,
	0x83, 0xC4, 0x30, 0x41, 0x5E, 0x5F, 0x5E, 0xC3, 0xB9, 0x05, 0x00, 0x00,
	0x00, 0xFF, 0x15, 0x89, 0xE4, 0x00, 0x00, 0xCC, 0x40, 0x53, 0x48, 0x83,
	0xEC, 0x20, 0x48, 0x8B, 0xD9, 0x48, 0x8B, 0x09, 0x48, 0x85, 0xC9, 0x74,
	0x15, 0xB8, 0xFF, 0xFF, 0xFF, 0xFF, 0xF0, 0x0F, 0xC1, 0x41, 0x08, 0x83,
	0xF8, 0x01, 0x75, 0x06, 0x48, 0x8B, 0x01, 0xFF, 0x50, 0x08, 0x48, 0xC7,
	0x03, 0x00, 0x00, 0x00, 0x00, 0x48, 0x83, 0xC4, 0x20, 0x5B, 0xC3, 0xCC,
	0xCC, 0xCC, 0xCC, 0xCC, 0xCC, 0xCC, 0xCC, 0xCC, 0xCC, 0xCC, 0xCC, 0xCC,
	0x40, 0x53, 0x48, 0x83, 0xEC, 0x20, 0x48, 0x8B, 0xD9, 0x48, 0x89, 0x4C,
	0x24, 0x30, 0x48, 0x8B, 0x01, 0xFF, 0x50, 0x08, 0x90, 0x48, 0x8B, 0x03,
	0xBA, 0x01, 0x00, 0x00, 0x00, 0x48, 0x8B, 0xCB, 0x48, 0x83, 0xC4, 0x20,
	0x5B, 0x48, 0xFF, 0x20, 0xCC, 0xCC, 0xCC, 0xCC, 0xCC, 0xCC, 0xCC, 0xCC,
	0x40, 0x53, 0x48, 0x83, 0xEC, 0x20, 0x48, 0x8D, 0x05, 0x5B, 0x1B, 0x01,
	0x00, 0x48, 0x8B, 0xD9, 0x48, 0x89, 0x01, 0xF6, 0xC2, 0x01, 0x74, 0x0A,
	0xBA, 0x08, 0x00, 0x00, 0x00, 0xE8, 0xBA, 0xB4, 0x00, 0x00, 0x48, 0x8B,
	0xC3, 0x48, 0x83, 0xC4, 0x20, 0x5B, 0xC3, 0xCC, 0xCC, 0xCC, 0xCC, 0xCC,
	0x48, 0x89, 0x5C, 0x24, 0x10, 0x57, 0x48, 0x83, 0xEC, 0x20, 0x48, 0x8B,
	0xD9, 0x48, 0x83, 0xC1, 0x48, 0xFF, 0x15, 0xF1, 0xE3, 0x00, 0x00, 0x85,
	0xC0, 0x74, 0x0C, 0xB9, 0x05, 0x00, 0x00, 0x00, 0xFF, 0x15, 0xC2, 0xE3,
	0x00, 0x00, 0xCC, 0x81, 0xBB, 0x94, 0x00, 0x00, 0x00, 0xFF, 0xFF, 0xFF,
	0x7F, 0x75, 0x16, 0xB9, 0x06, 0x00, 0x00, 0x00, 0xC7, 0x83, 0x94, 0x00,
	0x00, 0x00, 0xFE, 0xFF, 0xFF, 0x7F, 0xFF, 0x15, 0xA0, 0xE3, 0x00, 0x00,
	0xCC, 0x83, 0xBB, 0xB0, 0x00, 0x00, 0x00, 0x02, 0x7D, 0x16, 0x48, 0x8D,
	0x53, 0x48, 0x48, 0x8B, 0xCB, 0xFF, 0x15, 0xC9, 0xE3, 0x00, 0x00, 0x83,
	0xBB, 0xB0, 0x00, 0x00, 0x00, 0x02, 0x7C, 0xEA, 0x48, 0x8D, 0x4B, 0x48,
	0x48, 0x8B, 0x5C, 0x24, 0x38, 0x48, 0x83, 0xC4, 0x20, 0x5F, 0x48, 0xFF,
	0x25, 0xB3, 0xE3, 0x00, 0x00, 0xCC, 0xCC, 0xCC, 0x48, 0x89, 0x5C, 0x24,
	0x08, 0x57, 0x48, 0x83, 0xEC, 0x20, 0x48, 0x8B, 0xF9, 0x48, 0x83, 0xC1,
	0x48, 0xFF, 0x15, 0x71, 0xE3, 0x00, 0x00, 0x85, 0xC0, 0x74, 0x0C, 0xB9,
	0x05, 0x00, 0x00, 0x00, 0xFF, 0x15, 0x42, 0xE3, 0x00, 0x00, 0xCC, 0x81,
	0xBF, 0x94, 0x00, 0x00, 0x00, 0xFF, 0xFF, 0xFF, 0x7F, 0x75, 0x16, 0xB9,
	0x06, 0x00, 0x00, 0x00, 0xC7, 0x87, 0x94, 0x00, 0x00, 0x00, 0xFE, 0xFF,
	0xFF, 0x7F, 0xFF, 0x15, 0x20, 0xE3, 0x00, 0x00, 0xCC, 0x83, 0xBF, 0xB0,
	0x00, 0x00, 0x00, 0x02, 0x7D, 0x0A, 0xC7, 0x87, 0xB0, 0x00, 0x00, 0x00,
	0x02, 0x00, 0x00, 0x00, 0x48, 0x8B, 0xCF, 0xFF, 0x15, 0x53, 0xE3, 0x00,
	0x00, 0x48, 0x8D, 0x4F, 0x48, 0x48, 0x8B, 0x5C, 0x24, 0x30, 0x48, 0x83,
	0xC4, 0x20, 0x5F, 0x48, 0xFF, 0x25, 0x36, 0xE3, 0x00, 0x00, 0xCC, 0xCC,
	0xCC, 0xCC, 0xCC, 0xCC, 0x40, 0x53, 0x48, 0x83, 0xEC, 0x20, 0x48, 0x8B,
	0x59, 0x08, 0x48, 0x85, 0xDB, 0x74, 0x36, 0x48, 0x89, 0x7C, 0x24, 0x30,
	0xBF, 0xFF, 0xFF, 0xFF, 0xFF, 0x8B, 0xC7, 0xF0, 0x0F, 0xC1, 0x43, 0x08,
	0x83, 0xF8, 0x01, 0x75, 0x1B, 0x48, 0x8B, 0x03, 0x48, 0x8B, 0xCB, 0xFF,
	0x10, 0xF0, 0x0F, 0xC1, 0x7B, 0x0C, 0x83, 0xFF, 0x01, 0x75, 0x09, 0x48,
	0x8B, 0x03, 0x48, 0x8B, 0xCB, 0xFF, 0x50, 0x08, 0x48, 0x8B, 0x7C, 0x24,
	0x30, 0x48, 0x83, 0xC4, 0x20, 0x5B, 0xC3, 0xCC, 0xCC, 0xCC, 0xCC, 0xCC,
	0x48, 0x83, 0xEC, 0x48, 0x48, 0x8D, 0x4C, 0x24, 0x20, 0xE8, 0x92, 0xF8,
	0xFF, 0xFF, 0x48, 0x8D, 0x15, 0x3B, 0x56, 0x01, 0x00, 0x48, 0x8D, 0x4C,
	0x24, 0x20, 0xE8, 0xC7, 0xBE, 0x00, 0x00, 0xCC, 0x40, 0x53, 0x48, 0x83,
	0xEC, 0x20, 0x48, 0x8B, 0xD9, 0x48, 0x8B, 0xC2, 0x48, 0x8D, 0x0D, 0xA5,
	0x0B, 0x01, 0x00, 0x0F, 0x57, 0xC0, 0x48, 0x8D, 0x53, 0x08, 0x48, 0x89,
	0x0B, 0x48, 0x8D, 0x48, 0x08, 0x0F, 0x11, 0x02, 0xFF, 0x15, 0xE6, 0xE3,
	0x00, 0x00, 0x48, 0x8D, 0x05, 0xA7, 0x1A, 0x01, 0x00, 0x48, 0x89, 0x03,
	0x48, 0x8B, 0xC3, 0x48, 0x83, 0xC4, 0x20, 0x5B, 0xC3, 0xCC, 0xCC, 0xCC,
	0x48, 0x83, 0xC1, 0x08, 0xE9, 0x67, 0x56, 0x00, 0x00, 0xCC, 0xCC, 0xCC,
	0xCC, 0xCC, 0xCC, 0xCC, 0x40, 0x53, 0x48, 0x83, 0xEC, 0x20, 0x48, 0x8B,
	0xD9, 0x48, 0x89, 0x4C, 0x24, 0x30, 0x48, 0x8B, 0x49, 0x38, 0x48, 0x85,
	0xC9, 0x75, 0x07, 0xFF, 0x15, 0x03, 0xE2, 0x00, 0x00, 0xCC, 0x48, 0x8B,
	0x01, 0xFF, 0x50, 0x10, 0x90, 0x48, 0x8B, 0x4B, 0x38, 0x48, 0x85, 0xC9,
	0x74, 0x14, 0x48, 0x3B, 0xCB, 0x0F, 0x95, 0xC2, 0x48, 0x8B, 0x01, 0xFF,
	0x50, 0x20, 0x48, 0xC7, 0x43, 0x38, 0x00, 0x00, 0x00, 0x00, 0xBA, 0x40,
	0x00, 0x00, 0x00, 0x48, 0x8B, 0xCB, 0x48, 0x83, 0xC4, 0x20, 0x5B, 0xE9,
	0x98, 0xB2, 0x00, 0x00, 0xCC, 0xCC, 0xCC, 0xCC, 0xCC, 0xCC, 0xCC, 0xCC,
	0xCC, 0xCC, 0xCC, 0xCC, 0x40, 0x53, 0x48, 0x83, 0xEC, 0x20, 0x48, 0x8B,
	0x19, 0x48, 0x85, 0xDB, 0x74, 0x2F, 0x48, 0x8B, 0x4B, 0x38, 0x48, 0x85,
	0xC9, 0x74, 0x14, 0x48, 0x8B, 0x01, 0x48, 0x3B, 0xCB, 0x0F, 0x95, 0xC2,
	0xFF, 0x50, 0x20, 0x48, 0xC7, 0x43, 0x38, 0x00, 0x00, 0x00, 0x00, 0xBA,
	0x40, 0x00, 0x00, 0x00, 0x48, 0x8B, 0xCB, 0x48, 0x83, 0xC4, 0x20, 0x5B,
	0xE9, 0x4F, 0xB2, 0x00, 0x00, 0x48, 0x83, 0xC4, 0x20, 0x5B, 0xC3, 0xCC,
	0xCC, 0xCC, 0xCC, 0xCC, 0xCC, 0xCC, 0xCC, 0xCC, 0xCC, 0xCC, 0xCC, 0xCC,
	0x40, 0x53, 0x48, 0x83, 0xEC, 0x20, 0x48, 0x8B, 0xD9, 0x48, 0x8B, 0x49,
	0x38, 0x48, 0x85, 0xC9, 0x74, 0x14, 0x48, 0x8B, 0x01, 0x48, 0x3B, 0xCB,
	0x0F, 0x95, 0xC2, 0xFF, 0x50, 0x20, 0x48, 0xC7, 0x43, 0x38, 0x00, 0x00,
	0x00, 0x00, 0x48, 0x83, 0xC4, 0x20, 0x5B, 0xC3, 0xCC, 0xCC, 0xCC, 0xCC,
	0x48, 0x83, 0xEC, 0x28, 0xFF, 0x15, 0x26, 0xE2, 0x00, 0x00, 0x90, 0x48,
	0x83, 0xC4, 0x28, 0xC3, 0x40, 0x53, 0x48, 0x83, 0xEC, 0x20, 0x48, 0x8B,
	0xD9, 0x8B, 0x01, 0x85, 0xC0, 0x75, 0x0E, 0xFF, 0x15, 0x1B, 0xE2, 0x00,
	0x00, 0xCC, 0xFF, 0x15, 0x5C, 0xE2, 0x00, 0x00, 0xCC, 0x48, 0x83, 0xC1,
	0x20, 0xE8, 0x4A, 0x55, 0x00, 0x00, 0x48, 0x8D, 0x4B, 0x08, 0x48, 0x83,
	0xC4, 0x20, 0x5B, 0x48, 0xFF, 0x25, 0x1A, 0xE1, 0x00, 0x00, 0xCC, 0xCC,
	0xCC, 0xCC, 0xCC, 0xCC, 0xCC, 0xCC, 0xCC, 0xCC, 0x48, 0x83, 0xEC, 0x38,
	0xE8, 0x97, 0x61, 0x00, 0x00, 0x85, 0xC0, 0x75, 0x0A, 0xBA, 0x01, 0x00,
	0x00, 0x00, 0xE8, 0x19, 0x51, 0x00, 0x00, 0x48, 0x8D, 0x51, 0x08, 0x48,
	0x8D, 0x4C, 0x24, 0x20, 0xE8, 0x3B, 0xF4, 0xFF, 0xFF, 0x48, 0x8B, 0xC8,
	0xE8, 0x93, 0xF4, 0xFF, 0xFF, 0xCC, 0xCC, 0xCC, 0x40, 0x53, 0x56, 0x41,
	0x56, 0x48, 0x83, 0xEC, 0x30, 0x48, 0x8B, 0x02, 0x48, 0x8B, 0xDA, 0x48,
	0x89, 0x01, 0x4C, 0x8B, 0xF1, 0x33, 0xC0, 0x48, 0x89, 0x4C, 0x24, 0x20,
	0x48, 0x89, 0x41, 0x08, 0x48, 0x89, 0x41, 0x10, 0x48, 0x89, 0x41, 0x18,
	0x48, 0x8B, 0x52, 0x10, 0x48, 0x2B, 0x53, 0x08, 0x48, 0xC1, 0xFA, 0x03,
	0x48, 0x85, 0xD2, 0x74, 0x48, 0x48, 0xB8, 0xFF, 0xFF, 0xFF, 0xFF, 0xFF,
	0xFF, 0xFF, 0x1F, 0x48, 0x3B, 0xD0, 0x77, 0x45, 0x48, 0x83, 0xC1, 0x08,
	0x48, 0x89, 0x7C, 0x24, 0x60, 0xE8, 0xCA, 0x9A, 0x00, 0x00, 0x48, 0x8B,
	0x53, 0x08, 0x48, 0x8B, 0x5B, 0x10, 0x49, 0x8B, 0x7E, 0x08, 0x48, 0x2B,
	0xDA, 0x4C, 0x8B, 0xC3, 0x48, 0x8B, 0xCF, 0xE8, 0xC7, 0xBD, 0x00, 0x00,
	0x48, 0xC1, 0xFB, 0x03, 0x48, 0x8D, 0x0C, 0xDF, 0x48, 0x8B, 0x7C, 0x24,
	0x60, 0x49, 0x89, 0x4E, 0x10, 0x49, 0x8B, 0xC6, 0x48, 0x83, 0xC4, 0x30,
	0x41, 0x5E, 0x5E, 0x5B, 0xC3, 0xE8, 0xBE, 0x94, 0x00, 0x00, 0xCC, 0xCC,
	0xCC, 0xCC, 0xCC, 0xCC, 0xCC, 0xCC, 0xCC, 0xCC, 0xCC, 0xCC, 0xCC, 0xCC,
	0x48, 0x83, 0xEC, 0x28, 0x48, 0x8B, 0x09, 0xFF, 0x15, 0x4B, 0xE1, 0x00,
	0x00, 0x90, 0x48, 0x83, 0xC4, 0x28, 0xC3, 0xCC, 0xCC, 0xCC, 0xCC, 0xCC,
	0xCC, 0xCC, 0xCC, 0xCC, 0xCC, 0xCC, 0xCC, 0xCC, 0x48, 0x89, 0x5C, 0x24,
	0x10, 0x55, 0x56, 0x57, 0x41, 0x56, 0x41, 0x57, 0x48, 0x83, 0xEC, 0x20,
	0x45, 0x33, 0xFF, 0x48, 0x8D, 0x05, 0xDE, 0x18, 0x01, 0x00, 0x4C, 0x89,
	0x79, 0x10, 0x0F, 0x57, 0xC0, 0x4C, 0x89, 0x79, 0x18, 0xBE, 0xFF, 0xFF,
	0xFF, 0xFF, 0x48, 0x89, 0x01, 0x4D, 0x8B, 0xF0, 0x44, 0x89, 0x79, 0x08,
	0x48, 0x8B, 0xEA, 0x66, 0x44, 0x89, 0x79, 0x0C, 0x48, 0x8B, 0xD9, 0x0F,
	0x11, 0x41, 0x38, 0x0F, 0x11, 0x41, 0x48, 0x0F, 0x11, 0x41, 0x58, 0x4C,
	0x89, 0x79, 0x28, 0x4C, 0x89, 0x79, 0x30, 0x89, 0x71, 0x68, 0xC7, 0x41,
	0x20, 0x02, 0x00, 0x00, 0x00, 0x44, 0x89, 0x79, 0x6C, 0x4C, 0x89, 0x79,
	0x70, 0x4C, 0x89, 0xB9, 0x80, 0x00, 0x00, 0x00, 0x49, 0x8B, 0x40, 0x08,
	0x48, 0x85, 0xC0, 0x74, 0x04, 0xF0, 0xFF, 0x40, 0x08, 0x49, 0x8B, 0x78,
	0x08, 0x33, 0xD2, 0x49, 0x8B, 0x00, 0x49, 0x8B, 0x48, 0x10, 0x4C, 0x89,
	0xBB, 0x88, 0x00, 0x00, 0x00, 0x4C, 0x89, 0xBB, 0x90, 0x00, 0x00, 0x00,
	0x0F, 0x11, 0x83, 0x98, 0x00, 0x00, 0x00, 0x0F, 0x11, 0x83, 0xA8, 0x00,
	0x00, 0x00, 0x0F, 0x11, 0x83, 0xB8, 0x00, 0x00, 0x00, 0x48, 0x89, 0x93,
	0xC8, 0x00, 0x00, 0x00, 0x0F, 0x11, 0x83, 0xE8, 0x00, 0x00, 0x00, 0x0F,
	0x11, 0x83, 0xF8, 0x00, 0x00, 0x00, 0x0F, 0x11, 0x83, 0x08, 0x01, 0x00,
	0x00, 0x4C, 0x89, 0xBB, 0xD8, 0x00, 0x00, 0x00, 0x4C, 0x89, 0xBB, 0xE0,
	0x00, 0x00, 0x00, 0x89, 0xB3, 0x18, 0x01, 0x00, 0x00, 0xC7, 0x83, 0xD0,
	0x00, 0x00, 0x00, 0x02, 0x00, 0x00, 0x00, 0x44, 0x89, 0xBB, 0x1C, 0x01,
	0x00, 0x00, 0x4C, 0x89, 0xBB, 0x20, 0x01, 0x00, 0x00, 0x4C, 0x89, 0xBB,
	0x28, 0x01, 0x00, 0x00, 0x48, 0x85, 0xFF, 0x74, 0x4B, 0xF0, 0xFF, 0x47,
	0x08, 0x48, 0x89, 0x83, 0x20, 0x01, 0x00, 0x00, 0x8B, 0xC6, 0x48, 0x89,
	0xBB, 0x28, 0x01, 0x00, 0x00, 0x48, 0x89, 0x8B, 0x30, 0x01, 0x00, 0x00,
	0x44, 0x89, 0xBB, 0x38, 0x01, 0x00, 0x00, 0xF0, 0x0F, 0xC1, 0x47, 0x08,
	0x83, 0xF8, 0x01, 0x75, 0x3B, 0x48, 0x8B, 0x07, 0x48, 0x8B, 0xCF, 0xFF,
	0x10, 0x8B, 0xC6, 0xF0, 0x0F, 0xC1, 0x47, 0x0C, 0x83, 0xF8, 0x01, 0x75,
	0x27, 0x48, 0x8B, 0x07, 0x48, 0x8B, 0xCF, 0xFF, 0x50, 0x08, 0xEB, 0x1C,
	0x48, 0x89, 0x83, 0x20, 0x01, 0x00, 0x00, 0x48, 0x89, 0xBB, 0x28, 0x01,
	0x00, 0x00, 0x48, 0x89, 0x8B, 0x30, 0x01, 0x00, 0x00, 0x44, 0x89, 0xBB,
	0x38, 0x01, 0x00, 0x00, 0x4C, 0x89, 0xBB, 0x48, 0x01, 0x00, 0x00, 0x4C,
	0x89, 0xBB, 0x50, 0x01, 0x00, 0x00, 0x4C, 0x89, 0xBB, 0x58, 0x01, 0x00,
	0x00, 0x4C, 0x89, 0xBB, 0x40, 0x01, 0x00, 0x00, 0x48, 0x89, 0x9B, 0x60,
	0x01, 0x00, 0x00, 0x66, 0x44, 0x89, 0xBB, 0x68, 0x01, 0x00, 0x00, 0x48,
	0x89, 0x6B, 0x78, 0x48, 0x83, 0xFD, 0x02, 0x74, 0x04, 0xF0, 0xFF, 0x45,
	0x08, 0x49, 0x8B, 0x7E, 0x08, 0x48, 0x85, 0xFF, 0x74, 0x27, 0x8B, 0xC6,
	0xF0, 0x0F, 0xC1, 0x47, 0x08, 0x83, 0xF8, 0x01, 0x75, 0x1B, 0x48, 0x8B,
	0x17, 0x48, 0x8B, 0xCF, 0xFF, 0x12, 0xF0, 0x0F, 0xC1, 0x77, 0x0C, 0x83,
	0xFE, 0x01, 0x75, 0x09, 0x48, 0x8B, 0x17, 0x48, 0x8B, 0xCF, 0xFF, 0x52,
	0x08, 0x48, 0x8B, 0xC3, 0x48, 0x8B, 0x5C, 0x24, 0x58, 0x48, 0x83, 0xC4,
	0x20, 0x41, 0x5F, 0x41, 0x5E, 0x5F, 0x5E, 0x5D, 0xC3, 0xCC, 0xCC, 0xCC,
	0xCC, 0xCC, 0xCC, 0xCC, 0xCC, 0xCC, 0xCC, 0xCC, 0xCC, 0xCC, 0xCC, 0xCC,
	0x48, 0x89, 0x5C, 0x24, 0x10, 0x48, 0x89, 0x74, 0x24, 0x18, 0x57, 0x48,
	0x83, 0xEC, 0x20, 0x48, 0x8B, 0xF1, 0x48, 0x8D, 0x05, 0xEF, 0x16, 0x01,
	0x00, 0x48, 0x89, 0x01, 0x48, 0x8B, 0x49, 0x78, 0xBF, 0xFF, 0xFF, 0xFF,
	0xFF, 0x48, 0x83, 0xF9, 0x02, 0x74, 0x12, 0x8B, 0xC7, 0xF0, 0x0F, 0xC1,
	0x41, 0x08, 0x83, 0xF8, 0x01, 0x75, 0x06, 0x48, 0x8B, 0x01, 0xFF, 0x50,
	0x08, 0x48, 0x8D, 0x8E, 0x48, 0x01, 0x00, 0x00, 0xE8, 0x07, 0x52, 0x00,
	0x00, 0x48, 0x8B, 0x9E, 0x28, 0x01, 0x00, 0x00, 0x48, 0x85, 0xDB, 0x74,
	0x29, 0x8B, 0xC7, 0xF0, 0x0F, 0xC1, 0x43, 0x08, 0x83, 0xF8, 0x01, 0x75,
	0x1D, 0x48, 0x8B, 0x03, 0x48, 0x8B, 0xCB, 0xFF, 0x10, 0x8B, 0xC7, 0xF0,
	0x0F, 0xC1, 0x43, 0x0C, 0x83, 0xF8, 0x01, 0x75, 0x09, 0x48, 0x8B, 0x03,
	0x48, 0x8B, 0xCB, 0xFF, 0x50, 0x08, 0x48, 0x8B, 0x5E, 0x18, 0x48, 0x85,
	0xDB, 0x74, 0x28, 0x8B, 0xC7, 0xF0, 0x0F, 0xC1, 0x43, 0x08, 0x83, 0xF8,
	0x01, 0x75, 0x1C, 0x48, 0x8B, 0x03, 0x48, 0x8B, 0xCB, 0xFF, 0x10, 0xF0,
	0x0F, 0xC1, 0x7B, 0x0C, 0x83, 0xFF, 0x01, 0x75, 0x0A, 0x48, 0x8B, 0x03,
	0x48, 0x8B, 0xCB, 0xFF, 0x50, 0x08, 0x90, 0x48, 0x8B, 0x5C, 0x24, 0x38,
	0x48, 0x8B, 0x74, 0x24, 0x40, 0x48, 0x83, 0xC4, 0x20, 0x5F, 0xC3, 0xCC,
	0x48, 0x89, 0x4C, 0x24, 0x08, 0x53, 0x48, 0x83, 0xEC, 0x30, 0x48, 0x8B,
	0xD9, 0x80, 0x79, 0x0C, 0x00, 0x74, 0x09, 0x48, 0x81, 0xC1, 0x88, 0x00,
	0x00, 0x00, 0xEB, 0x24, 0x48, 0x81, 0xC1, 0x88, 0x00, 0x00, 0x00, 0x48,
	0x89, 0x4C, 0x24, 0x48, 0xE8, 0x43, 0xF9, 0xFF, 0xFF, 0x90, 0xEB, 0x05,
	0x48, 0x8B, 0x5C, 0x24, 0x40, 0x80, 0x7B, 0x0D, 0x00, 0x74, 0x0A, 0x48,
	0x8B, 0x4C, 0x24, 0x48, 0xE8, 0x2B, 0xF9, 0xFF, 0xFF, 0x48, 0x8D, 0x4B,
	0x10, 0x48, 0x83, 0x39, 0x00, 0x75, 0x13, 0x8B, 0x4B, 0x08, 0x33, 0xC0,
	0x83, 0xF9, 0x04, 0x0F, 0x94, 0xC0, 0xFF, 0xC0, 0x48, 0x83, 0xC4, 0x30,
	0x5B, 0xC3, 0xE8, 0x39, 0x4D, 0x00, 0x00, 0x48, 0x8B, 0xC8, 0xE8, 0xF1,
	0xFB, 0xFF, 0xFF, 0xCC, 0x48, 0x89, 0x5C, 0x24, 0x18, 0x48, 0x89, 0x6C,
	0x24, 0x20, 0x56, 0x57, 0x41, 0x56, 0x48, 0x83, 0xEC, 0x70, 0x48, 0x8B,
	0xF2, 0x4C, 0x8B, 0xF1, 0x33, 0xED, 0x48, 0x8D, 0x91, 0x40, 0x01, 0x00,
	0x00, 0x48, 0x8D, 0x4C, 0x24, 0x50, 0xE8, 0xF5, 0xFB, 0xFF, 0xFF, 0x90,
	0xB9, 0x48, 0x00, 0x00, 0x00, 0xE8, 0x32, 0xAA, 0x00, 0x00, 0x48, 0x8B,
	0xF8, 0x48, 0x89, 0x44, 0x24, 0x40, 0x0F, 0x57, 0xC0, 0x0F, 0x11, 0x00,
	0xC7, 0x40, 0x08, 0x01, 0x00, 0x00, 0x00, 0xC7, 0x40, 0x0C, 0x01, 0x00,
	0x00, 0x00, 0x48, 0x8D, 0x05, 0x07, 0x15, 0x01, 0x00, 0x48, 0x89, 0x07,
	0x48, 0x8D, 0x5F, 0x10, 0x48, 0x89, 0x5C, 0x24, 0x48, 0x89, 0x2B, 0x48,
	0x8D, 0x4B, 0x08, 0x48, 0x89, 0x29, 0x48, 0x89, 0x69, 0x08, 0x48, 0x8B,
	0xD6, 0xFF, 0x15, 0x2D, 0xDD, 0x00, 0x00, 0x90, 0x48, 0x8D, 0x4B, 0x18,
	0x48, 0x8D, 0x54, 0x24, 0x50, 0xE8, 0x96, 0xFB, 0xFF, 0xFF, 0x90, 0x0F,
	0x57, 0xC0, 0x0F, 0x11, 0x44, 0x24, 0x30, 0x48, 0x89, 0x5C, 0x24, 0x30,
	0x48, 0x89, 0x7C, 0x24, 0x38, 0x49, 0x8B, 0x06, 0x48, 0x8D, 0x4C, 0x24,
	0x30, 0x48, 0x89, 0x4C, 0x24, 0x20, 0x45, 0x33, 0xC9, 0x41, 0xB0, 0x01,
	0x41, 0x0F, 0xB6, 0xD0, 0x49, 0x8B, 0xCE, 0xFF, 0x50, 0x08, 0x0F, 0xB6,
	0xF0, 0x48, 0x8B, 0x5C, 0x24, 0x38, 0x48, 0x85, 0xDB, 0x74, 0x2D, 0xBF,
	0xFF, 0xFF, 0xFF, 0xFF, 0x8B, 0xCF, 0xF0, 0x0F, 0xC1, 0x4B, 0x08, 0x83,
	0xF9, 0x01, 0x75, 0x1C, 0x48, 0x8B, 0x13, 0x48, 0x8B, 0xCB, 0xFF, 0x12,
	0xF0, 0x0F, 0xC1, 0x7B, 0x0C, 0x83, 0xFF, 0x01, 0x75, 0x0A, 0x48, 0x8B,
	0x03, 0x48, 0x8B, 0xCB, 0xFF, 0x50, 0x08, 0x90, 0x48, 0x8D, 0x4C, 0x24,
	0x58, 0xE8, 0x22, 0x50, 0x00, 0x00, 0x40, 0x0F, 0xB6, 0xC6, 0x4C, 0x8D,
	0x5C, 0x24, 0x70, 0x49, 0x8B, 0x5B, 0x30, 0x49, 0x8B, 0x6B, 0x38, 0x49,
	0x8B, 0xE3, 0x41, 0x5E, 0x5F, 0x5E, 0xC3, 0xCC, 0xCC, 0xCC, 0xCC, 0xCC,
	0xCC, 0xCC, 0xCC, 0xCC, 0x48, 0x89, 0x5C, 0x24, 0x18, 0x55, 0x56, 0x57,
	0x41, 0x56, 0x41, 0x57, 0x48, 0x83, 0xEC, 0x40, 0x4C, 0x8B, 0xF2, 0x4C,
	0x8B, 0xF9, 0x48, 0x89, 0x54, 0x24, 0x30, 0x0F, 0x57, 0xC9, 0xF3, 0x0F,
	0x7F, 0x4C, 0x24, 0x20, 0x48, 0x8B, 0x5A, 0x08, 0x48, 0x85, 0xDB, 0x74,
	0x13, 0x48, 0x8B, 0x2A, 0x48, 0x89, 0x6C, 0x24, 0x20, 0x48, 0x89, 0x5C,
	0x24, 0x28, 0xF0, 0xFF, 0x43, 0x0C, 0xEB, 0x0A, 0x48, 0x8B, 0x5C, 0x24,
	0x28, 0x48, 0x8B, 0x6C, 0x24, 0x20, 0xB9, 0xD0, 0x00, 0x00, 0x00, 0xE8,
	0xF4, 0xA8, 0x00, 0x00, 0x48, 0x8B, 0xF8, 0x48, 0x89, 0x44, 0x24, 0x38,
	0x33, 0xD2, 0x41, 0xB8, 0xD0, 0x00, 0x00, 0x00, 0x48, 0x8B, 0xC8, 0xE8,
	0x92, 0xB7, 0x00, 0x00, 0x48, 0x8D, 0x05, 0xE5, 0x10, 0x01, 0x00, 0x48,
	0x89, 0x07, 0xC7, 0x47, 0x08, 0x01, 0x00, 0x00, 0x00, 0xC7, 0x47, 0x10,
	0x03, 0x00, 0x00, 0x00, 0x33, 0xC9, 0x48, 0x89, 0x4F, 0x18, 0x48, 0x89,
	0x4F, 0x20, 0x0F, 0x57, 0xC0, 0x33, 0xC0, 0x0F, 0x11, 0x47, 0x28, 0x0F,
	0x11, 0x47, 0x38, 0x0F, 0x11, 0x47, 0x48, 0x48, 0x89, 0x47, 0x58, 0x0F,
	0x11, 0x47, 0x78, 0x0F, 0x11, 0x87, 0x88, 0x00, 0x00, 0x00, 0x0F, 0x11,
	0x87, 0x98, 0x00, 0x00, 0x00, 0x0F, 0x57, 0xC9, 0x0F, 0x11, 0x4F, 0x68,
	0xBE, 0xFF, 0xFF, 0xFF, 0xFF, 0x89, 0xB7, 0xA8, 0x00, 0x00, 0x00, 0xC7,
	0x47, 0x60, 0x02, 0x00, 0x00, 0x00, 0x89, 0x8F, 0xAC, 0x00, 0x00, 0x00,
	0x88, 0x87, 0xB0, 0x00, 0x00, 0x00, 0x48, 0x89, 0x8F, 0xB8, 0x00, 0x00,
	0x00, 0x48, 0x8D, 0x05, 0x00, 0x10, 0x01, 0x00, 0x48, 0x89, 0x07, 0x48,
	0x89, 0x8F, 0xC0, 0x00, 0x00, 0x00, 0x48, 0x89, 0x8F, 0xC8, 0x00, 0x00,
	0x00, 0x48, 0x85, 0xDB, 0x74, 0x12, 0x48, 0x89, 0xAF, 0xC0, 0x00, 0x00,
	0x00, 0x48, 0x89, 0x9F, 0xC8, 0x00, 0x00, 0x00, 0xF0, 0xFF, 0x43, 0x0C,
	0x49, 0x89, 0xBF, 0x80, 0x00, 0x00, 0x00, 0x48, 0x8B, 0xD7, 0x49, 0x8B,
	0x4F, 0x78, 0xE8, 0x3D, 0xF3, 0xFF, 0xFF, 0x90, 0x48, 0x85, 0xDB, 0x74,
	0x16, 0x8B, 0xC6, 0xF0, 0x0F, 0xC1, 0x43, 0x0C, 0x83, 0xF8, 0x01, 0x75,
	0x0A, 0x48, 0x8B, 0x03, 0x48, 0x8B, 0xCB, 0xFF, 0x50, 0x08, 0x90, 0x49,
	0x8B, 0x4E, 0x08, 0x48, 0x85, 0xC9, 0x74, 0x10, 0xF0, 0x0F, 0xC1, 0x71,
	0x0C, 0x83, 0xFE, 0x01, 0x75, 0x06, 0x48, 0x8B, 0x01, 0xFF, 0x50, 0x08,
	0x48, 0x8B, 0x9C, 0x24, 0x80, 0x00, 0x00, 0x00, 0x48, 0x83, 0xC4, 0x40,
	0x41, 0x5F, 0x41, 0x5E, 0x5F, 0x5E, 0x5D, 0xC3, 0xCC, 0xCC, 0xCC, 0xCC,
	0x48, 0x83, 0x79, 0x10, 0x00, 0x0F, 0x95, 0xC0, 0xC3, 0xCC, 0xCC, 0xCC,
	0xCC, 0xCC, 0xCC, 0xCC, 0x48, 0x89, 0x5C, 0x24, 0x18, 0x57, 0x48, 0x83,
	0xEC, 0x50, 0x48, 0x8B, 0xDA, 0x48, 0x89, 0x4C, 0x24, 0x30, 0x41, 0x83,
	0xF8, 0xFF, 0x75, 0x2D, 0x48, 0x89, 0x54, 0x24, 0x20, 0x48, 0x8B, 0x02,
	0x48, 0x8B, 0xCA, 0xFF, 0x50, 0x08, 0x90, 0x48, 0x85, 0xDB, 0x74, 0x0E,
	0x48, 0x8B, 0x03, 0xBA, 0x01, 0x00, 0x00, 0x00, 0x48, 0x8B, 0xCB, 0xFF,
	0x10, 0x90, 0x48, 0x8B, 0x5C, 0x24, 0x70, 0x48, 0x83, 0xC4, 0x50, 0x5F,
	0xC3, 0x48, 0x8B, 0x89, 0x30, 0x01, 0x00, 0x00, 0x48, 0x85, 0xC9, 0x74,
	0x11, 0x48, 0x8B, 0x01, 0x4C, 0x8B, 0xC3, 0x48, 0x8D, 0x15, 0xA2, 0xF5,
	0xFF, 0xFF, 0xFF, 0x10, 0xEB, 0xD8, 0xB9, 0x28, 0x00, 0x00, 0x00, 0xE8,
	0x5C, 0xA7, 0x00, 0x00, 0x48, 0x8B, 0xF8, 0x48, 0xC7, 0x00, 0x00, 0x00,
	0x00, 0x00, 0x48, 0x8D, 0x05, 0x43, 0xF0, 0xFF, 0xFF, 0x48, 0x89, 0x47,
	0x08, 0x48, 0x89, 0x7F, 0x10, 0x48, 0x8D, 0x15, 0x74, 0xF5, 0xFF, 0xFF,
	0x48, 0x89, 0x57, 0x18, 0x48, 0x89, 0x5F, 0x20, 0x48, 0x8B, 0xCF, 0xFF,
	0x15, 0xE3, 0xDA, 0x00, 0x00, 0x85, 0xC0, 0x75, 0x06, 0xEB, 0x97, 0xEB,
	0x95, 0xEB, 0x93, 0x48, 0x8B, 0xCF, 0xE8, 0xE1, 0xF0, 0xFF, 0xFF, 0x48,
	0x8D, 0x4C, 0x24, 0x38, 0xE8, 0x27, 0xEE, 0xFF, 0xFF, 0x48, 0x8D, 0x15,
	0xA0, 0x4B, 0x01, 0x00, 0x48, 0x8D, 0x4C, 0x24, 0x38, 0xE8, 0xCC, 0xB5,
	0x00, 0x00, 0xCC, 0xCC, 0xCC, 0xCC, 0xCC, 0xCC, 0x48, 0x89, 0x5C, 0x24,
	0x18, 0x48, 0x89, 0x74, 0x24, 0x20, 0x57, 0x48, 0x81, 0xEC, 0x80, 0x00,
	0x00, 0x00, 0x48, 0x8B, 0xFA, 0x48, 0x8B, 0xF1, 0x48, 0x81, 0xC1, 0x60,
	0x01, 0x00, 0x00, 0xB2, 0x01, 0xFF, 0x15, 0x59, 0xDA, 0x00, 0x00, 0x8B,
	0x5F, 0x24, 0x48, 0x83, 0x7F, 0x10, 0x00, 0x0F, 0x84, 0x43, 0x01, 0x00,
	0x00, 0x83, 0xFB, 0xFF, 0x74, 0x08, 0xBB, 0x10, 0x00, 0x00, 0x00, 0x89,
	0x5F, 0x24, 0x48, 0x8D, 0x05, 0x57, 0x11, 0x01, 0x00, 0x48, 0x89, 0x44,
	0x24, 0x40, 0x48, 0x89, 0x7C, 0x24, 0x48, 0x48, 0x8D, 0x44, 0x24, 0x40,
	0x48, 0x89, 0x44, 0x24, 0x78, 0xB9, 0x40, 0x00, 0x00, 0x00, 0xE8, 0x91,
	0xA6, 0x00, 0x00, 0x48, 0x8B, 0xF8, 0x48, 0x89, 0x44, 0x24, 0x28, 0x48,
	0x89, 0x44, 0x24, 0x20, 0x33, 0xF6, 0x48, 0x89, 0x70, 0x38, 0x8B, 0xCE,
	0x4C, 0x8B, 0x44, 0x24, 0x78, 0x4D, 0x85, 0xC0, 0x74, 0x12, 0x49, 0x8B,
	0x00, 0x48, 0x8B, 0xD7, 0x49, 0x8B, 0xC8, 0xFF, 0x10, 0x48, 0x8B, 0xC8,
	0x48, 0x89, 0x47, 0x38, 0x83, 0xFB, 0xFF, 0x75, 0x40, 0x48, 0x89, 0x7C,
	0x24, 0x20, 0x48, 0x85, 0xC9, 0x75, 0x07, 0xFF, 0x15, 0xC3, 0xD8, 0x00,
	0x00, 0xCC, 0x48, 0x8B, 0x01, 0xFF, 0x50, 0x10, 0x90, 0x48, 0x8B, 0x4F,
	0x38, 0x48, 0x85, 0xC9, 0x74, 0x10, 0x48, 0x3B, 0xCF, 0x0F, 0x95, 0xC2,
	0x48, 0x8B, 0x01, 0xFF, 0x50, 0x20, 0x48, 0x89, 0x77, 0x38, 0xBA, 0x40,
	0x00, 0x00, 0x00, 0x48, 0x8B, 0xCF, 0xE8, 0x61, 0xA9, 0x00, 0x00, 0xEB,
	0x7E, 0x0F, 0x57, 0xC0, 0x0F, 0x11, 0x44, 0x24, 0x28, 0xE8, 0x06, 0xF0,
	0xFF, 0xFF, 0x48, 0x8B, 0x48, 0x08, 0x48, 0x85, 0xC9, 0x74, 0x04, 0xF0,
	0xFF, 0x41, 0x08, 0x48, 0x8B, 0x08, 0x48, 0x89, 0x4C, 0x24, 0x28, 0x48,
	0x8B, 0x58, 0x08, 0x48, 0x89, 0x5C, 0x24, 0x30, 0x4C, 0x8B, 0xC7, 0x48,
	0x8D, 0x15, 0x3E, 0xF6, 0xFF, 0xFF, 0x48, 0x85, 0xC9, 0x74, 0x07, 0x48,
	0x8B, 0x01, 0xFF, 0x10, 0xEB, 0x0B, 0x48, 0x8D, 0x4C, 0x24, 0x20, 0xE8,
	0x08, 0xEF, 0xFF, 0xFF, 0x90, 0x48, 0x85, 0xDB, 0x74, 0x2D, 0xBF, 0xFF,
	0xFF, 0xFF, 0xFF, 0x8B, 0xC7, 0xF0, 0x0F, 0xC1, 0x43, 0x08, 0x83, 0xF8,
	0x01, 0x75, 0x1C, 0x48, 0x8B, 0x03, 0x48, 0x8B, 0xCB, 0xFF, 0x10, 0xF0,
	0x0F, 0xC1, 0x7B, 0x0C, 0x83, 0xFF, 0x01, 0x75, 0x0A, 0x48, 0x8B, 0x03,
	0x48, 0x8B, 0xCB, 0xFF, 0x50, 0x08, 0x90, 0x48, 0x8B, 0x4C, 0x24, 0x78,
	0x48, 0x85, 0xC9, 0x74, 0x21, 0x48, 0x8D, 0x44, 0x24, 0x40, 0x48, 0x3B,
	0xC8, 0x0F, 0x95, 0xC2, 0x48, 0x8B, 0x01, 0xFF, 0x50, 0x20, 0xEB, 0x0E,
	0x44, 0x8B, 0xC3, 0x48, 0x8B, 0xD7, 0x48, 0x8B, 0xCE, 0xE8, 0xAA, 0xFD,
	0xFF, 0xFF, 0x4C, 0x8D, 0x9C, 0x24, 0x80, 0x00, 0x00, 0x00, 0x49, 0x8B,
	0x5B, 0x20, 0x49, 0x8B, 0x73, 0x28, 0x49, 0x8B, 0xE3, 0x5F, 0xC3, 0xCC,
	0xCC, 0xCC, 0xCC, 0xCC, 0x4C, 0x8B, 0xDC, 0x49, 0x89, 0x5B, 0x10, 0x49,
	0x89, 0x73, 0x18, 0x57, 0x48, 0x81, 0xEC, 0xF0, 0x00, 0x00, 0x00, 0x48,
	0x8B, 0x05, 0x56, 0x66, 0x01, 0x00, 0x48, 0x33, 0xC4, 0x48, 0x89, 0x84,
	0x24, 0xE0, 0x00, 0x00, 0x00, 0x48, 0x8B, 0xF1, 0xC7, 0x44, 0x24, 0x30,
	0x00, 0x00, 0x00, 0x00, 0x0F, 0x57, 0xC0, 0x41, 0x0F, 0x11, 0x43, 0xD8,
	0x48, 0x8B, 0x09, 0x48, 0x8B, 0x01, 0x49, 0x8D, 0x53, 0xD8, 0xFF, 0x50,
	0x10, 0x90, 0x48, 0xC7, 0x44, 0x24, 0x20, 0x00, 0x00, 0x00, 0x00, 0xC7,
	0x44, 0x24, 0x30, 0x01, 0x00, 0x00, 0x00, 0x48, 0x8D, 0x4C, 0x24, 0x20,
	0xFF, 0x15, 0x66, 0xD8, 0x00, 0x00, 0x48, 0x8B, 0x7C, 0x24, 0x20, 0x48,
	0x8B, 0x06, 0x48, 0x8B, 0x58, 0x10, 0x48, 0x8D, 0x4C, 0x24, 0x20, 0xFF,
	0x15, 0x47, 0xD8, 0x00, 0x00, 0x90, 0x48, 0x3B, 0xFB, 0x75, 0x1D, 0xBF,
	0xFF, 0xFF, 0xFF, 0xFF, 0x44, 0x8B, 0xC7, 0x48, 0x8B, 0x16, 0x48, 0x8B,
	0x8C, 0x24, 0xD0, 0x00, 0x00, 0x00, 0xE8, 0xF9, 0xFC, 0xFF, 0xFF, 0xE9,
	0xD4, 0x00, 0x00, 0x00, 0x48, 0x8B, 0x06, 0x48, 0x89, 0x44, 0x24, 0x78,
	0x48, 0x8B, 0xD8, 0x48, 0x8B, 0x8C, 0x24, 0xD8, 0x00, 0x00, 0x00, 0x48,
	0x85, 0xC9, 0x74, 0x0F, 0xF0, 0xFF, 0x41, 0x08, 0x48, 0x8B, 0x1E, 0x48,
	0x8B, 0x8C, 0x24, 0xD8, 0x00, 0x00, 0x00, 0x48, 0x8D, 0x15, 0xCE, 0x0E,
	0x01, 0x00, 0x48, 0x89, 0x54, 0x24, 0x38, 0x48, 0x89, 0x44, 0x24, 0x40,
	0x48, 0x8B, 0x84, 0x24, 0xD0, 0x00, 0x00, 0x00, 0x48, 0x89, 0x44, 0x24,
	0x48, 0x48, 0x89, 0x4C, 0x24, 0x50, 0x0F, 0x57, 0xC0, 0xF3, 0x0F, 0x7F,
	0x84, 0x24, 0x80, 0x00, 0x00, 0x00, 0x48, 0x8D, 0x44, 0x24, 0x38, 0x48,
	0x89, 0x44, 0x24, 0x70, 0x48, 0x8D, 0x44, 0x24, 0x38, 0x48, 0x89, 0x44,
	0x24, 0x20, 0x48, 0x8D, 0x84, 0x24, 0x90, 0x00, 0x00, 0x00, 0x48, 0x89,
	0x44, 0x24, 0x30, 0x48, 0xC7, 0x84, 0x24, 0xC8, 0x00, 0x00, 0x00, 0x00,
	0x00, 0x00, 0x00, 0x48, 0x8D, 0x94, 0x24, 0x90, 0x00, 0x00, 0x00, 0x48,
	0x8D, 0x4C, 0x24, 0x38, 0xE8, 0x6F, 0x7E, 0x00, 0x00, 0x48, 0x89, 0x84,
	0x24, 0xC8, 0x00, 0x00, 0x00, 0x48, 0x8D, 0x4B, 0x10, 0x45, 0x33, 0xC0,
	0x48, 0x8D, 0x94, 0x24, 0x90, 0x00, 0x00, 0x00, 0xFF, 0x15, 0x6A, 0xD7,
	0x00, 0x00, 0x90, 0x48, 0x8B, 0x4C, 0x24, 0x70, 0x48, 0x85, 0xC9, 0x74,
	0x12, 0x48, 0x8D, 0x44, 0x24, 0x38, 0x48, 0x3B, 0xC8, 0x0F, 0x95, 0xC2,
	0x48, 0x8B, 0x01, 0xFF, 0x50, 0x20, 0x90, 0xBF, 0xFF, 0xFF, 0xFF, 0xFF,
	0x48, 0x8B, 0x9C, 0x24, 0xD8, 0x00, 0x00, 0x00, 0x48, 0x85, 0xDB, 0x74,
	0x27, 0x8B, 0xC7, 0xF0, 0x0F, 0xC1, 0x43, 0x08, 0x83, 0xF8, 0x01, 0x75,
	0x1B, 0x48, 0x8B, 0x03, 0x48, 0x8B, 0xCB, 0xFF, 0x10, 0xF0, 0x0F, 0xC1,
	0x7B, 0x0C, 0x83, 0xFF, 0x01, 0x75, 0x09, 0x48, 0x8B, 0x03, 0x48, 0x8B,
	0xCB, 0xFF, 0x50, 0x08, 0x48, 0x8B, 0x8C, 0x24, 0xE0, 0x00, 0x00, 0x00,
	0x48, 0x33, 0xCC, 0xE8, 0x9C, 0xA2, 0x00, 0x00, 0x4C, 0x8D, 0x9C, 0x24,
	0xF0, 0x00, 0x00, 0x00, 0x49, 0x8B, 0x5B, 0x18, 0x49, 0x8B, 0x73, 0x20,
	0x49, 0x8B, 0xE3, 0x5F, 0xC3, 0xCC, 0xCC, 0xCC, 0xCC, 0xCC, 0xCC, 0xCC,
	0x48, 0x89, 0x5C, 0x24, 0x10, 0x48, 0x89, 0x74, 0x24, 0x18, 0x57, 0x48,
	0x83, 0xEC, 0x50, 0x48, 0x8B, 0x05, 0x8A, 0x64, 0x01, 0x00, 0x48, 0x33,
	0xC4, 0x48, 0x89, 0x44, 0x24, 0x40, 0x48, 0x8B, 0xF1, 0x48, 0x8B, 0x59,
	0x70, 0x48, 0xC7, 0x41, 0x70, 0x00, 0x00, 0x00, 0x00, 0x48, 0x85, 0xDB,
	0x0F, 0x84, 0xCD, 0x00, 0x00, 0x00, 0x66, 0x66, 0x0F, 0x1F, 0x84, 0x00,
	0x00, 0x00, 0x00, 0x00, 0x48, 0x8B, 0x7B, 0x08, 0x0F, 0x57, 0xC0, 0x0F,
	0x11, 0x44, 0x24, 0x30, 0x48, 0x8B, 0x03, 0x48, 0x8D, 0x54, 0x24, 0x30,
	0x48, 0x8B, 0xCB, 0xFF, 0x50, 0x10, 0x90, 0x8B, 0x46, 0x08, 0x83, 0xF8,
	0x04, 0x75, 0x4D, 0x80, 0x7B, 0x20, 0x00, 0x75, 0x47, 0x48, 0x8D, 0x56,
	0x10, 0x48, 0x8B, 0x4C, 0x24, 0x30, 0x48, 0x8B, 0x01, 0x48, 0x83, 0x3A,
	0x00, 0x74, 0x12, 0x48, 0x89, 0x54, 0x24, 0x20, 0x41, 0xB1, 0x01, 0x45,
	0x0F, 0xB6, 0xC1, 0x41, 0x0F, 0xB6, 0xD1, 0xEB, 0x11, 0x48, 0x8D, 0x51,
	0x10, 0x48, 0x89, 0x54, 0x24, 0x20, 0x45, 0x33, 0xC9, 0x45, 0x33, 0xC0,
	0xB2, 0x01, 0xFF, 0x50, 0x08, 0x48, 0x8B, 0x03, 0xBA, 0x01, 0x00, 0x00,
	0x00, 0x48, 0x8B, 0xCB, 0xFF, 0x10, 0xEB, 0x0E, 0x48, 0x8B, 0xD3, 0x48,
	0x8B, 0x4C, 0x24, 0x30, 0xE8, 0xD3, 0xFB, 0xFF, 0xFF, 0x90, 0x48, 0x8B,
	0x5C, 0x24, 0x38, 0x48, 0x85, 0xDB, 0x74, 0x2F, 0xB8, 0xFF, 0xFF, 0xFF,
	0xFF, 0xF0, 0x0F, 0xC1, 0x43, 0x08, 0x83, 0xF8, 0x01, 0x75, 0x20, 0x48,
	0x8B, 0x03, 0x48, 0x8B, 0xCB, 0xFF, 0x10, 0xB8, 0xFF, 0xFF, 0xFF, 0xFF,
	0xF0, 0x0F, 0xC1, 0x43, 0x0C, 0x83, 0xF8, 0x01, 0x75, 0x09, 0x48, 0x8B,
	0x03, 0x48, 0x8B, 0xCB, 0xFF, 0x50, 0x08, 0x48, 0x8B, 0xDF, 0x48, 0x85,
	0xFF, 0x0F, 0x85, 0x3D, 0xFF, 0xFF, 0xFF, 0x48, 0x8B, 0x4C, 0x24, 0x40,
	0x48, 0x33, 0xCC, 0xE8, 0x70, 0xA1, 0x00, 0x00, 0x48, 0x8B, 0x5C, 0x24,
	0x68, 0x48, 0x8B, 0x74, 0x24, 0x70, 0x48, 0x83, 0xC4, 0x50, 0x5F, 0xC3,
	0x48, 0x89, 0x5C, 0x24, 0x08, 0x57, 0x48, 0x83, 0xEC, 0x20, 0x8B, 0xDA,
	0x48, 0x8B, 0xF9, 0xE8, 0xBC, 0xF6, 0xFF, 0xFF, 0xF6, 0xC3, 0x01, 0x74,
	0x0D, 0xBA, 0x70, 0x01, 0x00, 0x00, 0x48, 0x8B, 0xCF, 0xE8, 0x86, 0xA5,
	0x00, 0x00, 0x48, 0x8B, 0x5C, 0x24, 0x30, 0x48, 0x8B, 0xC7, 0x48, 0x83,
	0xC4, 0x20, 0x5F, 0xC3, 0xCC, 0xCC, 0xCC, 0xCC, 0xCC, 0xCC, 0xCC, 0xCC,
	0xCC, 0xCC, 0xCC, 0xCC, 0x48, 0x8B, 0x49, 0x08, 0x48, 0x85, 0xC9, 0x74,
	0x16, 0xB8, 0xFF, 0xFF, 0xFF, 0xFF, 0xF0, 0x0F, 0xC1, 0x41, 0x0C, 0x83,
	0xF8, 0x01, 0x75, 0x07, 0x48, 0x8B, 0x01, 0x48, 0xFF, 0x60, 0x08, 0xC3,
	0x40, 0x53, 0x48, 0x83, 0xEC, 0x20, 0x48, 0x8B, 0x59, 0x10, 0x48, 0x85,
	0xDB, 0x74, 0x36, 0x48, 0x89, 0x7C, 0x24, 0x30, 0xBF, 0xFF, 0xFF, 0xFF,
	0xFF, 0x8B, 0xC7, 0xF0, 0x0F, 0xC1, 0x43, 0x08, 0x83, 0xF8, 0x01, 0x75,
	0x1B, 0x48, 0x8B, 0x03, 0x48, 0x8B, 0xCB, 0xFF, 0x10, 0xF0, 0x0F, 0xC1,
	0x7B, 0x0C, 0x83, 0xFF, 0x01, 0x75, 0x09, 0x48, 0x8B, 0x03, 0x48, 0x8B,
	0xCB, 0xFF, 0x50, 0x08, 0x48, 0x8B, 0x7C, 0x24, 0x30, 0x48, 0x83, 0xC4,
	0x20, 0x5B, 0xC3, 0xCC, 0xCC, 0xCC, 0xCC, 0xCC, 0x4C, 0x8B, 0xDC, 0x49,
	0x89, 0x5B, 0x18, 0x49, 0x89, 0x6B, 0x20, 0x56, 0x57, 0x41, 0x56, 0x48,
	0x81, 0xEC, 0x90, 0x00, 0x00, 0x00, 0x48, 0x8B, 0x05, 0xB3, 0x62, 0x01,
	0x00, 0x48, 0x33, 0xC4, 0x48, 0x89, 0x84, 0x24, 0x88, 0x00, 0x00, 0x00,
	0x48, 0x8B, 0xF2, 0x48, 0x8B, 0xF9, 0x49, 0x89, 0x4B, 0x90, 0x49, 0x89,
	0x53, 0xD8, 0x45, 0x33, 0xF6, 0x4D, 0x89, 0x73, 0xD0, 0x48, 0x8B, 0x4A,
	0x38, 0x48, 0x85, 0xC9, 0x74, 0x0E, 0x48, 0x8B, 0x01, 0x49, 0x8D, 0x53,
	0x98, 0xFF, 0x10, 0x48, 0x89, 0x44, 0x24, 0x78, 0x4C, 0x89, 0x77, 0x38,
	0xB9, 0x48, 0x00, 0x00, 0x00, 0xE8, 0x56, 0xA1, 0x00, 0x00, 0x48, 0x8B,
	0xD8, 0x48, 0x89, 0x44, 0x24, 0x28, 0x48, 0x8D, 0x05, 0x77, 0x08, 0x01,
	0x00, 0x48, 0x89, 0x03, 0x48, 0x8D, 0x6B, 0x08, 0x48, 0x89, 0x6C, 0x24,
	0x30, 0x48, 0x89, 0x6C, 0x24, 0x30, 0x4C, 0x89, 0x75, 0x38, 0x48, 0x8B,
	0x4C, 0x24, 0x78, 0x48, 0x85, 0xC9, 0x74, 0x11, 0x48, 0x8B, 0x01, 0x48,
	0x8B, 0xD5, 0xFF, 0x10, 0x48, 0x89, 0x45, 0x38, 0x48, 0x8B, 0x4C, 0x24,
	0x78, 0x48, 0x89, 0x5F, 0x38, 0x48, 0x85, 0xC9, 0x74, 0x12, 0x48, 0x8D,
	0x44, 0x24, 0x40, 0x48, 0x3B, 0xC8, 0x0F, 0x95, 0xC2, 0x48, 0x8B, 0x01,
	0xFF, 0x50, 0x20, 0x90, 0x48, 0x8B, 0x4E, 0x38, 0x48, 0x85, 0xC9, 0x74,
	0x11, 0x48, 0x3B, 0xCE, 0x0F, 0x95, 0xC2, 0x4C, 0x8B, 0x01, 0x41, 0xFF,
	0x50, 0x20, 0x4C, 0x89, 0x76, 0x38, 0x48, 0x8B, 0xC7, 0x48, 0x8B, 0x8C,
	0x24, 0x88, 0x00, 0x00, 0x00, 0x48, 0x33, 0xCC, 0xE8, 0xC7, 0x9F, 0x00,
	0x00, 0x4C, 0x8D, 0x9C, 0x24, 0x90, 0x00, 0x00, 0x00, 0x49, 0x8B, 0x5B,
	0x30, 0x49, 0x8B, 0x6B, 0x38, 0x49, 0x8B, 0xE3, 0x41, 0x5E, 0x5F, 0x5E,
	0xC3, 0xCC, 0xCC, 0xCC, 0xCC, 0xCC, 0xCC, 0xCC, 0xCC, 0xCC, 0xCC, 0xCC,
	0xCC, 0xCC, 0xCC, 0xCC, 0x48, 0x89, 0x5C, 0x24, 0x10, 0x57, 0x48, 0x83,
	0xEC, 0x20, 0x48, 0x8B, 0xD9, 0x48, 0x83, 0xC1, 0x40, 0xE8, 0x4A, 0x47,
	0x00, 0x00, 0x90, 0x48, 0x8D, 0x4B, 0x20, 0xFF, 0x15, 0xEF, 0xD3, 0x00,
	0x00, 0x90, 0x48, 0x8B, 0x4B, 0x18, 0xBF, 0xFF, 0xFF, 0xFF, 0xFF, 0x48,
	0x85, 0xC9, 0x74, 0x12, 0x8B, 0xC7, 0xF0, 0x0F, 0xC1, 0x41, 0x08, 0x83,
	0xF8, 0x01, 0x75, 0x06, 0x48, 0x8B, 0x01, 0xFF, 0x50, 0x08, 0x48, 0xC7,
	0x43, 0x18, 0x00, 0x00, 0x00, 0x00, 0x48, 0x8B, 0x5B, 0x08, 0x48, 0x85,
	0xDB, 0x74, 0x28, 0x8B, 0xC7, 0xF0, 0x0F, 0xC1, 0x43, 0x08, 0x83, 0xF8,
	0x01, 0x75, 0x1C, 0x48, 0x8B, 0x03, 0x48, 0x8B, 0xCB, 0xFF, 0x10, 0xF0,
	0x0F, 0xC1, 0x7B, 0x0C, 0x83, 0xFF, 0x01, 0x75, 0x0A, 0x48, 0x8B, 0x03,
	0x48, 0x8B, 0xCB, 0xFF, 0x50, 0x08, 0x90, 0x48, 0x8B, 0x5C, 0x24, 0x38,
	0x48, 0x83, 0xC4, 0x20, 0x5F, 0xC3, 0xCC, 0xCC, 0xCC, 0xCC, 0xCC, 0xCC,
	0xCC, 0xCC, 0xCC, 0xCC, 0x48, 0x89, 0x5C, 0x24, 0x10, 0x57, 0x48, 0x83,
	0xEC, 0x40, 0x48, 0x8B, 0x05, 0x1F, 0x61, 0x01, 0x00, 0x48, 0x33, 0xC4,
	0x48, 0x89, 0x44, 0x24, 0x30, 0x48, 0x8D, 0x05, 0xB8, 0xFB, 0x00, 0x00,
	0xC6, 0x44, 0x24, 0x28, 0x01, 0x48, 0x89, 0x01, 0x8B, 0xDA, 0x48, 0x8D,
	0x51, 0x08, 0x48, 0x8B, 0xF9, 0x48, 0x8D, 0x05, 0x33, 0xFC, 0x00, 0x00,
	0x0F, 0x57, 0xC0, 0x48, 0x8D, 0x4C, 0x24, 0x20, 0x48, 0x89, 0x44, 0x24,
	0x20, 0x0F, 0x11, 0x02, 0xFF, 0x15, 0xE2, 0xD3, 0x00, 0x00, 0x48, 0x8D,
	0x05, 0xC3, 0x09, 0x01, 0x00, 0x48, 0x89, 0x07, 0x48, 0x8D, 0x05, 0x29,
	0x61, 0x01, 0x00, 0x48, 0x89, 0x47, 0x20, 0x48, 0x8B, 0xC7, 0x89, 0x5F,
	0x18, 0x48, 0x8B, 0x4C, 0x24, 0x30, 0x48, 0x33, 0xCC, 0xE8, 0x9A, 0x9E,
	0x00, 0x00, 0x48, 0x8B, 0x5C, 0x24, 0x58, 0x48, 0x83, 0xC4, 0x40, 0x5F,
	0xC3, 0xCC, 0xCC, 0xCC, 0xCC, 0xCC, 0xCC, 0xCC, 0xCC, 0xCC, 0xCC, 0xCC,
	0xCC, 0xCC, 0xCC, 0xCC, 0x8B, 0x51, 0x18, 0x83, 0xEA, 0x01, 0x74, 0x2A,
	0x83, 0xEA, 0x01, 0x74, 0x1D, 0x83, 0xEA, 0x01, 0x74, 0x10, 0x83, 0xFA,
	0x01, 0x74, 0x03, 0x33, 0xC0, 0xC3, 0x48, 0x8D, 0x05, 0x6F, 0xFC, 0x00,
	0x00, 0xC3, 0x48, 0x8D, 0x05, 0x47, 0xFC, 0x00, 0x00, 0xC3, 0x48, 0x8D,
	0x05, 0x1F, 0xFC, 0x00, 0x00, 0xC3, 0x48, 0x8D, 0x05, 0x07, 0xFC, 0x00,
	0x00, 0xC3, 0xCC, 0xCC, 0xCC, 0xCC, 0xCC, 0xCC, 0x48, 0x89, 0x5C, 0x24,
	0x08, 0x57, 0x48, 0x83, 0xEC, 0x20, 0x48, 0x8D, 0x05, 0xF7, 0xFA, 0x00,
	0x00, 0x48, 0x8B, 0xF9, 0x48, 0x89, 0x01, 0x8B, 0xDA, 0x48, 0x83, 0xC1,
	0x08, 0xFF, 0x15, 0x35, 0xD3, 0x00, 0x00, 0xF6, 0xC3, 0x01, 0x74, 0x0D,
	0xBA, 0x28, 0x00, 0x00, 0x00, 0x48, 0x8B, 0xCF, 0xE8, 0x57, 0xA2, 0x00,
	0x00, 0x48, 0x8B, 0x5C, 0x24, 0x30, 0x48, 0x8B, 0xC7, 0x48, 0x83, 0xC4,
	0x20, 0x5F, 0xC3, 0xCC, 0xCC, 0xCC, 0xCC, 0xCC, 0xCC, 0xCC, 0xCC, 0xCC,
	0xCC, 0xCC, 0xCC, 0xCC, 0x48, 0x83, 0xEC, 0x58, 0x8B, 0xD1, 0x48, 0x8D,
	0x4C, 0x24, 0x20, 0xE8, 0xD0, 0xFE, 0xFF, 0xFF, 0x48, 0x8D, 0x15, 0x59,
	0x43, 0x01, 0x00, 0x48, 0x8D, 0x4C, 0x24, 0x20, 0xE8, 0xA5, 0xAD, 0x00,
	0x00, 0xCC, 0xCC, 0xCC, 0xCC, 0xCC, 0xCC, 0xCC, 0xCC, 0xCC, 0xCC, 0xCC,
	0xCC, 0xCC, 0xCC, 0xCC, 0x48, 0x89, 0x5C, 0x24, 0x08, 0x57, 0x48, 0x83,
	0xEC, 0x20, 0x48, 0x8B, 0xDA, 0x48, 0x8D, 0x05, 0x74, 0xFA, 0x00, 0x00,
	0x48, 0x89, 0x01, 0x48, 0x8D, 0x51, 0x08, 0x48, 0x8B, 0xF9, 0x0F, 0x57,
	0xC0, 0x0F, 0x11, 0x02, 0x48, 0x8D, 0x4B, 0x08, 0xFF, 0x15, 0xB2, 0xD2,
	0x00, 0x00, 0x48, 0x8D, 0x05, 0x93, 0x08, 0x01, 0x00, 0x48, 0x89, 0x07,
	0x48, 0x8B, 0xC7, 0x0F, 0x10, 0x43, 0x18, 0x48, 0x8B, 0x5C, 0x24, 0x30,
	0x0F, 0x11, 0x47, 0x18, 0x48, 0x83, 0xC4, 0x20, 0x5F, 0xC3, 0xCC, 0xCC,
	0x40, 0x53, 0x48, 0x83, 0xEC, 0x20, 0x48, 0x8B, 0xD9, 0x48, 0x8B, 0xC2,
	0x48, 0x8D, 0x0D, 0x25, 0xFA, 0x00, 0x00, 0x0F, 0x57, 0xC0, 0x48, 0x8D,
	0x53, 0x08, 0x48, 0x89, 0x0B, 0x48, 0x8D, 0x48, 0x08, 0x0F, 0x11, 0x02,
	0xFF, 0x15, 0x66, 0xD2, 0x00, 0x00, 0x48, 0x8D, 0x05, 0xDF, 0x06, 0x01,
	0x00, 0x48, 0x89, 0x03, 0x48, 0x8B, 0xC3, 0x48, 0x83, 0xC4, 0x20, 0x5B,
	0xC3, 0xCC, 0xCC, 0xCC, 0x48, 0x8D, 0x05, 0x45, 0xFB, 0x00, 0x00, 0xC3,
	0xCC, 0xCC, 0xCC, 0xCC, 0xCC, 0xCC, 0xCC, 0xCC, 0x48, 0x89, 0x5C, 0x24,
	0x08, 0x57, 0x48, 0x83, 0xEC, 0x30, 0x33, 0xFF, 0x41, 0x8B, 0xC8, 0x48,
	0x8B, 0xDA, 0x83, 0xE9, 0x01, 0x74, 0x56, 0x83, 0xE9, 0x01, 0x74, 0x48,
	0x83, 0xE9, 0x01, 0x74, 0x3A, 0x83, 0xF9, 0x01, 0x74, 0x2C, 0x41, 0x8B,
	0xC8, 0xFF, 0x15, 0x81, 0xD0, 0x00, 0x00, 0x0F, 0x57, 0xC0, 0x49, 0xC7,
	0xC0, 0xFF, 0xFF, 0xFF, 0xFF, 0x0F, 0x11, 0x03, 0x48, 0x89, 0x7B, 0x10,
	0x48, 0x89, 0x7B, 0x18, 0x49, 0xFF, 0xC0, 0x42, 0x38, 0x3C, 0x00, 0x75,
	0xF7, 0x48, 0x8B, 0xD0, 0xEB, 0x47, 0x48, 0x8D, 0x15, 0xD7, 0xFA, 0x00,
	0x00, 0xEB, 0x19, 0x48, 0x8D, 0x15, 0xAE, 0xFA, 0x00, 0x00, 0xEB, 0x10,
	0x48, 0x8D, 0x15, 0x85, 0xFA, 0x00, 0x00, 0xEB, 0x07, 0x48, 0x8D, 0x15,
	0x6C, 0xFA, 0x00, 0x00, 0x0F, 0x57, 0xC0, 0x49, 0xC7, 0xC0, 0xFF, 0xFF,
	0xFF, 0xFF, 0x0F, 0x11, 0x03, 0x48, 0x89, 0x7B, 0x10, 0x48, 0x89, 0x7B,
	0x18, 0x0F, 0x1F, 0x80, 0x00, 0x00, 0x00, 0x00, 0x49, 0xFF, 0xC0, 0x42,
	0x38, 0x3C, 0x02, 0x75, 0xF7, 0x48, 0x8B, 0xCB, 0xE8, 0x9F, 0x5D, 0x00,
	0x00, 0x48, 0x8B, 0xC3, 0x48, 0x8B, 0x5C, 0x24, 0x40, 0x48, 0x83, 0xC4,
	0x30, 0x5F, 0xC3, 0xCC, 0x40, 0x53, 0x48, 0x83, 0xEC, 0x20, 0x48, 0x8B,
	0xD9, 0xF6, 0xC2, 0x01, 0x74, 0x0A, 0xBA, 0x10, 0x00, 0x00, 0x00, 0xE8,
	0xA4, 0xA0, 0x00, 0x00, 0x48, 0x8B, 0xC3, 0x48, 0x83, 0xC4, 0x20, 0x5B,
	0xC3, 0xCC, 0xCC, 0xCC, 0xCC, 0xCC, 0xCC, 0xCC, 0xCC, 0xCC, 0xCC, 0xCC,
	0xCC, 0xCC, 0xCC, 0xCC, 0x48, 0x8B, 0x09, 0x48, 0x85, 0xC9, 0x74, 0x32,
	0xB8, 0xFF, 0xFF, 0xFF, 0xFF, 0xF0, 0x0F, 0xC1, 0x41, 0x08, 0x83, 0xF8,
	0x01, 0x75, 0x23, 0x4C, 0x8B, 0x81, 0xC8, 0x00, 0x00, 0x00, 0x4D, 0x85,
	0xC0, 0x74, 0x0C, 0x49, 0x8B, 0x00, 0x48, 0x8B, 0xD1, 0x49, 0x8B, 0xC8,
	0x48, 0xFF, 0x20, 0x48, 0x8B, 0x01, 0xBA, 0x01, 0x00, 0x00, 0x00, 0x48,
	0xFF, 0x20, 0xC3, 0xCC, 0xCC, 0xCC, 0xCC, 0xCC, 0x40, 0x53, 0x48, 0x83,
	0xEC, 0x20, 0x48, 0x8B, 0xD9, 0x48, 0x83, 0xC1, 0x20, 0xE8, 0x4E, 0x5E,
	0x00, 0x00, 0x48, 0x8B, 0xCB, 0x48, 0x83, 0xC4, 0x20, 0x5B, 0xE9, 0x91,
	0x62, 0x00, 0x00, 0xCC, 0x40, 0x53, 0x48, 0x83, 0xEC, 0x20, 0x48, 0x8B,
	0xD9, 0x48, 0x83, 0xC1, 0x18, 0xE8, 0x8E, 0x43, 0x00, 0x00, 0x48, 0x8D,
	0x4B, 0x08, 0x48, 0x83, 0xC4, 0x20, 0x5B, 0xE9, 0x50, 0x46, 0x00, 0x00,
	0x40, 0x57, 0x48, 0x83, 0xEC, 0x20, 0x8B, 0xF9, 0x44, 0x8B, 0xC1, 0xB9,
	0xFF, 0xFF, 0x1F, 0x00, 0x33, 0xD2, 0xFF, 0x15, 0x40, 0xCE, 0x00, 0x00,
	0x48, 0x8D, 0x50, 0x01, 0x48, 0xF7, 0xC2, 0xFE, 0xFF, 0xFF, 0xFF, 0x0F,
	0x85, 0x11, 0x01, 0x00, 0x00, 0x44, 0x8B, 0xC7, 0x33, 0xD2, 0xB9, 0x38,
	0x04, 0x00, 0x00, 0xFF, 0x15, 0x1F, 0xCE, 0x00, 0x00, 0x48, 0x8D, 0x48,
	0x01, 0x48, 0xF7, 0xC1, 0xFE, 0xFF, 0xFF, 0xFF, 0x0F, 0x85, 0xF0, 0x00,
	0x00, 0x00, 0x44, 0x8B, 0xC7, 0x33, 0xD2, 0xB9, 0x38, 0x10, 0x00, 0x00,
	0xFF, 0x15, 0xFE, 0xCD, 0x00, 0x00, 0x48, 0x8D, 0x48, 0x01, 0x48, 0xF7,
	0xC1, 0xFE, 0xFF, 0xFF, 0xFF, 0x0F, 0x85, 0xCF, 0x00, 0x00, 0x00, 0x44,
	0x8B, 0xC7, 0x48, 0x89, 0x74, 0x24, 0x38, 0x33, 0xD2, 0xB9, 0x10, 0x10,
	0x00, 0x00, 0xFF, 0x15, 0xD8, 0xCD, 0x00, 0x00, 0x48, 0x8B, 0xF0, 0x48,
	0x8D, 0x48, 0xFF, 0x48, 0x83, 0xF9, 0xFD, 0x77, 0x4B, 0x48, 0x8B, 0x0D,
	0x0C, 0xD0, 0x00, 0x00, 0x48, 0x8D, 0x15, 0x9D, 0xFB, 0x00, 0x00, 0xE8,
	0x00, 0x3F, 0x00, 0x00, 0x48, 0x8B, 0xC8, 0x8B, 0xD7, 0xFF, 0x15, 0x45,
	0xCF, 0x00, 0x00, 0x48, 0x8B, 0xC8, 0x48, 0x8D, 0x15, 0x5B, 0xFB, 0x00,
	0x00, 0xE8, 0xE6, 0x3E, 0x00, 0x00, 0x48, 0x8B, 0xC8, 0x48, 0x8D, 0x15,
	0xBC, 0x40, 0x00, 0x00, 0xFF, 0x15, 0x0E, 0xCF, 0x00, 0x00, 0x48, 0x8B,
	0xC6, 0x48, 0x8B, 0x74, 0x24, 0x38, 0x48, 0x83, 0xC4, 0x20, 0x5F, 0xC3,
	0x48, 0x89, 0x5C, 0x24, 0x30, 0xFF, 0x15, 0x05, 0xCD, 0x00, 0x00, 0x48,
	0x8B, 0x0D, 0x4E, 0xCE, 0x00, 0x00, 0x48, 0x8D, 0x15, 0x7F, 0xFB, 0x00,
	0x00, 0x8B, 0xD8, 0xE8, 0xA8, 0x3E, 0x00, 0x00, 0x48, 0x8B, 0xC8, 0x8B,
	0xD7, 0xFF, 0x15, 0xED, 0xCE, 0x00, 0x00, 0x48, 0x8B, 0xC8, 0x48, 0x8D,
	0x15, 0x53, 0xFB, 0x00, 0x00, 0xE8, 0x8E, 0x3E, 0x00, 0x00, 0x48, 0x8B,
	0xC8, 0x8B, 0xD3, 0xFF, 0x15, 0xD3, 0xCE, 0x00, 0x00, 0x48, 0x8B, 0xC8,
	0x48, 0x8D, 0x15, 0x59, 0x40, 0x00, 0x00, 0xFF, 0x15, 0xAB, 0xCE, 0x00,
	0x00, 0x48, 0x8B, 0x5C, 0x24, 0x30, 0x48, 0x8B, 0xC6, 0x48, 0x8B, 0x74,
	0x24, 0x38, 0x48, 0x83, 0xC4, 0x20, 0x5F, 0xC3, 0x48, 0x89, 0x5C, 0x24,
	0x10, 0x48, 0x89, 0x74, 0x24, 0x18, 0x48, 0x89, 0x7C, 0x24, 0x20, 0x55,
	0x41, 0x54, 0x41, 0x55, 0x41, 0x56, 0x41, 0x57, 0x48, 0x8D, 0xAC, 0x24,
	0x00, 0xFE, 0xFF, 0xFF, 0x48, 0x81, 0xEC, 0x00, 0x03, 0x00, 0x00, 0x48,
	0x8B, 0x05, 0x72, 0x5C, 0x01, 0x00, 0x48, 0x33, 0xC4, 0x48, 0x89, 0x85,
	0xF0, 0x01, 0x00, 0x00, 0x4C, 0x8B, 0xF1, 0x45, 0x33, 0xE4, 0x41, 0x8B,
	0xDC, 0x33, 0xD2, 0xB9, 0x02, 0x00, 0x00, 0x00, 0xFF, 0x15, 0xC2, 0xCC,
	0x00, 0x00, 0x4C, 0x8B, 0xF8, 0x48, 0x83, 0xF8, 0xFF, 0x0F, 0x84, 0x36,
	0x04, 0x00, 0x00, 0xC7, 0x45, 0xB0, 0x38, 0x02, 0x00, 0x00, 0x48, 0x8D,
	0x55, 0xB0, 0x48, 0x8B, 0xC8, 0xFF, 0x15, 0x49, 0xCC, 0x00, 0x00, 0x85,
	0xC0, 0x0F, 0x84, 0x09, 0x04, 0x00, 0x00, 0x49, 0xBD, 0xFF, 0xFF, 0xFF,
	0xFF, 0xFF, 0xFF, 0xFF, 0x7F, 0x48, 0x8D, 0x55, 0xDC, 0x48, 0x8D, 0x4D,
	0x90, 0xE8, 0xB2, 0x4E, 0x00, 0x00, 0x90, 0x48, 0x8D, 0x55, 0x90, 0x48,
	0x83, 0x7D, 0xA8, 0x07, 0x48, 0x0F, 0x47, 0x55, 0x90, 0x48, 0x8B, 0x45,
	0xA0, 0x48, 0x8D, 0x34, 0x42, 0x48, 0x8D, 0x7D, 0x90, 0x48, 0x0F, 0x47,
	0x7D, 0x90, 0x0F, 0x57, 0xC0, 0x0F, 0x11, 0x44, 0x24, 0x50, 0x4C, 0x89,
	0x64, 0x24, 0x60, 0x48, 0xC7, 0x44, 0x24, 0x68, 0x0F, 0x00, 0x00, 0x00,
	0x48, 0x3B, 0xFE, 0x75, 0x0A, 0xC6, 0x44, 0x24, 0x50, 0x00, 0xE9, 0xFA,
	0x00, 0x00, 0x00, 0x48, 0x2B, 0xF7, 0x48, 0xD1, 0xFE, 0x49, 0x3B, 0xF5,
	0x0F, 0x87, 0x6D, 0x05, 0x00, 0x00, 0xBB, 0x0F, 0x00, 0x00, 0x00, 0x48,
	0x3B, 0xF3, 0x0F, 0x86, 0x97, 0x00, 0x00, 0x00, 0x48, 0x8B, 0xDE, 0x48,
	0x83, 0xCB, 0x0F, 0x49, 0x3B, 0xDD, 0x76, 0x13, 0x49, 0x8B, 0xDD, 0x48,
	0xB8, 0x00, 0x00, 0x00, 0x00, 0x00, 0x00, 0x00, 0x80, 0x48, 0x83, 0xC0,
	0x27, 0xEB, 0x3B, 0x48, 0x83, 0xFB, 0x16, 0xB8, 0x16, 0x00, 0x00, 0x00,
	0x48, 0x0F, 0x42, 0xD8, 0x48, 0x8D, 0x4B, 0x01, 0x48, 0x85, 0xC9, 0x75,
	0x0F, 0x49, 0x8B, 0xC4, 0x48, 0x89, 0x44, 0x24, 0x50, 0x48, 0x89, 0x5C,
	0x24, 0x68, 0xEB, 0x58, 0x48, 0x81, 0xF9, 0x00, 0x10, 0x00, 0x00, 0x72,
	0x39, 0x48, 0x8D, 0x41, 0x27, 0x48, 0x3B, 0xC1, 0x0F, 0x86, 0x0B, 0x05,
	0x00, 0x00, 0x48, 0x8B, 0xC8, 0xE8, 0x36, 0x9A, 0x00, 0x00, 0x48, 0x8B,
	0xC8, 0x48, 0x85, 0xC0, 0x0F, 0x84, 0x45, 0x02, 0x00, 0x00, 0x48, 0x83,
	0xC0, 0x27, 0x48, 0x83, 0xE0, 0xE0, 0x48, 0x89, 0x48, 0xF8, 0x48, 0x89,
	0x44, 0x24, 0x50, 0x48, 0x89, 0x5C, 0x24, 0x68, 0xEB, 0x16, 0xE8, 0x0D,
	0x9A, 0x00, 0x00, 0x48, 0x89, 0x44, 0x24, 0x50, 0x48, 0x89, 0x5C, 0x24,
	0x68, 0xEB, 0x05, 0x48, 0x8B, 0x44, 0x24, 0x50, 0x4C, 0x8D, 0x44, 0x24,
	0x50, 0x48, 0x83, 0xFB, 0x0F, 0x4C, 0x0F, 0x47, 0xC0, 0x49, 0x8B, 0xC8,
	0x48, 0x8B, 0xD6, 0x48, 0x85, 0xF6, 0x74, 0x1F, 0x0F, 0x1F, 0x40, 0x00,
	0x0F, 0x1F, 0x84, 0x00, 0x00, 0x00, 0x00, 0x00, 0x0F, 0xB6, 0x07, 0x88,
	0x01, 0x48, 0x8D, 0x49, 0x01, 0x48, 0x8D, 0x7F, 0x02, 0x48, 0x83, 0xEA,
	0x01, 0x75, 0xED, 0x48, 0x89, 0x74, 0x24, 0x60, 0x41, 0xC6, 0x04, 0x30,
	0x00, 0x49, 0x8B, 0xD6, 0x48, 0x8D, 0x4C, 0x24, 0x70, 0xE8, 0xB6, 0x4E,
	0x00, 0x00, 0x90, 0x48, 0x8D, 0x7C, 0x24, 0x70, 0x4C, 0x8B, 0x44, 0x24,
	0x70, 0x48, 0x8B, 0x55, 0x88, 0x48, 0x83, 0xFA, 0x0F, 0x49, 0x0F, 0x47,
	0xF8, 0x48, 0x8B, 0x4D, 0x80, 0x48, 0x83, 0xF9, 0x04, 0x72, 0x37, 0x48,
	0x8D, 0x1C, 0x39, 0x41, 0xB9, 0x04, 0x00, 0x00, 0x00, 0x4C, 0x8D, 0x05,
	0x3C, 0xF9, 0x00, 0x00, 0x48, 0x8B, 0xD3, 0x48, 0x8B, 0xCF, 0xE8, 0x49,
	0x98, 0x00, 0x00, 0x48, 0x3B, 0xC3, 0x74, 0x09, 0x48, 0x2B, 0xC7, 0x48,
	0x83, 0xF8, 0xFF, 0x75, 0x54, 0x48, 0x8B, 0x55, 0x88, 0x48, 0x8B, 0x4D,
	0x80, 0x4C, 0x8B, 0x44, 0x24, 0x70, 0x48, 0x8B, 0xC2, 0x48, 0x2B, 0xC1,
	0x48, 0x83, 0xF8, 0x04, 0x72, 0x23, 0x48, 0x8D, 0x41, 0x04, 0x48, 0x89,
	0x45, 0x80, 0x48, 0x8D, 0x44, 0x24, 0x70, 0x48, 0x83, 0xFA, 0x0F, 0x49,
	0x0F, 0x47, 0xC0, 0xC7, 0x04, 0x08, 0x2E, 0x65, 0x78, 0x65, 0xC6, 0x44,
	0x08, 0x04, 0x00, 0xEB, 0x18, 0x48, 0xC7, 0x44, 0x24, 0x20, 0x04, 0x00,
	0x00, 0x00, 0xBA, 0x04, 0x00, 0x00, 0x00, 0x48, 0x8D, 0x4C, 0x24, 0x70,
	0xE8, 0x17, 0x6D, 0x00, 0x00, 0x48, 0x8D, 0x54, 0x24, 0x70, 0x48, 0x83,
	0x7D, 0x88, 0x0F, 0x48, 0x0F, 0x47, 0x54, 0x24, 0x70, 0x48, 0x8D, 0x4C,
	0x24, 0x50, 0x48, 0x83, 0x7C, 0x24, 0x68, 0x0F, 0x48, 0x0F, 0x47, 0x4C,
	0x24, 0x50, 0xFF, 0x15, 0x70, 0xCE, 0x00, 0x00, 0x85, 0xC0, 0x0F, 0x84,
	0x11, 0x01, 0x00, 0x00, 0x49, 0x8B, 0xD6, 0x49, 0x83, 0x7E, 0x18, 0x0F,
	0x76, 0x03, 0x49, 0x8B, 0x16, 0x48, 0x8D, 0x4C, 0x24, 0x50, 0x48, 0x83,
	0x7C, 0x24, 0x68, 0x0F, 0x48, 0x0F, 0x47, 0x4C, 0x24, 0x50, 0xFF, 0x15,
	0x44, 0xCE, 0x00, 0x00, 0x85, 0xC0, 0x0F, 0x84, 0xE5, 0x00, 0x00, 0x00,
	0x4D, 0x8B, 0xC6, 0x49, 0x83, 0x7E, 0x18, 0x0F, 0x76, 0x03, 0x4D, 0x8B,
	0x06, 0x48, 0x8D, 0x7C, 0x24, 0x50, 0x48, 0x83, 0x7C, 0x24, 0x68, 0x0F,
	0x48, 0x0F, 0x47, 0x7C, 0x24, 0x50, 0x4D, 0x8B, 0x4E, 0x10, 0x48, 0x8B,
	0x44, 0x24, 0x60, 0x4C, 0x3B, 0xC8, 0x77, 0x2A, 0x4D, 0x85, 0xC9, 0x0F,
	0x84, 0xB0, 0x00, 0x00, 0x00, 0x48, 0x8D, 0x1C, 0x38, 0x48, 0x8B, 0xD3,
	0x48, 0x8B, 0xCF, 0xE8, 0x48, 0x97, 0x00, 0x00, 0x48, 0x3B, 0xC3, 0x74,
	0x0D, 0x48, 0x2B, 0xC7, 0x48, 0x83, 0xF8, 0xFF, 0x0F, 0x85, 0x8F, 0x00,
	0x00, 0x00, 0x48, 0x8D, 0x4C, 0x24, 0x70, 0xE8, 0xFC, 0x5D, 0x00, 0x00,
	0x90, 0x48, 0x8D, 0x4C, 0x24, 0x50, 0xE8, 0xF1, 0x5D, 0x00, 0x00, 0x90,
	0x48, 0x8B, 0x55, 0xA8, 0x48, 0x83, 0xFA, 0x07, 0x76, 0x36, 0x48, 0x8D,
	0x14, 0x55, 0x02, 0x00, 0x00, 0x00, 0x48, 0x8B, 0x4D, 0x90, 0x48, 0x8B,
	0xC1, 0x48, 0x81, 0xFA, 0x00, 0x10, 0x00, 0x00, 0x72, 0x19, 0x48, 0x83,
	0xC2, 0x27, 0x48, 0x8B, 0x49, 0xF8, 0x48, 0x2B, 0xC1, 0x48, 0x83, 0xE8,
	0x08, 0x48, 0x83, 0xF8, 0x1F, 0x0F, 0x87, 0xEA, 0x00, 0x00, 0x00, 0xE8,
	0x4C, 0x9B, 0x00, 0x00, 0x48, 0x8D, 0x55, 0xB0, 0x49, 0x8B, 0xCF, 0xFF,
	0x15, 0x23, 0xC9, 0x00, 0x00, 0x85, 0xC0, 0x0F, 0x85, 0xEC, 0xFC, 0xFF,
	0xFF, 0x49, 0x8B, 0xCF, 0xFF, 0x15, 0x22, 0xC9, 0x00, 0x00, 0xE9, 0xEE,
	0x00, 0x00, 0x00, 0x4C, 0x89, 0x64, 0x24, 0x20, 0x45, 0x33, 0xC9, 0x45,
	0x33, 0xC0, 0x33, 0xD2, 0x33, 0xC9, 0xFF, 0x15, 0xC0, 0xCC, 0x00, 0x00,
	0x90, 0x8B, 0x5D, 0xB8, 0x48, 0x8D, 0x15, 0x9D, 0xF7, 0x00, 0x00, 0x48,
	0x8B, 0x0D, 0x96, 0xCB, 0x00, 0x00, 0xE8, 0x91, 0x3A, 0x00, 0x00, 0x48,
	0x8D, 0x54, 0x24, 0x50, 0x48, 0x83, 0x7C, 0x24, 0x68, 0x0F, 0x48, 0x0F,
	0x47, 0x54, 0x24, 0x50, 0x4C, 0x8B, 0x44, 0x24, 0x60, 0x48, 0x8B, 0xC8,
	0xE8, 0x43, 0x4F, 0x00, 0x00, 0x48, 0x8D, 0x15, 0x5C, 0xF7, 0x00, 0x00,
	0x48, 0x8B, 0xC8, 0xE8, 0x64, 0x3A, 0x00, 0x00, 0x48, 0x8B, 0xC8, 0x8B,
	0xD3, 0xFF, 0x15, 0xA9, 0xCA, 0x00, 0x00, 0x48, 0x8B, 0xC8, 0x48, 0x8D,
	0x15, 0x2F, 0x3C, 0x00, 0x00, 0xFF, 0x15, 0x81, 0xCA, 0x00, 0x00, 0x90,
	0x48, 0x8D, 0x4C, 0x24, 0x70, 0xE8, 0x0E, 0x5D, 0x00, 0x00, 0x90, 0x48,
	0x8D, 0x4C, 0x24, 0x50, 0xE8, 0x03, 0x5D, 0x00, 0x00, 0x90, 0x48, 0x8B,
	0x55, 0xA8, 0x48, 0x83, 0xFA, 0x07, 0x76, 0x48, 0x48, 0x8D, 0x14, 0x55,
	0x02, 0x00, 0x00, 0x00, 0x48, 0x8B, 0x4D, 0x90, 0x48, 0x8B, 0xC1, 0x48,
	0x81, 0xFA, 0x00, 0x10, 0x00, 0x00, 0x72, 0x2B, 0x48, 0x83, 0xC2, 0x27,
	0x48, 0x8B, 0x49, 0xF8, 0x48, 0x2B, 0xC1, 0x48, 0x83, 0xE8, 0x08, 0x48,
	0x83, 0xF8, 0x1F, 0x76, 0x16, 0x4C, 0x89, 0x64, 0x24, 0x20, 0x45, 0x33,
	0xC9, 0x45, 0x33, 0xC0, 0x33, 0xD2, 0x33, 0xC9, 0xFF, 0x15, 0xFE, 0xCB,
	0x00, 0x00, 0xCC, 0xE8, 0x4C, 0x9A, 0x00, 0x00, 0x49, 0x8B, 0xCF, 0xFF,
	0x15, 0x37, 0xC8, 0x00, 0x00, 0x85, 0xDB, 0x0F, 0x85, 0x8C, 0x01, 0x00,
	0x00, 0x49, 0x8B, 0xCE, 0xE8, 0xC7, 0x01, 0x00, 0x00, 0x8B, 0xD8, 0x85,
	0xC0, 0x0F, 0x85, 0x7A, 0x01, 0x00, 0x00, 0x4D, 0x8B, 0xCE, 0x49, 0x8B,
	0x56, 0x18, 0x48, 0x83, 0xFA, 0x0F, 0x76, 0x03, 0x4D, 0x8B, 0x0E, 0x4D,
	0x8B, 0x46, 0x10, 0x41, 0xBA, 0x6B, 0x00, 0x00, 0x00, 0x49, 0x83, 0xF8,
	0x09, 0x75, 0x23, 0x49, 0x8B, 0x09, 0x48, 0xB8, 0x64, 0x69, 0x61, 0x67,
	0x74, 0x72, 0x61, 0x63, 0x48, 0x2B, 0xC8, 0x75, 0x0C, 0x41, 0x0F, 0xB6,
	0x49, 0x08, 0x41, 0x0F, 0xB6, 0xC2, 0x48, 0x2B, 0xC8, 0x48, 0x85, 0xC9,
	0x74, 0x34, 0x49, 0x8B, 0xC6, 0x48, 0x83, 0xFA, 0x0F, 0x76, 0x03, 0x49,
	0x8B, 0x06, 0x49, 0x83, 0xF8, 0x09, 0x75, 0x5C, 0x48, 0x8B, 0x08, 0x49,
	0xB9, 0x44, 0x69, 0x61, 0x67, 0x54, 0x72, 0x61, 0x63, 0x49, 0x2B, 0xC9,
	0x75, 0x0B, 0x0F, 0xB6, 0x48, 0x08, 0x41, 0x0F, 0xB6, 0xC2, 0x48, 0x2B,
	0xC8, 0x48, 0x85, 0xC9, 0x75, 0x3A, 0x0F, 0x57, 0xC0, 0x0F, 0x11, 0x44,
	0x24, 0x30, 0x0F, 0x57, 0xC9, 0xF3, 0x0F, 0x7F, 0x4C, 0x24, 0x40, 0x41,
	0xB8, 0x28, 0x00, 0x00, 0x00, 0x48, 0x8D, 0x15, 0x58, 0xF6, 0x00, 0x00,
	0x48, 0x8D, 0x4C, 0x24, 0x30, 0xE8, 0x5E, 0x56, 0x00, 0x00, 0x90, 0x48,
	0x8D, 0x4C, 0x24, 0x30, 0xE8, 0xB3, 0xFA, 0xFF, 0xFF, 0x8B, 0xD8, 0xE9,
	0xBF, 0x00, 0x00, 0x00, 0x49, 0x8B, 0xC6, 0x48, 0x83, 0xFA, 0x0F, 0x76,
	0x03, 0x49, 0x8B, 0x06, 0x49, 0x83, 0xF8, 0x06, 0x75, 0x50, 0x8B, 0x08,
	0x81, 0xE9, 0x70, 0x63, 0x61, 0x73, 0x75, 0x0B, 0x0F, 0xB7, 0x48, 0x04,
	0xB8, 0x76, 0x63, 0x00, 0x00, 0x2B, 0xC8, 0x85, 0xC9, 0x75, 0x37, 0x0F,
	0x57, 0xC0, 0x0F, 0x11, 0x44, 0x24, 0x30, 0x0F, 0x57, 0xC9, 0xF3, 0x0F,
	0x7F, 0x4C, 0x24, 0x40, 0x41, 0xB8, 0x06, 0x00, 0x00, 0x00, 0x48, 0x8D,
	0x15, 0x1F, 0xF6, 0x00, 0x00, 0x48, 0x8D, 0x4C, 0x24, 0x30, 0xE8, 0xF9,
	0x55, 0x00, 0x00, 0x90, 0x48, 0x8D, 0x4C, 0x24, 0x30, 0xE8, 0x4E, 0xFA,
	0xFF, 0xFF, 0x8B, 0xD8, 0xEB, 0x5D, 0x48, 0x83, 0xFA, 0x0F, 0x76, 0x03,
	0x4D, 0x8B, 0x36, 0x49, 0x83, 0xF8, 0x03, 0x75, 0x58, 0x41, 0x0F, 0xB7,
	0x0E, 0xB8, 0x44, 0x70, 0x00, 0x00, 0x2B, 0xC8, 0x75, 0x08, 0x41, 0x0F,
	0xB6, 0x4E, 0x02, 0x83, 0xE9, 0x73, 0x85, 0xC9, 0x75, 0x3F, 0x0F, 0x57,
	0xC0, 0x0F, 0x11, 0x44, 0x24, 0x30, 0x0F, 0x57, 0xC9, 0xF3, 0x0F, 0x7F,
	0x4C, 0x24, 0x40, 0x41, 0xB8, 0x03, 0x00, 0x00, 0x00, 0x48, 0x8D, 0x15,
	0xCC, 0xF5, 0x00, 0x00, 0x48, 0x8D, 0x4C, 0x24, 0x30, 0xE8, 0x9A, 0x55,
	0x00, 0x00, 0x90, 0x48, 0x8D, 0x4C, 0x24, 0x30, 0xE8, 0xEF, 0xF9, 0xFF,
	0xFF, 0x8B, 0xD8, 0x48, 0x8D, 0x4C, 0x24, 0x30, 0xE8, 0x13, 0x5B, 0x00,
	0x00, 0x8B, 0xC3, 0x48, 0x8B, 0x8D, 0xF0, 0x01, 0x00, 0x00, 0x48, 0x33,
	0xCC, 0xE8, 0x52, 0x94, 0x00, 0x00, 0x4C, 0x8D, 0x9C, 0x24, 0x00, 0x03,
	0x00, 0x00, 0x49, 0x8B, 0x5B, 0x38, 0x49, 0x8B, 0x73, 0x40, 0x49, 0x8B,
	0x7B, 0x48, 0x49, 0x8B, 0xE3, 0x41, 0x5F, 0x41, 0x5E, 0x41, 0x5D, 0x41,
	0x5C, 0x5D, 0xC3, 0xE8, 0x2C, 0xDC, 0xFF, 0xFF, 0x90, 0xE8, 0x86, 0xDB,
	0xFF, 0xFF, 0xCC, 0xCC, 0xCC, 0xCC, 0xCC, 0xCC, 0x48, 0x89, 0x5C, 0x24,
	0x10, 0x48, 0x89, 0x74, 0x24, 0x18, 0x57, 0x48, 0x83, 0xEC, 0x70, 0x48,
	0x8B, 0x05, 0x2A, 0x56, 0x01, 0x00, 0x48, 0x33, 0xC4, 0x48, 0x89, 0x44,
	0x24, 0x60, 0x48, 0x8B, 0xD9, 0x33, 0xD2, 0x33, 0xC9, 0x41, 0xB8, 0x3F,
	0x00, 0x0F, 0x00, 0x33, 0xFF, 0xFF, 0x15, 0xE5, 0xC5, 0x00, 0x00, 0x48,
	0x8B, 0xF0, 0x48, 0x85, 0xC0, 0x74, 0x5D, 0x48, 0x83, 0x7B, 0x18, 0x0F,
	0x76, 0x03, 0x48, 0x8B, 0x1B, 0x41, 0xB8, 0x05, 0x00, 0x00, 0x00, 0x48,
	0x8B, 0xD3, 0x48, 0x8B, 0xCE, 0xFF, 0x15, 0xD9, 0xC5, 0x00, 0x00, 0x48,
	0x8B, 0xD8, 0x48, 0x85, 0xC0, 0x74, 0x30, 0x48, 0x8D, 0x44, 0x24, 0x30,
	0x41, 0xB9, 0x24, 0x00, 0x00, 0x00, 0x4C, 0x8D, 0x44, 0x24, 0x38, 0x48,
	0x89, 0x44, 0x24, 0x20, 0x33, 0xD2, 0x48, 0x8B, 0xCB, 0xFF, 0x15, 0xA9,
	0xC5, 0x00, 0x00, 0x85, 0xC0, 0x48, 0x8B, 0xCB, 0x0F, 0x45, 0x7C, 0x24,
	0x54, 0xFF, 0x15, 0x81, 0xC5, 0x00, 0x00, 0x48, 0x8B, 0xCE, 0xFF, 0x15,
	0x78, 0xC5, 0x00, 0x00, 0x8B, 0xC7, 0x48, 0x8B, 0x4C, 0x24, 0x60, 0x48,
	0x33, 0xCC, 0xE8, 0x79, 0x93, 0x00, 0x00, 0x4C, 0x8D, 0x5C, 0x24, 0x70,
	0x49, 0x8B, 0x5B, 0x18, 0x49, 0x8B, 0x73, 0x20, 0x49, 0x8B, 0xE3, 0x5F,
	0xC3, 0xCC, 0xCC, 0xCC, 0xCC, 0xCC, 0xCC, 0xCC, 0x48, 0x89, 0x5C, 0x24,
	0x10, 0x48, 0x89, 0x74, 0x24, 0x18, 0x55, 0x57, 0x41, 0x54, 0x41, 0x56,
	0x41, 0x57, 0x48, 0x8D, 0x6C, 0x24, 0xC9, 0x48, 0x81, 0xEC, 0xC0, 0x00,
	0x00, 0x00, 0x48, 0x8B, 0xF2, 0x4C, 0x8B, 0xF1, 0x48, 0x89, 0x4D, 0x2F,
	0x45, 0x33, 0xE4, 0x44, 0x89, 0x65, 0x27, 0x0F, 0x57, 0xC0, 0x0F, 0x11,
	0x01, 0x4C, 0x89, 0x21, 0x4C, 0x89, 0x61, 0x08, 0x4C, 0x89, 0x61, 0x10,
	0xC7, 0x45, 0x27, 0x01, 0x00, 0x00, 0x00, 0x0F, 0x57, 0xC9, 0xF3, 0x0F,
	0x7F, 0x4D, 0x0F, 0x41, 0x8B, 0xCC, 0x48, 0x89, 0x4D, 0x1F, 0x48, 0x83,
	0x7A, 0x18, 0x0F, 0x76, 0x0B, 0x48, 0x8B, 0x12, 0x4C, 0x8B, 0xC2, 0x48,
	0x8B, 0xDA, 0xEB, 0x06, 0x48, 0x8B, 0xDE, 0x4C, 0x8B, 0xC6, 0x48, 0x8B,
	0x7E, 0x10, 0x49, 0x03, 0xF8, 0x48, 0x3B, 0xD7, 0x74, 0x3F, 0x48, 0x8B,
	0x55, 0x17, 0x66, 0x90, 0x0F, 0xB6, 0x03, 0x88, 0x45, 0xA7, 0x48, 0x3B,
	0xD1, 0x74, 0x0F, 0x88, 0x02, 0x48, 0x8B, 0x55, 0x17, 0x48, 0xFF, 0xC2,
	0x48, 0x89, 0x55, 0x17, 0xEB, 0x11, 0x4C, 0x8D, 0x45, 0xA7, 0x48, 0x8D,
	0x4D, 0x0F, 0xE8, 0xB9, 0x61, 0x00, 0x00, 0x48, 0x8B, 0x55, 0x17, 0x48,
	0xFF, 0xC3, 0x48, 0x3B, 0xDF, 0x74, 0x06, 0x48, 0x8B, 0x4D, 0x1F, 0xEB,
	0xC7, 0x4D, 0x8B, 0x7E, 0x08, 0x4D, 0x3B, 0x7E, 0x10, 0x74, 0x45, 0x4D,
	0x89, 0x27, 0x4D, 0x89, 0x67, 0x08, 0x4D, 0x89, 0x67, 0x10, 0x48, 0x8B,
	0x55, 0x17, 0x48, 0x2B, 0x55, 0x0F, 0x74, 0x29, 0x49, 0x8B, 0xCF, 0xE8,
	0x70, 0x6F, 0x00, 0x00, 0x49, 0x8B, 0x3F, 0x48, 0x8B, 0x5D, 0x17, 0x48,
	0x8B, 0x55, 0x0F, 0x48, 0x2B, 0xDA, 0x4C, 0x8B, 0xC3, 0x48, 0x8B, 0xCF,
	0xE8, 0x5E, 0xA3, 0x00, 0x00, 0x48, 0x8D, 0x04, 0x1F, 0x49, 0x89, 0x47,
	0x08, 0x49, 0x83, 0x46, 0x08, 0x18, 0xEB, 0x0F, 0x4C, 0x8D, 0x45, 0x0F,
	0x49, 0x8B, 0xD7, 0x49, 0x8B, 0xCE, 0xE8, 0xE9, 0x5D, 0x00, 0x00, 0x0F,
	0x57, 0xC9, 0xF3, 0x0F, 0x7F, 0x4D, 0xF7, 0x49, 0x8B, 0xCC, 0x48, 0x89,
	0x4D, 0x07, 0x48, 0x83, 0x7E, 0x18, 0x0F, 0x76, 0x0B, 0x48, 0x8B, 0x16,
	0x4C, 0x8B, 0xC2, 0x48, 0x8B, 0xDA, 0xEB, 0x09, 0x48, 0x8B, 0xD6, 0x48,
	0x8B, 0xDE, 0x4C, 0x8B, 0xC6, 0x48, 0x8B, 0x7E, 0x10, 0x49, 0x03, 0xF8,
	0x48, 0x3B, 0xD7, 0x74, 0x3D, 0x48, 0x8B, 0x55, 0xFF, 0x0F, 0xB6, 0x03,
	0x88, 0x45, 0xA7, 0x48, 0x3B, 0xD1, 0x74, 0x0F, 0x88, 0x02, 0x48, 0x8B,
	0x55, 0xFF, 0x48, 0xFF, 0xC2, 0x48, 0x89, 0x55, 0xFF, 0xEB, 0x11, 0x4C,
	0x8D, 0x45, 0xA7, 0x48, 0x8D, 0x4D, 0xF7, 0xE8, 0xE8, 0x60, 0x00, 0x00,
	0x48, 0x8B, 0x55, 0xFF, 0x48, 0xFF, 0xC3, 0x48, 0x3B, 0xDF, 0x74, 0x06,
	0x48, 0x8B, 0x4D, 0x07, 0xEB, 0xC7, 0x4D, 0x8B, 0x7E, 0x08, 0x4D, 0x3B,
	0x7E, 0x10, 0x74, 0x45, 0x4D, 0x89, 0x27, 0x4D, 0x89, 0x67, 0x08, 0x4D,
	0x89, 0x67, 0x10, 0x48, 0x8B, 0x55, 0xFF, 0x48, 0x2B, 0x55, 0xF7, 0x74,
	0x29, 0x49, 0x8B, 0xCF, 0xE8, 0x9F, 0x6E, 0x00, 0x00, 0x49, 0x8B, 0x3F,
	0x48, 0x8B, 0x5D, 0xFF, 0x48, 0x8B, 0x55, 0xF7, 0x48, 0x2B, 0xDA, 0x4C,
	0x8B, 0xC3, 0x48, 0x8B, 0xCF, 0xE8, 0x8D, 0xA2, 0x00, 0x00, 0x48, 0x8D,
	0x04, 0x1F, 0x49, 0x89, 0x47, 0x08, 0x49, 0x83, 0x46, 0x08, 0x18, 0xEB,
	0x0F, 0x4C, 0x8D, 0x45, 0xF7, 0x49, 0x8B, 0xD7, 0x49, 0x8B, 0xCE, 0xE8,
	0x18, 0x5D, 0x00, 0x00, 0x0F, 0x57, 0xC9, 0xF3, 0x0F, 0x7F, 0x4D, 0xC7,
	0x49, 0x8B, 0xD4, 0x48, 0x89, 0x55, 0xD7, 0x48, 0x83, 0x7E, 0x18, 0x0F,
	0x76, 0x0B, 0x48, 0x8B, 0x0E, 0x4C, 0x8B, 0xC1, 0x48, 0x8B, 0xD9, 0xEB,
	0x09, 0x48, 0x8B, 0xCE, 0x48, 0x8B, 0xDE, 0x4C, 0x8B, 0xC6, 0x48, 0x8B,
	0x7E, 0x10, 0x49, 0x03, 0xF8, 0x48, 0x3B, 0xCF, 0x74, 0x75, 0xC6, 0x45,
	0xA8, 0x00, 0x48, 0x8B, 0x45, 0xCF, 0x66, 0x66, 0x0F, 0x1F, 0x84, 0x00,
	0x00, 0x00, 0x00, 0x00, 0x0F, 0xB6, 0x0B, 0x88, 0x4D, 0xA7, 0x48, 0x3B,
	0xC2, 0x74, 0x0F, 0x88, 0x08, 0x48, 0x8B, 0x55, 0xCF, 0x48, 0xFF, 0xC2,
	0x48, 0x89, 0x55, 0xCF, 0xEB, 0x14, 0x4C, 0x8D, 0x45, 0xA7, 0x48, 0x8B,
	0xD0, 0x48, 0x8D, 0x4D, 0xC7, 0xE8, 0x06, 0x60, 0x00, 0x00, 0x48, 0x8B,
	0x55, 0xCF, 0x48, 0x3B, 0x55, 0xD7, 0x74, 0x10, 0xC6, 0x02, 0x00, 0x48,
	0x8B, 0x45, 0xCF, 0x48, 0xFF, 0xC0, 0x48, 0x89, 0x45, 0xCF, 0xEB, 0x11,
	0x4C, 0x8D, 0x45, 0xA8, 0x48, 0x8D, 0x4D, 0xC7, 0xE8, 0xDF, 0x5F, 0x00,
	0x00, 0x48, 0x8B, 0x45, 0xCF, 0x48, 0xFF, 0xC3, 0x48, 0x3B, 0xDF, 0x74,
	0x06, 0x48, 0x8B, 0x55, 0xD7, 0xEB, 0x9D, 0x4D, 0x8B, 0x7E, 0x08, 0x4D,
	0x3B, 0x7E, 0x10, 0x74, 0x45, 0x4D, 0x89, 0x27, 0x4D, 0x89, 0x67, 0x08,
	0x4D, 0x89, 0x67, 0x10, 0x48, 0x8B, 0x55, 0xCF, 0x48, 0x2B, 0x55, 0xC7,
	0x74, 0x29, 0x49, 0x8B, 0xCF, 0xE8, 0x96, 0x6D, 0x00, 0x00, 0x49, 0x8B,
	0x3F, 0x48, 0x8B, 0x5D, 0xCF, 0x48, 0x8B, 0x55, 0xC7, 0x48, 0x2B, 0xDA,
	0x4C, 0x8B, 0xC3, 0x48, 0x8B, 0xCF, 0xE8, 0x84, 0xA1, 0x00, 0x00, 0x48,
	0x8D, 0x04, 0x1F, 0x49, 0x89, 0x47, 0x08, 0x49, 0x83, 0x46, 0x08, 0x18,
	0xEB, 0x0F, 0x4C, 0x8D, 0x45, 0xC7, 0x49, 0x8B, 0xD7, 0x49, 0x8B, 0xCE,
	0xE8, 0x0F, 0x5C, 0x00, 0x00, 0x0F, 0x57, 0xC9, 0xF3, 0x0F, 0x7F, 0x4D,
	0xAF, 0x49, 0x8B, 0xCC, 0x48, 0x89, 0x4D, 0xBF, 0x48, 0x83, 0x7E, 0x18,
	0x0F, 0x76, 0x0B, 0x48, 0x8B, 0x16, 0x4C, 0x8B, 0xC2, 0x48, 0x8B, 0xDA,
	0xEB, 0x09, 0x48, 0x8B, 0xD6, 0x48, 0x8B, 0xDE, 0x4C, 0x8B, 0xC6, 0x4C,
	0x8B, 0x7E, 0x10, 0x4D, 0x03, 0xF8, 0x49, 0x3B, 0xD7, 0x74, 0x6E, 0xC6,
	0x45, 0xA8, 0x00, 0x48, 0x8B, 0x45, 0xB7, 0x90, 0x0F, 0xB6, 0x3B, 0x48,
	0x3B, 0xC1, 0x74, 0x10, 0xC6, 0x00, 0x00, 0x48, 0x8B, 0x55, 0xB7, 0x48,
	0xFF, 0xC2, 0x48, 0x89, 0x55, 0xB7, 0xEB, 0x14, 0x4C, 0x8D, 0x45, 0xA8,
	0x48, 0x8B, 0xD0, 0x48, 0x8D, 0x4D, 0xAF, 0xE8, 0x08, 0x5F, 0x00, 0x00,
	0x48, 0x8B, 0x55, 0xB7, 0x40, 0x88, 0x7D, 0xA7, 0x48, 0x3B, 0x55, 0xBF,
	0x74, 0x10, 0x40, 0x88, 0x3A, 0x48, 0x8B, 0x45, 0xB7, 0x48, 0xFF, 0xC0,
	0x48, 0x89, 0x45, 0xB7, 0xEB, 0x11, 0x4C, 0x8D, 0x45, 0xA7, 0x48, 0x8D,
	0x4D, 0xAF, 0xE8, 0xDD, 0x5E, 0x00, 0x00, 0x48, 0x8B, 0x45, 0xB7, 0x48,
	0xFF, 0xC3, 0x49, 0x3B, 0xDF, 0x74, 0x06, 0x48, 0x8B, 0x4D, 0xBF, 0xEB,
	0x9B, 0x4D, 0x8B, 0x7E, 0x08, 0x4D, 0x3B, 0x7E, 0x10, 0x74, 0x45, 0x4D,
	0x89, 0x27, 0x4D, 0x89, 0x67, 0x08, 0x4D, 0x89, 0x67, 0x10, 0x48, 0x8B,
	0x55, 0xB7, 0x48, 0x2B, 0x55, 0xAF, 0x74, 0x29, 0x49, 0x8B, 0xCF, 0xE8,
	0x94, 0x6C, 0x00, 0x00, 0x49, 0x8B, 0x3F, 0x48, 0x8B, 0x5D, 0xB7, 0x48,
	0x8B, 0x55, 0xAF, 0x48, 0x2B, 0xDA, 0x4C, 0x8B, 0xC3, 0x48, 0x8B, 0xCF,
	0xE8, 0x82, 0xA0, 0x00, 0x00, 0x48, 0x8D, 0x04, 0x1F, 0x49, 0x89, 0x47,
	0x08, 0x49, 0x83, 0x46, 0x08, 0x18, 0xEB, 0x0F, 0x4C, 0x8D, 0x45, 0xAF,
	0x49, 0x8B, 0xD7, 0x49, 0x8B, 0xCE, 0xE8, 0x0D, 0x5B, 0x00, 0x00, 0x0F,
	0x57, 0xC9, 0xF3, 0x0F, 0x7F, 0x4D, 0xDF, 0x49, 0x8B, 0xCC, 0x48, 0x89,
	0x4D, 0xEF, 0x48, 0x8B, 0xD6, 0x48, 0x83, 0x7E, 0x18, 0x0F, 0x76, 0x0B,
	0x48, 0x8B, 0x16, 0x4C, 0x8B, 0xC2, 0x48, 0x8B, 0xDA, 0xEB, 0x06, 0x48,
	0x8B, 0xDE, 0x4C, 0x8B, 0xC6, 0x48, 0x8B, 0x7E, 0x10, 0x49, 0x03, 0xF8,
	0x48, 0x3B, 0xD7, 0x74, 0x40, 0x48, 0x8B, 0x55, 0xE7, 0x0F, 0x1F, 0x00,
	0x0F, 0xB6, 0x03, 0x88, 0x45, 0xA8, 0x48, 0x3B, 0xD1, 0x74, 0x0F, 0x88,
	0x02, 0x48, 0x8B, 0x55, 0xE7, 0x48, 0xFF, 0xC2, 0x48, 0x89, 0x55, 0xE7,
	0xEB, 0x11, 0x4C, 0x8D, 0x45, 0xA8, 0x48, 0x8D, 0x4D, 0xDF, 0xE8, 0x09,
	0x5E, 0x00, 0x00, 0x48, 0x8B, 0x55, 0xE7, 0x48, 0xFF, 0xC3, 0x48, 0x3B,
	0xDF, 0x74, 0x06, 0x48, 0x8B, 0x4D, 0xEF, 0xEB, 0xC7, 0x49, 0x8B, 0x76,
	0x08, 0x49, 0x3B, 0x76, 0x10, 0x74, 0x4C, 0x4C, 0x89, 0x26, 0x4C, 0x89,
	0x66, 0x08, 0x4C, 0x89, 0x66, 0x10, 0x48, 0x8B, 0x55, 0xE7, 0x48, 0x8B,
	0x4D, 0xDF, 0x48, 0x2B, 0xD1, 0x74, 0x2D, 0x48, 0x8B, 0xCE, 0xE8, 0xBD,
	0x6B, 0x00, 0x00, 0x48, 0x8B, 0x3E, 0x48, 0x8B, 0x5D, 0xE7, 0x48, 0x8B,
	0x55, 0xDF, 0x48, 0x2B, 0xDA, 0x4C, 0x8B, 0xC3, 0x48, 0x8B, 0xCF, 0xE8,
	0xAB, 0x9F, 0x00, 0x00, 0x48, 0x8D, 0x04, 0x1F, 0x48, 0x89, 0x46, 0x08,
	0x48, 0x8B, 0x4D, 0xDF, 0x49, 0x83, 0x46, 0x08, 0x18, 0xEB, 0x13, 0x4C,
	0x8D, 0x45, 0xDF, 0x48, 0x8B, 0xD6, 0x49, 0x8B, 0xCE, 0xE8, 0x32, 0x5A,
	0x00, 0x00, 0x48, 0x8B, 0x4D, 0xDF, 0x48, 0x85, 0xC9, 0x74, 0x4F, 0x48,
	0x8B, 0x55, 0xEF, 0x48, 0x2B, 0xD1, 0x48, 0x8B, 0xC1, 0x48, 0x81, 0xFA,
	0x00, 0x10, 0x00, 0x00, 0x72, 0x2B, 0x48, 0x83, 0xC2, 0x27, 0x48, 0x8B,
	0x49, 0xF8, 0x48, 0x2B, 0xC1, 0x48, 0x83, 0xE8, 0x08, 0x48, 0x83, 0xF8,
	0x1F, 0x76, 0x16, 0x4C, 0x89, 0x64, 0x24, 0x20, 0x45, 0x33, 0xC9, 0x45,
	0x33, 0xC0, 0x33, 0xD2, 0x33, 0xC9, 0xFF, 0x15, 0x44, 0xC4, 0x00, 0x00,
	0xCC, 0xE8, 0x92, 0x92, 0x00, 0x00, 0x0F, 0x57, 0xC0, 0xF3, 0x0F, 0x7F,
	0x45, 0xDF, 0x4C, 0x89, 0x65, 0xEF, 0x48, 0x8B, 0x4D, 0xAF, 0x48, 0x85,
	0xC9, 0x74, 0x4F, 0x48, 0x8B, 0x55, 0xBF, 0x48, 0x2B, 0xD1, 0x48, 0x8B,
	0xC1, 0x48, 0x81, 0xFA, 0x00, 0x10, 0x00, 0x00, 0x72, 0x2B, 0x48, 0x83,
	0xC2, 0x27, 0x48, 0x8B, 0x49, 0xF8, 0x48, 0x2B, 0xC1, 0x48, 0x83, 0xE8,
	0x08, 0x48, 0x83, 0xF8, 0x1F, 0x76, 0x16, 0x4C, 0x89, 0x64, 0x24, 0x20,
	0x45, 0x33, 0xC9, 0x45, 0x33, 0xC0, 0x33, 0xD2, 0x33, 0xC9, 0xFF, 0x15,
	0xEC, 0xC3, 0x00, 0x00, 0xCC, 0xE8, 0x3A, 0x92, 0x00, 0x00, 0x0F, 0x57,
	0xC0, 0xF3, 0x0F, 0x7F, 0x45, 0xAF, 0x4C, 0x89, 0x65, 0xBF, 0x48, 0x8B,
	0x4D, 0xC7, 0x48, 0x85, 0xC9, 0x74, 0x4F, 0x48, 0x8B, 0x55, 0xD7, 0x48,
	0x2B, 0xD1, 0x48, 0x8B, 0xC1, 0x48, 0x81, 0xFA, 0x00, 0x10, 0x00, 0x00,
	0x72, 0x2B, 0x48, 0x83, 0xC2, 0x27, 0x48, 0x8B, 0x49, 0xF8, 0x48, 0x2B,
	0xC1, 0x48, 0x83, 0xE8, 0x08, 0x48, 0x83, 0xF8, 0x1F, 0x76, 0x16, 0x4C,
	0x89, 0x64, 0x24, 0x20, 0x45, 0x33, 0xC9, 0x45, 0x33, 0xC0, 0x33, 0xD2,
	0x33, 0xC9, 0xFF, 0x15, 0x94, 0xC3, 0x00, 0x00, 0xCC, 0xE8, 0xE2, 0x91,
	0x00, 0x00, 0x0F, 0x57, 0xC0, 0xF3, 0x0F, 0x7F, 0x45, 0xC7, 0x4C, 0x89,
	0x65, 0xD7, 0x48, 0x8B, 0x4D, 0xF7, 0x48, 0x85, 0xC9, 0x74, 0x4F, 0x48,
	0x8B, 0x55, 0x07, 0x48, 0x2B, 0xD1, 0x48, 0x8B, 0xC1, 0x48, 0x81, 0xFA,
	0x00, 0x10, 0x00, 0x00, 0x72, 0x2B, 0x48, 0x83, 0xC2, 0x27, 0x48, 0x8B,
	0x49, 0xF8, 0x48, 0x2B, 0xC1, 0x48, 0x83, 0xE8, 0x08, 0x48, 0x83, 0xF8,
	0x1F, 0x76, 0x16, 0x4C, 0x89, 0x64, 0x24, 0x20, 0x45, 0x33, 0xC9, 0x45,
	0x33, 0xC0, 0x33, 0xD2, 0x33, 0xC9, 0xFF, 0x15, 0x3C, 0xC3, 0x00, 0x00,
	0xCC, 0xE8, 0x8A, 0x91, 0x00, 0x00, 0x0F, 0x57, 0xC0, 0xF3, 0x0F, 0x7F,
	0x45, 0xF7, 0x4C, 0x89, 0x65, 0x07, 0x48, 0x8B, 0x4D, 0x0F, 0x48, 0x85,
	0xC9, 0x74, 0x43, 0x48, 0x8B, 0x55, 0x1F, 0x48, 0x2B, 0xD1, 0x48, 0x8B,
	0xC1, 0x48, 0x81, 0xFA, 0x00, 0x10, 0x00, 0x00, 0x72, 0x2B, 0x48, 0x83,
	0xC2, 0x27, 0x48, 0x8B, 0x49, 0xF8, 0x48, 0x2B, 0xC1, 0x48, 0x83, 0xE8,
	0x08, 0x48, 0x83, 0xF8, 0x1F, 0x76, 0x16, 0x4C, 0x89, 0x64, 0x24, 0x20,
	0x45, 0x33, 0xC9, 0x45, 0x33, 0xC0, 0x33, 0xD2, 0x33, 0xC9, 0xFF, 0x15,
	0xE4, 0xC2, 0x00, 0x00, 0xCC, 0xE8, 0x32, 0x91, 0x00, 0x00, 0x49, 0x8B,
	0xC6, 0x4C, 0x8D, 0x9C, 0x24, 0xC0, 0x00, 0x00, 0x00, 0x49, 0x8B, 0x5B,
	0x38, 0x49, 0x8B, 0x73, 0x40, 0x49, 0x8B, 0xE3, 0x41, 0x5F, 0x41, 0x5E,
	0x41, 0x5C, 0x5F, 0x5D, 0xC3, 0xCC, 0xCC, 0xCC, 0xCC, 0xCC, 0xCC, 0xCC,
	0x48, 0x89, 0x5C, 0x24, 0x20, 0x55, 0x56, 0x57, 0x41, 0x54, 0x41, 0x55,
	0x41, 0x56, 0x41, 0x57, 0x48, 0x8D, 0x6C, 0x24, 0xA0, 0x48, 0x81, 0xEC,
	0x60, 0x01, 0x00, 0x00, 0x48, 0x8B, 0x05, 0xBD, 0x4E, 0x01, 0x00, 0x48,
	0x33, 0xC4, 0x48, 0x89, 0x45, 0x58, 0x4C, 0x89, 0x44, 0x24, 0x68, 0x8B,
	0xFA, 0x48, 0x8B, 0xF1, 0x48, 0x89, 0x4C, 0x24, 0x70, 0x48, 0x89, 0x4D,
	0x90, 0xC7, 0x44, 0x24, 0x34, 0x00, 0x00, 0x00, 0x00, 0x0F, 0x57, 0xC0,
	0x0F, 0x11, 0x01, 0x0F, 0x11, 0x41, 0x10, 0x0F, 0x11, 0x41, 0x20, 0x0F,
	0x11, 0x41, 0x30, 0xC7, 0x01, 0x00, 0x00, 0x00, 0x00, 0x48, 0xC7, 0x41,
	0x08, 0x00, 0x00, 0x00, 0x00, 0x48, 0xC7, 0x41, 0x10, 0x00, 0x00, 0x00,
	0x00, 0xB9, 0x38, 0x00, 0x00, 0x00, 0xE8, 0x51, 0x8D, 0x00, 0x00, 0x48,
	0x89, 0x00, 0x48, 0x89, 0x40, 0x08, 0x48, 0x89, 0x46, 0x08, 0x48, 0xC7,
	0x46, 0x18, 0x00, 0x00, 0x00, 0x00, 0x48, 0xC7, 0x46, 0x20, 0x00, 0x00,
	0x00, 0x00, 0x48, 0xC7, 0x46, 0x28, 0x00, 0x00, 0x00, 0x00, 0x48, 0xC7,
	0x46, 0x30, 0x07, 0x00, 0x00, 0x00, 0x48, 0xC7, 0x46, 0x38, 0x08, 0x00,
	0x00, 0x00, 0xC7, 0x06, 0x00, 0x00, 0x80, 0x3F, 0x4C, 0x8B, 0xC0, 0xBA,
	0x10, 0x00, 0x00, 0x00, 0x48, 0x8D, 0x4E, 0x18, 0xE8, 0x8F, 0x67, 0x00,
	0x00, 0x90, 0xC7, 0x44, 0x24, 0x34, 0x01, 0x00, 0x00, 0x00, 0x8B, 0xCF,
	0xE8, 0x2F, 0xF0, 0xFF, 0xFF, 0x4C, 0x8B, 0xF8, 0x48, 0x89, 0x45, 0x88,
	0x48, 0x85, 0xC0, 0x0F, 0x84, 0x1A, 0x06, 0x00, 0x00, 0x48, 0x83, 0xF8,
	0xFF, 0x0F, 0x84, 0x10, 0x06, 0x00, 0x00, 0x48, 0x8D, 0x4D, 0xE8, 0xFF,
	0x15, 0x8B, 0xBE, 0x00, 0x00, 0x48, 0x8B, 0x5D, 0xF0, 0x48, 0x8D, 0x15,
	0x10, 0xED, 0x00, 0x00, 0x48, 0x8B, 0x0D, 0x99, 0xC0, 0x00, 0x00, 0xE8,
	0x94, 0x2F, 0x00, 0x00, 0x48, 0x8B, 0xC8, 0x8B, 0xD7, 0xFF, 0x15, 0xD9,
	0xBF, 0x00, 0x00, 0x48, 0x8B, 0xC8, 0x48, 0x8D, 0x15, 0x5F, 0x31, 0x00,
	0x00, 0xFF, 0x15, 0xB1, 0xBF, 0x00, 0x00, 0x45, 0x33, 0xED, 0x45, 0x33,
	0xE4, 0x44, 0x89, 0x64, 0x24, 0x30, 0x48, 0x3B, 0x5D, 0xF8, 0x0F, 0x83,
	0x33, 0x05, 0x00, 0x00, 0x0F, 0x1F, 0x40, 0x00, 0x41, 0xB9, 0x30, 0x00,
	0x00, 0x00, 0x4C, 0x8D, 0x45, 0xB8, 0x48, 0x8B, 0xD3, 0x49, 0x8B, 0xCF,
	0xFF, 0x15, 0xE2, 0xBD, 0x00, 0x00, 0x48, 0x85, 0xC0, 0x0F, 0x84, 0xFF,
	0x04, 0x00, 0x00, 0xF6, 0x45, 0xDC, 0x66, 0x0F, 0x84, 0xEB, 0x04, 0x00,
	0x00, 0x81, 0x7D, 0xD8, 0x00, 0x10, 0x00, 0x00, 0x0F, 0x85, 0xDE, 0x04,
	0x00, 0x00, 0x0F, 0x57, 0xC0, 0x33, 0xC0, 0x48, 0x8B, 0x5D, 0xD0, 0xF3,
	0x0F, 0x7F, 0x44, 0x24, 0x40, 0x48, 0x89, 0x44, 0x24, 0x60, 0x48, 0x89,
	0x44, 0x24, 0x50, 0x48, 0x85, 0xDB, 0x74, 0x38, 0x48, 0x8B, 0xD3, 0x48,
	0x8D, 0x4C, 0x24, 0x40, 0xE8, 0x0F, 0x68, 0x00, 0x00, 0x4C, 0x8B, 0xC3,
	0x33, 0xD2, 0x4C, 0x8B, 0x74, 0x24, 0x40, 0x49, 0x8B, 0xCE, 0xE8, 0xCB,
	0x9A, 0x00, 0x00, 0x4A, 0x8D, 0x3C, 0x33, 0x48, 0x89, 0x7C, 0x24, 0x48,
	0x48, 0x8B, 0x5D, 0xD0, 0x48, 0x8B, 0x44, 0x24, 0x50, 0x48, 0x89, 0x44,
	0x24, 0x60, 0xEB, 0x0A, 0x4C, 0x8B, 0x74, 0x24, 0x40, 0x48, 0x8B, 0x7C,
	0x24, 0x48, 0x48, 0x8D, 0x45, 0x50, 0x48, 0x89, 0x44, 0x24, 0x20, 0x4C,
	0x8B, 0xCB, 0x4D, 0x8B, 0xC6, 0x48, 0x8B, 0x55, 0xB8, 0x49, 0x8B, 0xCF,
	0xFF, 0x15, 0x36, 0xBD, 0x00, 0x00, 0x85, 0xC0, 0x0F, 0x84, 0x15, 0x04,
	0x00, 0x00, 0x48, 0x83, 0x7D, 0x50, 0x00, 0x0F, 0x86, 0x0A, 0x04, 0x00,
	0x00, 0x41, 0xFF, 0xC5, 0x44, 0x89, 0x6C, 0x24, 0x38, 0x48, 0x8B, 0x44,
	0x24, 0x68, 0x4C, 0x8B, 0x20, 0x48, 0x8B, 0x58, 0x08, 0x48, 0x89, 0x5D,
	0x80, 0x4C, 0x3B, 0xE3, 0x0F, 0x84, 0xE2, 0x03, 0x00, 0x00, 0x66, 0x66,
	0x0F, 0x1F, 0x84, 0x00, 0x00, 0x00, 0x00, 0x00, 0x0F, 0x57, 0xC0, 0x33,
	0xC0, 0x0F, 0x11, 0x45, 0x18, 0x48, 0x89, 0x45, 0x28, 0x49, 0x8B, 0xD4,
	0x48, 0x8D, 0x4D, 0x18, 0xE8, 0x17, 0xF7, 0xFF, 0xFF, 0x90, 0x4C, 0x8B,
	0x7D, 0x18, 0x4C, 0x8B, 0x5D, 0x20, 0x4C, 0x89, 0x5C, 0x24, 0x78, 0x4D,
	0x3B, 0xFB, 0x0F, 0x84, 0xDF, 0x01, 0x00, 0x00, 0x4C, 0x8B, 0xEF, 0x4D,
	0x2B, 0xEE, 0x66, 0x66, 0x0F, 0x1F, 0x84, 0x00, 0x00, 0x00, 0x00, 0x00,
	0x33, 0xDB, 0x0F, 0x1F, 0x40, 0x00, 0x66, 0x66, 0x0F, 0x1F, 0x84, 0x00,
	0x00, 0x00, 0x00, 0x00, 0x49, 0x8B, 0x17, 0x49, 0x8B, 0x4F, 0x08, 0x4C,
	0x8B, 0xC9, 0x4C, 0x2B, 0xCA, 0x4D, 0x3B, 0xCD, 0x0F, 0x87, 0x8E, 0x01,
	0x00, 0x00, 0x41, 0x8B, 0xC5, 0x41, 0x2B, 0xC1, 0x3B, 0xD8, 0x0F, 0x8F,
	0x80, 0x01, 0x00, 0x00, 0x48, 0x63, 0xDB, 0x4C, 0x8B, 0xC2, 0x4C, 0x2B,
	0xC1, 0x4D, 0x2B, 0xC6, 0x4C, 0x03, 0xC7, 0x49, 0x3B, 0xD8, 0x0F, 0x87,
	0x68, 0x01, 0x00, 0x00, 0x4D, 0x85, 0xC9, 0x74, 0x2A, 0x48, 0x8B, 0xCA,
	0x4D, 0x8B, 0xD6, 0x4C, 0x2B, 0xD2, 0x4C, 0x03, 0xD3, 0x0F, 0x1F, 0x00,
	0x0F, 0xB6, 0x01, 0x42, 0x38, 0x04, 0x11, 0x0F, 0x85, 0x3B, 0x01, 0x00,
	0x00, 0x48, 0xFF, 0xC1, 0x48, 0x8B, 0xC1, 0x48, 0x2B, 0xC2, 0x49, 0x3B,
	0xC1, 0x72, 0xE5, 0x83, 0xFB, 0xFF, 0x0F, 0x84, 0x30, 0x01, 0x00, 0x00,
	0x4C, 0x63, 0xDB, 0x4C, 0x8B, 0x45, 0xB8, 0x4D, 0x03, 0xC3, 0x4C, 0x89,
	0x44, 0x24, 0x58, 0x45, 0x8B, 0x57, 0x08, 0x44, 0x2B, 0xD2, 0x48, 0x8B,
	0x46, 0x08, 0x49, 0x8B, 0xC8, 0x48, 0xC1, 0xE9, 0x08, 0x44, 0x0F, 0xB6,
	0xC9, 0x41, 0x0F, 0xB6, 0xC8, 0x48, 0xBA, 0x25, 0x23, 0x22, 0x84, 0xE4,
	0x9C, 0xF2, 0xCB, 0x48, 0x33, 0xCA, 0x48, 0xBA, 0xB3, 0x01, 0x00, 0x00,
	0x00, 0x01, 0x00, 0x00, 0x48, 0x0F, 0xAF, 0xCA, 0x4C, 0x33, 0xC9, 0x4C,
	0x0F, 0xAF, 0xCA, 0x49, 0x8B, 0xC8, 0x48, 0xC1, 0xE9, 0x10, 0x0F, 0xB6,
	0xD1, 0x4C, 0x33, 0xCA, 0x48, 0xB9, 0xB3, 0x01, 0x00, 0x00, 0x00, 0x01,
	0x00, 0x00, 0x4C, 0x0F, 0xAF, 0xC9, 0x49, 0x8B, 0xC8, 0x48, 0xC1, 0xE9,
	0x18, 0x0F, 0xB6, 0xD1, 0x4C, 0x33, 0xCA, 0x48, 0xB9, 0xB3, 0x01, 0x00,
	0x00, 0x00, 0x01, 0x00, 0x00, 0x4C, 0x0F, 0xAF, 0xC9, 0x49, 0x8B, 0xC8,
	0x48, 0xC1, 0xE9, 0x20, 0x0F, 0xB6, 0xD1, 0x4C, 0x33, 0xCA, 0x48, 0xB9,
	0xB3, 0x01, 0x00, 0x00, 0x00, 0x01, 0x00, 0x00, 0x4C, 0x0F, 0xAF, 0xC9,
	0x49, 0x8B, 0xC8, 0x48, 0xC1, 0xE9, 0x28, 0x0F, 0xB6, 0xD1, 0x4C, 0x33,
	0xCA, 0x48, 0xB9, 0xB3, 0x01, 0x00, 0x00, 0x00, 0x01, 0x00, 0x00, 0x4C,
	0x0F, 0xAF, 0xC9, 0x49, 0x8B, 0xC8, 0x48, 0xC1, 0xE9, 0x30, 0x0F, 0xB6,
	0xD1, 0x4C, 0x33, 0xCA, 0x48, 0xBA, 0xB3, 0x01, 0x00, 0x00, 0x00, 0x01,
	0x00, 0x00, 0x4C, 0x0F, 0xAF, 0xCA, 0x49, 0x8B, 0xC8, 0x48, 0xC1, 0xE9,
	0x38, 0x4C, 0x33, 0xC9, 0x4C, 0x0F, 0xAF, 0xCA, 0x4C, 0x23, 0x4E, 0x30,
	0x4D, 0x03, 0xC9, 0x48, 0x8B, 0x56, 0x18, 0x4A, 0x8B, 0x4C, 0xCA, 0x08,
	0x48, 0x3B, 0xC8, 0x0F, 0x84, 0xDD, 0x00, 0x00, 0x00, 0x4A, 0x8B, 0x14,
	0xCA, 0x4C, 0x3B, 0x41, 0x10, 0x0F, 0x84, 0xD1, 0x00, 0x00, 0x00, 0x0F,
	0x1F, 0x44, 0x00, 0x00, 0x48, 0x3B, 0xCA, 0x0F, 0x84, 0xC1, 0x00, 0x00,
	0x00, 0x48, 0x8B, 0x49, 0x08, 0x4C, 0x3B, 0x41, 0x10, 0x75, 0xED, 0xE9,
	0xB4, 0x00, 0x00, 0x00, 0x48, 0xFF, 0xC3, 0x49, 0x3B, 0xD8, 0x0F, 0x86,
	0x9D, 0xFE, 0xFF, 0xFF, 0x49, 0x83, 0xC7, 0x18, 0x4C, 0x3B, 0x7C, 0x24,
	0x78, 0x0F, 0x85, 0x3D, 0xFE, 0xFF, 0xFF, 0x4C, 0x8B, 0x5D, 0x20, 0x4C,
	0x8B, 0x7D, 0x18, 0x48, 0x8B, 0x5D, 0x80, 0x4D, 0x85, 0xFF, 0x74, 0x66,
	0x49, 0x8B, 0xD3, 0x49, 0x8B, 0xCF, 0xE8, 0xA1, 0x5B, 0x00, 0x00, 0x48,
	0x8B, 0x4D, 0x28, 0x4C, 0x8B, 0x45, 0x18, 0x49, 0x2B, 0xC8, 0x48, 0xB8,
	0xAB, 0xAA, 0xAA, 0xAA, 0xAA, 0xAA, 0xAA, 0x2A, 0x48, 0xF7, 0xE9, 0x48,
	0xC1, 0xFA, 0x02, 0x48, 0x8B, 0xC2, 0x48, 0xC1, 0xE8, 0x3F, 0x48, 0x03,
	0xD0, 0x48, 0x8D, 0x14, 0x52, 0x48, 0xC1, 0xE2, 0x03, 0x49, 0x8B, 0xC0,
	0x48, 0x81, 0xFA, 0x00, 0x10, 0x00, 0x00, 0x72, 0x19, 0x48, 0x83, 0xC2,
	0x27, 0x4D, 0x8B, 0x40, 0xF8, 0x49, 0x2B, 0xC0, 0x48, 0x83, 0xE8, 0x08,
	0x48, 0x83, 0xF8, 0x1F, 0x0F, 0x87, 0x25, 0x02, 0x00, 0x00, 0x49, 0x8B,
	0xC8, 0xE8, 0x62, 0x8C, 0x00, 0x00, 0x49, 0x83, 0xC4, 0x20, 0x4C, 0x3B,
	0xE3, 0x0F, 0x85, 0x79, 0xFD, 0xFF, 0xFF, 0x4C, 0x8B, 0x7D, 0x88, 0x44,
	0x8B, 0x64, 0x24, 0x30, 0x44, 0x8B, 0x6C, 0x24, 0x38, 0xE9, 0x4D, 0x01,
	0x00, 0x00, 0x33, 0xC9, 0x48, 0x85, 0xC9, 0x48, 0x0F, 0x44, 0xC8, 0x48,
	0x3B, 0xC8, 0x0F, 0x85, 0x20, 0x01, 0x00, 0x00, 0x0F, 0x57, 0xC0, 0x0F,
	0x11, 0x45, 0x30, 0x48, 0xC7, 0x45, 0x40, 0x00, 0x00, 0x00, 0x00, 0x48,
	0xC7, 0x45, 0x48, 0x00, 0x00, 0x00, 0x00, 0x4D, 0x63, 0xC2, 0x4B, 0x8D,
	0x14, 0x33, 0x48, 0x8D, 0x4D, 0x30, 0xE8, 0xDD, 0x48, 0x00, 0x00, 0x90,
	0x4C, 0x8D, 0x44, 0x24, 0x58, 0x48, 0x8D, 0x55, 0xA8, 0x48, 0x8B, 0xCE,
	0xE8, 0x2B, 0x42, 0x00, 0x00, 0x48, 0x8B, 0x08, 0x48, 0x83, 0xC1, 0x18,
	0x48, 0x8D, 0x45, 0x30, 0x48, 0x3B, 0xC8, 0x74, 0x51, 0x4C, 0x8D, 0x4D,
	0x30, 0x48, 0x83, 0x7D, 0x48, 0x0F, 0x4C, 0x0F, 0x47, 0x4D, 0x30, 0x48,
	0x8B, 0x41, 0x18, 0x48, 0x8B, 0x7D, 0x40, 0x48, 0x3B, 0xF8, 0x77, 0x29,
	0x48, 0x8B, 0xF1, 0x48, 0x83, 0xF8, 0x0F, 0x76, 0x03, 0x48, 0x8B, 0x31,
	0x48, 0x89, 0x79, 0x10, 0x4C, 0x8B, 0xC7, 0x49, 0x8B, 0xD1, 0x48, 0x8B,
	0xCE, 0xE8, 0x59, 0x98, 0x00, 0x00, 0xC6, 0x04, 0x37, 0x00, 0x48, 0x8B,
	0x74, 0x24, 0x70, 0xEB, 0x08, 0x48, 0x8B, 0xD7, 0xE8, 0x0F, 0x5B, 0x00,
	0x00, 0x48, 0x8B, 0x7C, 0x24, 0x48, 0x48, 0x8D, 0x15, 0xD3, 0xE8, 0x00,
	0x00, 0x48, 0x8B, 0x0D, 0x1C, 0xBC, 0x00, 0x00, 0xE8, 0x17, 0x2B, 0x00,
	0x00, 0x49, 0x8B, 0xD4, 0x49, 0x83, 0x7C, 0x24, 0x18, 0x0F, 0x76, 0x04,
	0x49, 0x8B, 0x14, 0x24, 0x4D, 0x8B, 0x44, 0x24, 0x10, 0x48, 0x8B, 0xC8,
	0xE8, 0xCB, 0x3F, 0x00, 0x00, 0x48, 0x8D, 0x15, 0x8C, 0xE8, 0x00, 0x00,
	0x48, 0x8B, 0xC8, 0xE8, 0xEC, 0x2A, 0x00, 0x00, 0x48, 0x8B, 0xC8, 0x48,
	0x8D, 0x15, 0x72, 0xD0, 0xFF, 0xFF, 0xFF, 0x15, 0x1C, 0xBB, 0x00, 0x00,
	0x48, 0x8B, 0xC8, 0x48, 0x8B, 0x54, 0x24, 0x58, 0xFF, 0x15, 0x26, 0xBB,
	0x00, 0x00, 0x48, 0x8B, 0xC8, 0x48, 0x8D, 0x15, 0x34, 0xD0, 0xFF, 0xFF,
	0xFF, 0x15, 0xFE, 0xBA, 0x00, 0x00, 0x48, 0x8B, 0xC8, 0x48, 0x8D, 0x15,
	0x94, 0x2C, 0x00, 0x00, 0xFF, 0x15, 0xE6, 0xBA, 0x00, 0x00, 0x90, 0x48,
	0x8D, 0x4D, 0x30, 0xE8, 0x74, 0x4D, 0x00, 0x00, 0x41, 0x2B, 0x1F, 0x41,
	0x03, 0x5F, 0x08, 0xE9, 0x78, 0xFC, 0xFF, 0xFF, 0x44, 0x8B, 0x64, 0x24,
	0x30, 0xEB, 0x08, 0x41, 0xFF, 0xC4, 0x44, 0x89, 0x64, 0x24, 0x30, 0x4D,
	0x85, 0xF6, 0x74, 0x38, 0x48, 0x8B, 0x4C, 0x24, 0x60, 0x49, 0x2B, 0xCE,
	0x49, 0x8B, 0xC6, 0x48, 0x81, 0xF9, 0x00, 0x10, 0x00, 0x00, 0x72, 0x19,
	0x48, 0x83, 0xC1, 0x27, 0x4D, 0x8B, 0x76, 0xF8, 0x49, 0x2B, 0xC6, 0x48,
	0x83, 0xE8, 0x08, 0x48, 0x83, 0xF8, 0x1F, 0x0F, 0x87, 0x98, 0x00, 0x00,
	0x00, 0x48, 0x8B, 0xD1, 0x49, 0x8B, 0xCE, 0xE8, 0xB8, 0x8A, 0x00, 0x00,
	0x48, 0x8B, 0x5D, 0xB8, 0x48, 0x03, 0x5D, 0xD0, 0xEB, 0x07, 0x48, 0x81,
	0xC3, 0x00, 0x10, 0x00, 0x00, 0x48, 0x3B, 0x5D, 0xF8, 0x0F, 0x82, 0xD1,
	0xFA, 0xFF, 0xFF, 0x48, 0x8D, 0x15, 0x0A, 0xE8, 0x00, 0x00, 0x48, 0x8B,
	0x0D, 0x23, 0xBB, 0x00, 0x00, 0xE8, 0x1E, 0x2A, 0x00, 0x00, 0x48, 0x8B,
	0xC8, 0x41, 0x8B, 0xD5, 0xFF, 0x15, 0x5A, 0xBA, 0x00, 0x00, 0x48, 0x8B,
	0xC8, 0x48, 0x8D, 0x15, 0xC8, 0xE7, 0x00, 0x00, 0xE8, 0x03, 0x2A, 0x00,
	0x00, 0x48, 0x8B, 0xC8, 0x41, 0x8B, 0xD4, 0xFF, 0x15, 0x3F, 0xBA, 0x00,
	0x00, 0x48, 0x8B, 0xC8, 0x48, 0x8D, 0x15, 0xCD, 0x2B, 0x00, 0x00, 0xFF,
	0x15, 0x1F, 0xBA, 0x00, 0x00, 0x49, 0x8B, 0xCF, 0xFF, 0x15, 0x3E, 0xB8,
	0x00, 0x00, 0xE9, 0x84, 0x00, 0x00, 0x00, 0x48, 0xC7, 0x44, 0x24, 0x20,
	0x00, 0x00, 0x00, 0x00, 0x45, 0x33, 0xC9, 0x45, 0x33, 0xC0, 0x33, 0xD2,
	0x33, 0xC9, 0xFF, 0x15, 0xD8, 0xBB, 0x00, 0x00, 0x90, 0x48, 0xC7, 0x44,
	0x24, 0x20, 0x00, 0x00, 0x00, 0x00, 0x45, 0x33, 0xC9, 0x45, 0x33, 0xC0,
	0x33, 0xD2, 0x33, 0xC9, 0xFF, 0x15, 0xBE, 0xBB, 0x00, 0x00, 0xCC, 0xFF,
	0x15, 0xE7, 0xB7, 0x00, 0x00, 0x8B, 0xD8, 0x48, 0x8D, 0x15, 0x96, 0xE7,
	0x00, 0x00, 0x48, 0x8B, 0x0D, 0x27, 0xB9, 0x00, 0x00, 0xE8, 0x8A, 0x29,
	0x00, 0x00, 0x48, 0x8B, 0xC8, 0x8B, 0xD7, 0xFF, 0x15, 0xCF, 0xB9, 0x00,
	0x00, 0x48, 0x8B, 0xC8, 0x48, 0x8D, 0x15, 0x35, 0xE6, 0x00, 0x00, 0xE8,
	0x70, 0x29, 0x00, 0x00, 0x48, 0x8B, 0xC8, 0x8B, 0xD3, 0xFF, 0x15, 0xB5,
	0xB9, 0x00, 0x00, 0x48, 0x8B, 0xC8, 0x48, 0x8D, 0x15, 0x3B, 0x2B, 0x00,
	0x00, 0xFF, 0x15, 0x8D, 0xB9, 0x00, 0x00, 0x48, 0x8B, 0xC6, 0x48, 0x8B,
	0x4D, 0x58, 0x48, 0x33, 0xCC, 0xE8, 0x66, 0x85, 0x00, 0x00, 0x48, 0x8B,
	0x9C, 0x24, 0xB8, 0x01, 0x00, 0x00, 0x48, 0x81, 0xC4, 0x60, 0x01, 0x00,
	0x00, 0x41, 0x5F, 0x41, 0x5E, 0x41, 0x5D, 0x41, 0x5C, 0x5F, 0x5E, 0x5D,
	0xC3, 0xCC, 0xCC, 0xCC, 0xCC, 0xCC, 0xCC, 0xCC, 0xCC, 0xCC, 0xCC, 0xCC,
	0x48, 0x89, 0x5C, 0x24, 0x10, 0x48, 0x89, 0x74, 0x24, 0x18, 0x48, 0x89,
	0x7C, 0x24, 0x20, 0x55, 0x41, 0x54, 0x41, 0x55, 0x41, 0x56, 0x41, 0x57,
	0x48, 0x8D, 0x6C, 0x24, 0xC9, 0x48, 0x81, 0xEC, 0xD0, 0x00, 0x00, 0x00,
	0x48, 0x8B, 0x05, 0x35, 0x47, 0x01, 0x00, 0x48, 0x33, 0xC4, 0x48, 0x89,
	0x45, 0x2F, 0x48, 0x8B, 0xDA, 0x8B, 0xF9, 0xE8, 0x44, 0xE9, 0xFF, 0xFF,
	0x4C, 0x8B, 0xF8, 0x48, 0x89, 0x45, 0xA7, 0x48, 0x8D, 0x48, 0xFF, 0x48,
	0x83, 0xF9, 0xFD, 0x0F, 0x87, 0xE5, 0x04, 0x00, 0x00, 0x33, 0xFF, 0x89,
	0x7D, 0x97, 0x33, 0xF6, 0x89, 0x75, 0x9B, 0x48, 0x8B, 0x43, 0x08, 0x48,
	0x89, 0x45, 0x0F, 0x48, 0x8B, 0x18, 0x48, 0x3B, 0xD8, 0x0F, 0x84, 0x23,
	0x04, 0x00, 0x00, 0x90, 0x48, 0x8B, 0x43, 0x10, 0x48, 0x89, 0x45, 0x9F,
	0x0F, 0x57, 0xC0, 0x33, 0xC0, 0x0F, 0x11, 0x45, 0xBF, 0x48, 0x89, 0x45,
	0xCF, 0x48, 0x8D, 0x4B, 0x18, 0x48, 0x8B, 0x7B, 0x28, 0x48, 0x83, 0x7B,
	0x30, 0x0F, 0x76, 0x08, 0x4C, 0x8B, 0x31, 0x49, 0x03, 0xFE, 0xEB, 0x06,
	0x48, 0x03, 0xF9, 0x4C, 0x8B, 0xF1, 0xF3, 0x0F, 0x7F, 0x45, 0xBF, 0x33,
	0xC9, 0x48, 0x89, 0x4D, 0xD7, 0x48, 0x89, 0x4D, 0xCF, 0x49, 0x2B, 0xFE,
	0x4C, 0x8B, 0xF8, 0x48, 0x8B, 0xD0, 0x48, 0x89, 0x45, 0xAF, 0x48, 0x8B,
	0xF0, 0x74, 0x43, 0x48, 0x8B, 0xD7, 0x48, 0x8D, 0x4D, 0xBF, 0xE8, 0x61,
	0x61, 0x00, 0x00, 0x4C, 0x8B, 0xC7, 0x49, 0x8B, 0xD6, 0x4C, 0x8B, 0x65,
	0xBF, 0x49, 0x8B, 0xCC, 0xE8, 0x56, 0x95, 0x00, 0x00, 0x4E, 0x8D, 0x3C,
	0x27, 0x4D, 0x8B, 0xEF, 0x4C, 0x89, 0x7D, 0xC7, 0x49, 0x8B, 0xC4, 0x49,
	0x8B, 0xFC, 0x49, 0x8B, 0xD4, 0x48, 0x89, 0x45, 0xAF, 0x49, 0x8B, 0xF4,
	0x48, 0x8B, 0x4D, 0xCF, 0x48, 0x89, 0x4D, 0xD7, 0xEB, 0x0B, 0x4C, 0x8B,
	0x6D, 0xC7, 0x4C, 0x8B, 0x65, 0xBF, 0x48, 0x8B, 0xF8, 0x0F, 0x57, 0xC0,
	0x33, 0xC9, 0x4C, 0x2B, 0xF8, 0xF3, 0x0F, 0x7F, 0x45, 0xDF, 0x48, 0x89,
	0x4D, 0xB7, 0x48, 0x89, 0x4D, 0xEF, 0x74, 0x36, 0x49, 0x8B, 0xD7, 0x48,
	0x8D, 0x4D, 0xDF, 0xE8, 0xFC, 0x60, 0x00, 0x00, 0x4D, 0x8B, 0xC7, 0x33,
	0xD2, 0x4C, 0x8B, 0x75, 0xDF, 0x49, 0x8B, 0xCE, 0xE8, 0xB9, 0x93, 0x00,
	0x00, 0x4B, 0x8D, 0x04, 0x37, 0x48, 0x89, 0x45, 0xE7, 0x48, 0x8B, 0xD7,
	0x48, 0x8B, 0x75, 0xAF, 0x48, 0x8B, 0x45, 0xEF, 0x48, 0x89, 0x45, 0xB7,
	0xEB, 0x04, 0x4C, 0x8B, 0x75, 0xDF, 0x49, 0x8B, 0xFD, 0x48, 0x2B, 0xFA,
	0x48, 0x8D, 0x45, 0x27, 0x48, 0x89, 0x44, 0x24, 0x20, 0x4C, 0x8B, 0xCF,
	0x4D, 0x8B, 0xC6, 0x48, 0x8B, 0x55, 0x9F, 0x4C, 0x8B, 0x7D, 0xA7, 0x49,
	0x8B, 0xCF, 0xFF, 0x15, 0x20, 0xB6, 0x00, 0x00, 0x85, 0xC0, 0x0F, 0x84,
	0x75, 0x02, 0x00, 0x00, 0x48, 0x85, 0xFF, 0x74, 0x25, 0x49, 0x8B, 0xC6,
	0x49, 0x2B, 0xF6, 0x0F, 0x1F, 0x44, 0x00, 0x00, 0x0F, 0xB6, 0x08, 0x38,
	0x0C, 0x06, 0x0F, 0x85, 0x59, 0x02, 0x00, 0x00, 0x48, 0xFF, 0xC0, 0x48,
	0x8B, 0xC8, 0x49, 0x2B, 0xCE, 0x48, 0x3B, 0xCF, 0x72, 0xE6, 0x0F, 0x57,
	0xC0, 0x33, 0xC0, 0x4D, 0x2B, 0xEC, 0x4C, 0x89, 0x6D, 0xAF, 0xF3, 0x0F,
	0x7F, 0x45, 0xF7, 0x44, 0x8B, 0xF8, 0x48, 0x89, 0x45, 0x07, 0x8B, 0xF0,
	0x44, 0x8B, 0xE8, 0x74, 0x2D, 0x48, 0x8B, 0x7D, 0xAF, 0x48, 0x8B, 0xD7,
	0x48, 0x8D, 0x4D, 0xF7, 0xE8, 0x47, 0x60, 0x00, 0x00, 0x4C, 0x8B, 0xC7,
	0x33, 0xD2, 0x48, 0x8B, 0x75, 0xF7, 0x48, 0x8B, 0xCE, 0xE8, 0x04, 0x93,
	0x00, 0x00, 0x4C, 0x8D, 0x2C, 0x3E, 0x4C, 0x89, 0x6D, 0xFF, 0x4C, 0x8B,
	0x7D, 0x07, 0xC7, 0x45, 0x17, 0x00, 0x00, 0x00, 0x00, 0x4C, 0x2B, 0xEE,
	0x48, 0x8D, 0x45, 0x17, 0x48, 0x89, 0x44, 0x24, 0x20, 0x41, 0xB9, 0x40,
	0x00, 0x00, 0x00, 0x4D, 0x8B, 0xC5, 0x48, 0x8B, 0x7D, 0x9F, 0x48, 0x8B,
	0xD7, 0x48, 0x8B, 0x4D, 0xA7, 0xFF, 0x15, 0x65, 0xB5, 0x00, 0x00, 0x85,
	0xC0, 0x0F, 0x84, 0xA7, 0x00, 0x00, 0x00, 0x48, 0x8D, 0x45, 0x1F, 0x48,
	0x89, 0x44, 0x24, 0x20, 0x4D, 0x8B, 0xCD, 0x4C, 0x8B, 0x45, 0xF7, 0x48,
	0x8B, 0xD7, 0x48, 0x8B, 0x4D, 0xA7, 0xFF, 0x15, 0xB0, 0xB5, 0x00, 0x00,
	0x8B, 0xF8, 0x48, 0x8D, 0x45, 0x1B, 0x48, 0x89, 0x44, 0x24, 0x20, 0x44,
	0x8B, 0x4D, 0x17, 0x4D, 0x8B, 0xC5, 0x48, 0x8B, 0x55, 0x9F, 0x48, 0x8B,
	0x4D, 0xA7, 0xFF, 0x15, 0x20, 0xB5, 0x00, 0x00, 0x85, 0xFF, 0x0F, 0x84,
	0xD4, 0x00, 0x00, 0x00, 0x4C, 0x39, 0x6D, 0x1F, 0x0F, 0x85, 0xCA, 0x00,
	0x00, 0x00, 0x48, 0x8D, 0x15, 0xE7, 0xE4, 0x00, 0x00, 0x48, 0x8B, 0x0D,
	0x88, 0xB7, 0x00, 0x00, 0xE8, 0x83, 0x26, 0x00, 0x00, 0x48, 0x8B, 0xC8,
	0x48, 0x8D, 0x15, 0x09, 0xCC, 0xFF, 0xFF, 0xFF, 0x15, 0xB3, 0xB6, 0x00,
	0x00, 0x48, 0x8B, 0xC8, 0x48, 0x8B, 0x55, 0x9F, 0xFF, 0x15, 0xBE, 0xB6,
	0x00, 0x00, 0x48, 0x8B, 0xC8, 0x48, 0x8D, 0x15, 0xCC, 0xCB, 0xFF, 0xFF,
	0xFF, 0x15, 0x96, 0xB6, 0x00, 0x00, 0x48, 0x8B, 0xC8, 0x48, 0x8D, 0x15,
	0x2C, 0x28, 0x00, 0x00, 0xFF, 0x15, 0x7E, 0xB6, 0x00, 0x00, 0xFF, 0x45,
	0x97, 0xE9, 0xE7, 0x00, 0x00, 0x00, 0xFF, 0x15, 0x80, 0xB4, 0x00, 0x00,
	0x8B, 0xF8, 0x48, 0x8D, 0x15, 0x5F, 0xE4, 0x00, 0x00, 0x48, 0x8B, 0x0D,
	0xC0, 0xB5, 0x00, 0x00, 0xE8, 0x23, 0x26, 0x00, 0x00, 0x48, 0x8B, 0xC8,
	0x48, 0x8D, 0x15, 0xA9, 0xCB, 0xFF, 0xFF, 0xFF, 0x15, 0x53, 0xB6, 0x00,
	0x00, 0x48, 0x8B, 0xC8, 0x48, 0x8B, 0x55, 0x9F, 0xFF, 0x15, 0x5E, 0xB6,
	0x00, 0x00, 0x48, 0x8B, 0xC8, 0x48, 0x8D, 0x15, 0x6C, 0xCB, 0xFF, 0xFF,
	0xFF, 0x15, 0x36, 0xB6, 0x00, 0x00, 0x48, 0x8B, 0xC8, 0x48, 0x8D, 0x15,
	0xAC, 0xE2, 0x00, 0x00, 0xE8, 0xE7, 0x25, 0x00, 0x00, 0x48, 0x8B, 0xC8,
	0x8B, 0xD7, 0xFF, 0x15, 0x2C, 0xB6, 0x00, 0x00, 0x48, 0x8B, 0xC8, 0x48,
	0x8D, 0x15, 0xB2, 0x27, 0x00, 0x00, 0xFF, 0x15, 0x04, 0xB6, 0x00, 0x00,
	0xFF, 0x15, 0x0E, 0xB4, 0x00, 0x00, 0x8B, 0xF8, 0x48, 0x8D, 0x15, 0x35,
	0xE4, 0x00, 0x00, 0x48, 0x8B, 0x0D, 0x4E, 0xB5, 0x00, 0x00, 0xE8, 0xB1,
	0x25, 0x00, 0x00, 0x48, 0x8B, 0xC8, 0x48, 0x8D, 0x15, 0x37, 0xCB, 0xFF,
	0xFF, 0xFF, 0x15, 0xE1, 0xB5, 0x00, 0x00, 0x48, 0x8B, 0xC8, 0x48, 0x8B,
	0x55, 0x9F, 0xFF, 0x15, 0xEC, 0xB5, 0x00, 0x00, 0x48, 0x8B, 0xC8, 0x48,
	0x8D, 0x15, 0xFA, 0xCA, 0xFF, 0xFF, 0xFF, 0x15, 0xC4, 0xB5, 0x00, 0x00,
	0x48, 0x8B, 0xC8, 0x48, 0x8D, 0x15, 0x3A, 0xE2, 0x00, 0x00, 0xE8, 0x75,
	0x25, 0x00, 0x00, 0x48, 0x8B, 0xC8, 0x8B, 0xD7, 0xFF, 0x15, 0xBA, 0xB5,
	0x00, 0x00, 0x48, 0x8B, 0xC8, 0x48, 0x8D, 0x15, 0x40, 0x27, 0x00, 0x00,
	0xFF, 0x15, 0x92, 0xB5, 0x00, 0x00, 0xFF, 0x45, 0x9B, 0x48, 0x85, 0xF6,
	0x74, 0x33, 0x4C, 0x2B, 0xFE, 0x49, 0x81, 0xFF, 0x00, 0x10, 0x00, 0x00,
	0x72, 0x1C, 0x49, 0x83, 0xC7, 0x27, 0x48, 0x8B, 0x46, 0xF8, 0x48, 0x2B,
	0xF0, 0x48, 0x83, 0xEE, 0x08, 0x48, 0x83, 0xFE, 0x1F, 0x0F, 0x87, 0xF5,
	0x00, 0x00, 0x00, 0x48, 0x8B, 0xF0, 0x49, 0x8B, 0xD7, 0x48, 0x8B, 0xCE,
	0xE8, 0x8B, 0x85, 0x00, 0x00, 0x4C, 0x8B, 0x7D, 0xA7, 0x4D, 0x85, 0xF6,
	0x74, 0x38, 0x48, 0x8B, 0x4D, 0xB7, 0x49, 0x2B, 0xCE, 0x49, 0x8B, 0xC6,
	0x48, 0x81, 0xF9, 0x00, 0x10, 0x00, 0x00, 0x72, 0x19, 0x48, 0x83, 0xC1,
	0x27, 0x4D, 0x8B, 0x76, 0xF8, 0x49, 0x2B, 0xC6, 0x48, 0x83, 0xE8, 0x08,
	0x48, 0x83, 0xF8, 0x1F, 0x0F, 0x87, 0xCC, 0x00, 0x00, 0x00, 0x48, 0x8B,
	0xD1, 0x49, 0x8B, 0xCE, 0xE8, 0x4B, 0x85, 0x00, 0x00, 0x90, 0x4D, 0x85,
	0xE4, 0x74, 0x38, 0x48, 0x8B, 0x4D, 0xD7, 0x49, 0x2B, 0xCC, 0x49, 0x8B,
	0xC4, 0x48, 0x81, 0xF9, 0x00, 0x10, 0x00, 0x00, 0x72, 0x1A, 0x48, 0x83,
	0xC1, 0x27, 0x4D, 0x8B, 0x64, 0x24, 0xF8, 0x49, 0x2B, 0xC4, 0x48, 0x83,
	0xE8, 0x08, 0x48, 0x83, 0xF8, 0x1F, 0x0F, 0x87, 0xA8, 0x00, 0x00, 0x00,
	0x48, 0x8B, 0xD1, 0x49, 0x8B, 0xCC, 0xE8, 0x0D, 0x85, 0x00, 0x00, 0x48,
	0x8B, 0x1B, 0x48, 0x3B, 0x5D, 0x0F, 0x0F, 0x85, 0xE4, 0xFB, 0xFF, 0xFF,
	0x8B, 0x7D, 0x97, 0x8B, 0x75, 0x9B, 0x48, 0x8D, 0x15, 0x37, 0xE3, 0x00,
	0x00, 0x48, 0x8B, 0x0D, 0x80, 0xB5, 0x00, 0x00, 0xE8, 0x7B, 0x24, 0x00,
	0x00, 0x48, 0x8B, 0xC8, 0x8B, 0xD7, 0xFF, 0x15, 0xB8, 0xB4, 0x00, 0x00,
	0x48, 0x8B, 0xC8, 0x48, 0x8D, 0x15, 0x06, 0xE3, 0x00, 0x00, 0xE8, 0x61,
	0x24, 0x00, 0x00, 0x48, 0x8B, 0xC8, 0x8B, 0xD6, 0xFF, 0x15, 0x9E, 0xB4,
	0x00, 0x00, 0x48, 0x8B, 0xC8, 0x48, 0x8D, 0x15, 0x2C, 0x26, 0x00, 0x00,
	0xFF, 0x15, 0x7E, 0xB4, 0x00, 0x00, 0x49, 0x8B, 0xCF, 0xFF, 0x15, 0x9D,
	0xB2, 0x00, 0x00, 0xE9, 0x9E, 0x00, 0x00, 0x00, 0x48, 0xC7, 0x44, 0x24,
	0x20, 0x00, 0x00, 0x00, 0x00, 0x45, 0x33, 0xC9, 0x45, 0x33, 0xC0, 0x33,
	0xD2, 0x33, 0xC9, 0xFF, 0x15, 0x37, 0xB6, 0x00, 0x00, 0x90, 0x48, 0xC7,
	0x44, 0x24, 0x20, 0x00, 0x00, 0x00, 0x00, 0x45, 0x33, 0xC9, 0x45, 0x33,
	0xC0, 0x33, 0xD2, 0x33, 0xC9, 0xFF, 0x15, 0x1D, 0xB6, 0x00, 0x00, 0x90,
	0x48, 0xC7, 0x44, 0x24, 0x20, 0x00, 0x00, 0x00, 0x00, 0x45, 0x33, 0xC9,
	0x45, 0x33, 0xC0, 0x33, 0xD2, 0x33, 0xC9, 0xFF, 0x15, 0x03, 0xB6, 0x00,
	0x00, 0xCC, 0xFF, 0x15, 0x2C, 0xB2, 0x00, 0x00, 0x8B, 0xD8, 0x48, 0x8D,
	0x15, 0xB3, 0xE2, 0x00, 0x00, 0x48, 0x8B, 0x0D, 0x6C, 0xB3, 0x00, 0x00,
	0xE8, 0xCF, 0x23, 0x00, 0x00, 0x48, 0x8B, 0xC8, 0x8B, 0xD7, 0xFF, 0x15,
	0x14, 0xB4, 0x00, 0x00, 0x48, 0x8B, 0xC8, 0x48, 0x8D, 0x15, 0x7A, 0xE0,
	0x00, 0x00, 0xE8, 0xB5, 0x23, 0x00, 0x00, 0x48, 0x8B, 0xC8, 0x8B, 0xD3,
	0xFF, 0x15, 0xFA, 0xB3, 0x00, 0x00, 0x48, 0x8B, 0xC8, 0x48, 0x8D, 0x15,
	0x80, 0x25, 0x00, 0x00, 0xFF, 0x15, 0xD2, 0xB3, 0x00, 0x00, 0x48, 0x8B,
	0x4D, 0x2F, 0x48, 0x33, 0xCC, 0xE8, 0xAE, 0x7F, 0x00, 0x00, 0x4C, 0x8D,
	0x9C, 0x24, 0xD0, 0x00, 0x00, 0x00, 0x49, 0x8B, 0x5B, 0x38, 0x49, 0x8B,
	0x73, 0x40, 0x49, 0x8B, 0x7B, 0x48, 0x49, 0x8B, 0xE3, 0x41, 0x5F, 0x41,
	0x5E, 0x41, 0x5D, 0x41, 0x5C, 0x5D, 0xC3, 0xCC, 0xCC, 0xCC, 0xCC, 0xCC,
	0xCC, 0xCC, 0xCC, 0xCC, 0xCC, 0xCC, 0xCC, 0xCC, 0x48, 0x89, 0x5C, 0x24,
	0x10, 0x48, 0x89, 0x74, 0x24, 0x18, 0x48, 0x89, 0x4C, 0x24, 0x08, 0x57,
	0x48, 0x83, 0xEC, 0x30, 0x48, 0x8B, 0xD9, 0x33, 0xC0, 0x89, 0x44, 0x24,
	0x20, 0x48, 0x89, 0x01, 0x48, 0x89, 0x41, 0x08, 0x48, 0x89, 0x41, 0x10,
	0x48, 0x8D, 0x79, 0x20, 0x0F, 0x57, 0xC0, 0x0F, 0x11, 0x07, 0x48, 0x8D,
	0x77, 0x10, 0x48, 0x89, 0x06, 0x48, 0xC7, 0x47, 0x18, 0x0F, 0x00, 0x00,
	0x00, 0x88, 0x07, 0xC7, 0x44, 0x24, 0x20, 0x01, 0x00, 0x00, 0x00, 0x48,
	0x8B, 0x41, 0x08, 0x48, 0x3B, 0x41, 0x10, 0x74, 0x0F, 0x48, 0x8B, 0xC8,
	0xE8, 0x33, 0x35, 0x00, 0x00, 0x48, 0x83, 0x43, 0x08, 0x20, 0xEB, 0x0B,
	0x4C, 0x8B, 0xC2, 0x48, 0x8B, 0xD0, 0xE8, 0xA1, 0x4F, 0x00, 0x00, 0xC7,
	0x43, 0x18, 0x0A, 0x00, 0x00, 0x00, 0xC7, 0x43, 0x1C, 0xE8, 0x03, 0x00,
	0x00, 0x48, 0x8B, 0x47, 0x18, 0x48, 0x83, 0xF8, 0x05, 0x72, 0x3C, 0x48,
	0x83, 0xF8, 0x0F, 0x76, 0x03, 0x48, 0x8B, 0x3F, 0x48, 0xC7, 0x06, 0x05,
	0x00, 0x00, 0x00, 0x41, 0xB8, 0x05, 0x00, 0x00, 0x00, 0x48, 0x8D, 0x15,
	0xD0, 0xE1, 0x00, 0x00, 0x48, 0x8B, 0xCF, 0xE8, 0xCB, 0x8F, 0x00, 0x00,
	0xC6, 0x47, 0x05, 0x00, 0x48, 0x8B, 0xC3, 0x48, 0x8B, 0x5C, 0x24, 0x48,
	0x48, 0x8B, 0x74, 0x24, 0x50, 0x48, 0x83, 0xC4, 0x30, 0x5F, 0xC3, 0x4C,
	0x8D, 0x0D, 0xAA, 0xE1, 0x00, 0x00, 0xBA, 0x05, 0x00, 0x00, 0x00, 0x48,
	0x8B, 0xCF, 0xE8, 0x69, 0x52, 0x00, 0x00, 0x48, 0x8B, 0xC3, 0x48, 0x8B,
	0x5C, 0x24, 0x48, 0x48, 0x8B, 0x74, 0x24, 0x50, 0x48, 0x83, 0xC4, 0x30,
	0x5F, 0xC3, 0xCC, 0xCC, 0xCC, 0xCC, 0xCC, 0xCC, 0x48, 0x89, 0x5C, 0x24,
	0x08, 0x48, 0x89, 0x74, 0x24, 0x10, 0x48, 0x89, 0x7C, 0x24, 0x18, 0x55,
	0x41, 0x54, 0x41, 0x55, 0x41, 0x56, 0x41, 0x57, 0x48, 0x8D, 0xAC, 0x24,
	0x10, 0xFC, 0xFF, 0xFF, 0x48, 0x81, 0xEC, 0xF0, 0x04, 0x00, 0x00, 0x48,
	0x8B, 0x05, 0x82, 0x40, 0x01, 0x00, 0x48, 0x33, 0xC4, 0x48, 0x89, 0x85,
	0xE0, 0x03, 0x00, 0x00, 0x45, 0x33, 0xE4, 0xFF, 0x15, 0x07, 0xB1, 0x00,
	0x00, 0x48, 0x8B, 0xC8, 0x4C, 0x8D, 0x85, 0x40, 0x03, 0x00, 0x00, 0xBA,
	0x28, 0x00, 0x00, 0x00, 0xFF, 0x15, 0x3A, 0xB0, 0x00, 0x00, 0x85, 0xC0,
	0x75, 0x49, 0xFF, 0x15, 0x58, 0xB0, 0x00, 0x00, 0x8B, 0xD8, 0x48, 0x8D,
	0x15, 0x67, 0xDD, 0x00, 0x00, 0x48, 0x8B, 0x0D, 0x98, 0xB1, 0x00, 0x00,
	0xE8, 0xFB, 0x21, 0x00, 0x00, 0x48, 0x8B, 0xC8, 0x8B, 0xD3, 0xFF, 0x15,
	0x40, 0xB2, 0x00, 0x00, 0x48, 0x8B, 0xC8, 0x48, 0x8D, 0x15, 0xC6, 0x23,
	0x00, 0x00, 0xFF, 0x15, 0x18, 0xB2, 0x00, 0x00, 0x48, 0x8D, 0x15, 0xD9,
	0xE2, 0x00, 0x00, 0x48, 0x8B, 0x0D, 0x6A, 0xB1, 0x00, 0x00, 0xE9, 0x05,
	0x01, 0x00, 0x00, 0x4C, 0x8D, 0x85, 0x48, 0x03, 0x00, 0x00, 0x48, 0x8D,
	0x15, 0x3F, 0xDD, 0x00, 0x00, 0x33, 0xC9, 0xFF, 0x15, 0xEF, 0xAF, 0x00,
	0x00, 0x85, 0xC0, 0x75, 0x28, 0xFF, 0x15, 0xF5, 0xAF, 0x00, 0x00, 0x48,
	0x8D, 0x15, 0x4E, 0xDD, 0x00, 0x00, 0x8B, 0xD8, 0x48, 0x8B, 0x0D, 0x35,
	0xB1, 0x00, 0x00, 0xE8, 0x98, 0x21, 0x00, 0x00, 0x48, 0x8B, 0xC8, 0x8B,
	0xD3, 0xFF, 0x15, 0xDD, 0xB1, 0x00, 0x00, 0xEB, 0x7B, 0xC7, 0x85, 0x50,
	0x03, 0x00, 0x00, 0x01, 0x00, 0x00, 0x00, 0x48, 0x8B, 0x85, 0x48, 0x03,
	0x00, 0x00, 0x48, 0x89, 0x85, 0x54, 0x03, 0x00, 0x00, 0xC7, 0x85, 0x5C,
	0x03, 0x00, 0x00, 0x02, 0x00, 0x00, 0x00, 0x4C, 0x89, 0x64, 0x24, 0x28,
	0x4C, 0x89, 0x64, 0x24, 0x20, 0x41, 0xB9, 0x10, 0x00, 0x00, 0x00, 0x4C,
	0x8D, 0x85, 0x50, 0x03, 0x00, 0x00, 0x33, 0xD2, 0x48, 0x8B, 0x8D, 0x40,
	0x03, 0x00, 0x00, 0xFF, 0x15, 0x43, 0xAF, 0x00, 0x00, 0x85, 0xC0, 0x75,
	0x0F, 0xFF, 0x15, 0x81, 0xAF, 0x00, 0x00, 0x48, 0x8D, 0x15, 0xFA, 0xDC,
	0x00, 0x00, 0xEB, 0x8A, 0xFF, 0x15, 0x72, 0xAF, 0x00, 0x00, 0x3D, 0x14,
	0x05, 0x00, 0x00, 0x75, 0x40, 0x48, 0x8D, 0x15, 0x04, 0xDD, 0x00, 0x00,
	0x48, 0x8B, 0x0D, 0xAD, 0xB0, 0x00, 0x00, 0xE8, 0x10, 0x21, 0x00, 0x00,
	0x48, 0x8D, 0x15, 0xE9, 0x22, 0x00, 0x00, 0x48, 0x8B, 0xC8, 0xFF, 0x15,
	0x38, 0xB1, 0x00, 0x00, 0x48, 0x8B, 0x8D, 0x40, 0x03, 0x00, 0x00, 0xFF,
	0x15, 0x53, 0xAF, 0x00, 0x00, 0x48, 0x8D, 0x15, 0xEC, 0xE1, 0x00, 0x00,
	0x48, 0x8B, 0x0D, 0x7D, 0xB0, 0x00, 0x00, 0xEB, 0x1B, 0x48, 0x8B, 0x8D,
	0x40, 0x03, 0x00, 0x00, 0xFF, 0x15, 0x36, 0xAF, 0x00, 0x00, 0x48, 0x8D,
	0x15, 0xEF, 0xDC, 0x00, 0x00, 0x48, 0x8B, 0x0D, 0xC8, 0xB1, 0x00, 0x00,
	0xE8, 0xC3, 0x20, 0x00, 0x00, 0x48, 0x8D, 0x15, 0x9C, 0x22, 0x00, 0x00,
	0x48, 0x8B, 0xC8, 0xFF, 0x15, 0xEB, 0xB0, 0x00, 0x00, 0x0F, 0x57, 0xC0,
	0x0F, 0x11, 0x85, 0xA0, 0x03, 0x00, 0x00, 0x0F, 0x11, 0x85, 0xB0, 0x03,
	0x00, 0x00, 0x0F, 0x11, 0x85, 0xC0, 0x03, 0x00, 0x00, 0x0F, 0x11, 0x85,
	0xD0, 0x03, 0x00, 0x00, 0x0F, 0x11, 0x45, 0xB0, 0x4C, 0x89, 0x65, 0xC0,
	0x4C, 0x89, 0x65, 0xC8, 0x41, 0xB8, 0x09, 0x00, 0x00, 0x00, 0x48, 0x8D,
	0x15, 0x8B, 0xDD, 0x00, 0x00, 0x48, 0x8D, 0x4D, 0xB0, 0xE8, 0xB2, 0x3D,
	0x00, 0x00, 0x90, 0x0F, 0x57, 0xC0, 0x0F, 0x11, 0x85, 0x40, 0x01, 0x00,
	0x00, 0x4C, 0x89, 0xA5, 0x50, 0x01, 0x00, 0x00, 0x4C, 0x89, 0xA5, 0x58,
	0x01, 0x00, 0x00, 0x41, 0xB8, 0x09, 0x00, 0x00, 0x00, 0x48, 0x8D, 0x15,
	0x6C, 0xDD, 0x00, 0x00, 0x48, 0x8D, 0x8D, 0x40, 0x01, 0x00, 0x00, 0xE8,
	0x80, 0x3D, 0x00, 0x00, 0x90, 0x0F, 0x57, 0xC0, 0x0F, 0x11, 0x85, 0x60,
	0x01, 0x00, 0x00, 0x4C, 0x89, 0xA5, 0x70, 0x01, 0x00, 0x00, 0x4C, 0x89,
	0xA5, 0x78, 0x01, 0x00, 0x00, 0x41, 0xB8, 0x28, 0x00, 0x00, 0x00, 0x48,
	0x8D, 0x15, 0x4A, 0xDD, 0x00, 0x00, 0x48, 0x8D, 0x8D, 0x60, 0x01, 0x00,
	0x00, 0xE8, 0x4E, 0x3D, 0x00, 0x00, 0x90, 0x0F, 0x57, 0xC0, 0xF3, 0x0F,
	0x7F, 0x44, 0x24, 0x30, 0x4C, 0x89, 0x64, 0x24, 0x40, 0xBA, 0x02, 0x00,
	0x00, 0x00, 0x48, 0x8D, 0x4C, 0x24, 0x30, 0xE8, 0x70, 0x5A, 0x00, 0x00,
	0x48, 0x8D, 0x44, 0x24, 0x30, 0x48, 0x89, 0x85, 0x48, 0x03, 0x00, 0x00,
	0x48, 0x8D, 0xBD, 0x40, 0x01, 0x00, 0x00, 0x0F, 0x57, 0xC0, 0x0F, 0x11,
	0x85, 0x50, 0x03, 0x00, 0x00, 0x48, 0x8B, 0x5C, 0x24, 0x30, 0x48, 0x89,
	0x9D, 0x50, 0x03, 0x00, 0x00, 0x48, 0x89, 0x9D, 0x58, 0x03, 0x00, 0x00,
	0x48, 0x8D, 0x44, 0x24, 0x30, 0x48, 0x89, 0x85, 0x60, 0x03, 0x00, 0x00,
	0x0F, 0x1F, 0x40, 0x00, 0x48, 0x8B, 0xD7, 0x48, 0x8B, 0xCB, 0xE8, 0xD5,
	0x31, 0x00, 0x00, 0x48, 0x83, 0xC3, 0x20, 0x48, 0x89, 0x9D, 0x58, 0x03,
	0x00, 0x00, 0x48, 0x83, 0xC7, 0x20, 0x48, 0x8D, 0x85, 0x80, 0x01, 0x00,
	0x00, 0x48, 0x3B, 0xF8, 0x75, 0xDA, 0x48, 0x89, 0x5C, 0x24, 0x38, 0x48,
	0x8D, 0x55, 0xB0, 0x48, 0x8D, 0x8D, 0x20, 0x02, 0x00, 0x00, 0xE8, 0xA5,
	0x31, 0x00, 0x00, 0x90, 0x48, 0x8D, 0x54, 0x24, 0x30, 0x48, 0x8D, 0x8D,
	0x40, 0x02, 0x00, 0x00, 0xE8, 0xA3, 0x27, 0x00, 0x00, 0x90, 0x0F, 0x57,
	0xC0, 0x0F, 0x11, 0x45, 0xF0, 0x4C, 0x89, 0x65, 0x00, 0x4C, 0x89, 0x65,
	0x08, 0x41, 0xB8, 0x06, 0x00, 0x00, 0x00, 0x48, 0x8D, 0x15, 0x0E, 0xDA,
	0x00, 0x00, 0x48, 0x8D, 0x4D, 0xF0, 0xE8, 0x7D, 0x3C, 0x00, 0x00, 0x90,
	0x0F, 0x57, 0xC0, 0x0F, 0x11, 0x85, 0x00, 0x01, 0x00, 0x00, 0x4C, 0x89,
	0xA5, 0x10, 0x01, 0x00, 0x00, 0x4C, 0x89, 0xA5, 0x18, 0x01, 0x00, 0x00,
	0x41, 0xB8, 0x06, 0x00, 0x00, 0x00, 0x48, 0x8D, 0x15, 0x73, 0xDC, 0x00,
	0x00, 0x48, 0x8D, 0x8D, 0x00, 0x01, 0x00, 0x00, 0xE8, 0x4B, 0x3C, 0x00,
	0x00, 0x90, 0x0F, 0x57, 0xC0, 0x0F, 0x11, 0x85, 0x20, 0x01, 0x00, 0x00,
	0x4C, 0x89, 0xA5, 0x30, 0x01, 0x00, 0x00, 0x4C, 0x89, 0xA5, 0x38, 0x01,
	0x00, 0x00, 0x41, 0xB8, 0x27, 0x00, 0x00, 0x00, 0x48, 0x8D, 0x15, 0x45,
	0xE0, 0x00, 0x00, 0x48, 0x8D, 0x8D, 0x20, 0x01, 0x00, 0x00, 0xE8, 0x19,
	0x3C, 0x00, 0x00, 0x90, 0x0F, 0x57, 0xC0, 0xF3, 0x0F, 0x7F, 0x45, 0x90,
	0x4C, 0x89, 0x65, 0xA0, 0xBA, 0x02, 0x00, 0x00, 0x00, 0x48, 0x8D, 0x4D,
	0x90, 0xE8, 0x3E, 0x59, 0x00, 0x00, 0x48, 0x8D, 0x45, 0x90, 0x48, 0x89,
	0x85, 0x48, 0x03, 0x00, 0x00, 0x48, 0x8D, 0xBD, 0x00, 0x01, 0x00, 0x00,
	0x0F, 0x57, 0xC0, 0x0F, 0x11, 0x85, 0x50, 0x03, 0x00, 0x00, 0x48, 0x8B,
	0x5D, 0x90, 0x48, 0x89, 0x9D, 0x50, 0x03, 0x00, 0x00, 0x48, 0x89, 0x9D,
	0x58, 0x03, 0x00, 0x00, 0x48, 0x8D, 0x45, 0x90, 0x48, 0x89, 0x85, 0x60,
	0x03, 0x00, 0x00, 0x0F, 0x1F, 0x44, 0x00, 0x00, 0x48, 0x8B, 0xD7, 0x48,
	0x8B, 0xCB, 0xE8, 0xA5, 0x30, 0x00, 0x00, 0x48, 0x83, 0xC3, 0x20, 0x48,
	0x89, 0x9D, 0x58, 0x03, 0x00, 0x00, 0x48, 0x83, 0xC7, 0x20, 0x48, 0x8D,
	0x85, 0x40, 0x01, 0x00, 0x00, 0x48, 0x3B, 0xF8, 0x75, 0xDA, 0x48, 0x89,
	0x5D, 0x98, 0x48, 0x8D, 0x55, 0xF0, 0x48, 0x8D, 0x8D, 0x58, 0x02, 0x00,
	0x00, 0xE8, 0x76, 0x30, 0x00, 0x00, 0x90, 0x48, 0x8D, 0x55, 0x90, 0x48,
	0x8D, 0x8D, 0x78, 0x02, 0x00, 0x00, 0xE8, 0x75, 0x26, 0x00, 0x00, 0x90,
	0x0F, 0x57, 0xC0, 0x0F, 0x11, 0x85, 0x98, 0x00, 0x00, 0x00, 0x4C, 0x89,
	0xA5, 0xA8, 0x00, 0x00, 0x00, 0x4C, 0x89, 0xA5, 0xB0, 0x00, 0x00, 0x00,
	0x41, 0xB8, 0x11, 0x00, 0x00, 0x00, 0x48, 0x8D, 0x15, 0x87, 0xD8, 0x00,
	0x00, 0x48, 0x8D, 0x8D, 0x98, 0x00, 0x00, 0x00, 0xE8, 0x43, 0x3B, 0x00,
	0x00, 0x90, 0x0F, 0x57, 0xC0, 0x0F, 0x11, 0x45, 0x78, 0x4C, 0x89, 0xA5,
	0x88, 0x00, 0x00, 0x00, 0x4C, 0x89, 0xA5, 0x90, 0x00, 0x00, 0x00, 0x41,
	0xB8, 0x0D, 0x00, 0x00, 0x00, 0x48, 0x8D, 0x15, 0x68, 0xDF, 0x00, 0x00,
	0x48, 0x8D, 0x4D, 0x78, 0xE8, 0x17, 0x3B, 0x00, 0x00, 0x90, 0x0F, 0x57,
	0xC0, 0xF3, 0x0F, 0x7F, 0x44, 0x24, 0x78, 0x4C, 0x89, 0x65, 0x88, 0xBA,
	0x01, 0x00, 0x00, 0x00, 0x48, 0x8D, 0x4C, 0x24, 0x78, 0xE8, 0x3A, 0x58,
	0x00, 0x00, 0x48, 0x8D, 0x44, 0x24, 0x78, 0x48, 0x89, 0x85, 0x48, 0x03,
	0x00, 0x00, 0x0F, 0x57, 0xC0, 0x0F, 0x11, 0x85, 0x50, 0x03, 0x00, 0x00,
	0x48, 0x8B, 0x5C, 0x24, 0x78, 0x48, 0x89, 0x9D, 0x50, 0x03, 0x00, 0x00,
	0x48, 0x89, 0x9D, 0x58, 0x03, 0x00, 0x00, 0x48, 0x8D, 0x44, 0x24, 0x78,
	0x48, 0x89, 0x85, 0x60, 0x03, 0x00, 0x00, 0x48, 0x8D, 0x55, 0x78, 0x48,
	0x8B, 0xCB, 0xE8, 0xA9, 0x2F, 0x00, 0x00, 0x48, 0x8D, 0x43, 0x20, 0x48,
	0x89, 0x45, 0x80, 0x48, 0x8D, 0x95, 0x98, 0x00, 0x00, 0x00, 0x48, 0x8D,
	0x8D, 0x90, 0x02, 0x00, 0x00, 0xE8, 0x8E, 0x2F, 0x00, 0x00, 0x90, 0x48,
	0x8D, 0x54, 0x24, 0x78, 0x48, 0x8D, 0x8D, 0xB0, 0x02, 0x00, 0x00, 0xE8,
	0x8C, 0x25, 0x00, 0x00, 0x90, 0x0F, 0x57, 0xC0, 0x0F, 0x11, 0x45, 0x58,
	0x4C, 0x89, 0x65, 0x68, 0x4C, 0x89, 0x65, 0x70, 0x41, 0xB8, 0x03, 0x00,
	0x00, 0x00, 0x48, 0x8D, 0x15, 0x93, 0xDA, 0x00, 0x00, 0x48, 0x8D, 0x4D,
	0x58, 0xE8, 0x66, 0x3A, 0x00, 0x00, 0x90, 0x0F, 0x57, 0xC0, 0x0F, 0x11,
	0x85, 0xC0, 0x00, 0x00, 0x00, 0x4C, 0x89, 0xA5, 0xD0, 0x00, 0x00, 0x00,
	0x4C, 0x89, 0xA5, 0xD8, 0x00, 0x00, 0x00, 0x41, 0xB8, 0x03, 0x00, 0x00,
	0x00, 0x48, 0x8D, 0x15, 0x68, 0xDA, 0x00, 0x00, 0x48, 0x8D, 0x8D, 0xC0,
	0x00, 0x00, 0x00, 0xE8, 0x34, 0x3A, 0x00, 0x00, 0x90, 0x0F, 0x57, 0xC0,
	0x0F, 0x11, 0x85, 0xE0, 0x00, 0x00, 0x00, 0x4C, 0x89, 0xA5, 0xF0, 0x00,
	0x00, 0x00, 0x4C, 0x89, 0xA5, 0xF8, 0x00, 0x00, 0x00, 0x41, 0xB8, 0x19,
	0x00, 0x00, 0x00, 0x48, 0x8D, 0x15, 0x66, 0xDE, 0x00, 0x00, 0x48, 0x8D,
	0x8D, 0xE0, 0x00, 0x00, 0x00, 0xE8, 0x02, 0x3A, 0x00, 0x00, 0x90, 0x0F,
	0x57, 0xC0, 0xF3, 0x0F, 0x7F, 0x44, 0x24, 0x60, 0x4C, 0x89, 0x64, 0x24,
	0x70, 0xBA, 0x02, 0x00, 0x00, 0x00, 0x48, 0x8D, 0x4C, 0x24, 0x60, 0xE8,
	0x24, 0x57, 0x00, 0x00, 0x48, 0x8D, 0x44, 0x24, 0x60, 0x48, 0x89, 0x85,
	0x48, 0x03, 0x00, 0x00, 0x48, 0x8D, 0xBD, 0xC0, 0x00, 0x00, 0x00, 0x0F,
	0x57, 0xC0, 0x0F, 0x11, 0x85, 0x50, 0x03, 0x00, 0x00, 0x48, 0x8B, 0x5C,
	0x24, 0x60, 0x48, 0x89, 0x9D, 0x50, 0x03, 0x00, 0x00, 0x48, 0x89, 0x9D,
	0x58, 0x03, 0x00, 0x00, 0x48, 0x8D, 0x44, 0x24, 0x60, 0x48, 0x89, 0x85,
	0x60, 0x03, 0x00, 0x00, 0x0F, 0x1F, 0x84, 0x00, 0x00, 0x00, 0x00, 0x00,
	0x48, 0x8B, 0xD7, 0x48, 0x8B, 0xCB, 0xE8, 0x85, 0x2E, 0x00, 0x00, 0x48,
	0x83, 0xC3, 0x20, 0x48, 0x89, 0x9D, 0x58, 0x03, 0x00, 0x00, 0x48, 0x83,
	0xC7, 0x20, 0x48, 0x8D, 0x85, 0x00, 0x01, 0x00, 0x00, 0x48, 0x3B, 0xF8,
	0x75, 0xDA, 0x48, 0x89, 0x5C, 0x24, 0x68, 0x48, 0x8D, 0x55, 0x58, 0x48,
	0x8D, 0x8D, 0xC8, 0x02, 0x00, 0x00, 0xE8, 0x55, 0x2E, 0x00, 0x00, 0x90,
	0x48, 0x8D, 0x54, 0x24, 0x60, 0x48, 0x8D, 0x8D, 0xE8, 0x02, 0x00, 0x00,
	0xE8, 0x53, 0x24, 0x00, 0x00, 0x90, 0x0F, 0x57, 0xC0, 0x0F, 0x11, 0x45,
	0x38, 0x4C, 0x89, 0x65, 0x48, 0x4C, 0x89, 0x65, 0x50, 0x41, 0xB8, 0x11,
	0x00, 0x00, 0x00, 0x48, 0x8D, 0x15, 0x96, 0xD6, 0x00, 0x00, 0x48, 0x8D,
	0x4D, 0x38, 0xE8, 0x2D, 0x39, 0x00, 0x00, 0x90, 0x0F, 0x57, 0xC0, 0x0F,
	0x11, 0x45, 0x18, 0x4C, 0x89, 0x65, 0x28, 0x4C, 0x89, 0x65, 0x30, 0x41,
	0xB8, 0x0D, 0x00, 0x00, 0x00, 0x48, 0x8D, 0x15, 0x88, 0xDD, 0x00, 0x00,
	0x48, 0x8D, 0x4D, 0x18, 0xE8, 0x07, 0x39, 0x00, 0x00, 0x90, 0x0F, 0x57,
	0xC0, 0xF3, 0x0F, 0x7F, 0x44, 0x24, 0x48, 0x4C, 0x89, 0x64, 0x24, 0x58,
	0xBA, 0x01, 0x00, 0x00, 0x00, 0x48, 0x8D, 0x4C, 0x24, 0x48, 0xE8, 0x29,
	0x56, 0x00, 0x00, 0x48, 0x8D, 0x44, 0x24, 0x48, 0x48, 0x89, 0x85, 0x48,
	0x03, 0x00, 0x00, 0x0F, 0x57, 0xC0, 0x0F, 0x11, 0x85, 0x50, 0x03, 0x00,
	0x00, 0x48, 0x8B, 0x5C, 0x24, 0x48, 0x48, 0x89, 0x9D, 0x50, 0x03, 0x00,
	0x00, 0x48, 0x89, 0x9D, 0x58, 0x03, 0x00, 0x00, 0x48, 0x8D, 0x44, 0x24,
	0x48, 0x48, 0x89, 0x85, 0x60, 0x03, 0x00, 0x00, 0x48, 0x8D, 0x55, 0x18,
	0x48, 0x8B, 0xCB, 0xE8, 0x98, 0x2D, 0x00, 0x00, 0x48, 0x8D, 0x43, 0x20,
	0x48, 0x89, 0x44, 0x24, 0x50, 0x48, 0x8D, 0x55, 0x38, 0x48, 0x8D, 0x8D,
	0x00, 0x03, 0x00, 0x00, 0xE8, 0x7F, 0x2D, 0x00, 0x00, 0x90, 0x48, 0x8D,
	0x54, 0x24, 0x48, 0x48, 0x8D, 0x8D, 0x20, 0x03, 0x00, 0x00, 0xE8, 0x7D,
	0x23, 0x00, 0x00, 0x90, 0xC7, 0x85, 0xA0, 0x03, 0x00, 0x00, 0x00, 0x00,
	0x00, 0x00, 0x4C, 0x89, 0xA5, 0xA8, 0x03, 0x00, 0x00, 0x4C, 0x89, 0xA5,
	0xB0, 0x03, 0x00, 0x00, 0xB9, 0x48, 0x00, 0x00, 0x00, 0xE8, 0x42, 0x78,
	0x00, 0x00, 0x48, 0x89, 0x00, 0x48, 0x89, 0x40, 0x08, 0x48, 0x89, 0x85,
	0xA8, 0x03, 0x00, 0x00, 0x4C, 0x89, 0xA5, 0xB8, 0x03, 0x00, 0x00, 0x0F,
	0x57, 0xC0, 0x66, 0x0F, 0x7F, 0x85, 0xC0, 0x03, 0x00, 0x00, 0x48, 0xC7,
	0x85, 0xD0, 0x03, 0x00, 0x00, 0x07, 0x00, 0x00, 0x00, 0x48, 0xC7, 0x85,
	0xD8, 0x03, 0x00, 0x00, 0x08, 0x00, 0x00, 0x00, 0xC7, 0x85, 0xA0, 0x03,
	0x00, 0x00, 0x00, 0x00, 0x80, 0x3F, 0x4C, 0x8B, 0xC0, 0xBA, 0x10, 0x00,
	0x00, 0x00, 0x48, 0x8D, 0x8D, 0xB8, 0x03, 0x00, 0x00, 0xE8, 0x76, 0x52,
	0x00, 0x00, 0x90, 0x48, 0x8D, 0x9D, 0x20, 0x02, 0x00, 0x00, 0x4C, 0x8B,
	0xC3, 0x48, 0x8D, 0x95, 0x50, 0x03, 0x00, 0x00, 0x48, 0x8D, 0x8D, 0xA0,
	0x03, 0x00, 0x00, 0xE8, 0x98, 0x5A, 0x00, 0x00, 0x48, 0x83, 0xC3, 0x38,
	0x48, 0x8D, 0x85, 0x38, 0x03, 0x00, 0x00, 0x48, 0x3B, 0xD8, 0x75, 0xDA,
	0x4C, 0x8D, 0x0D, 0xB1, 0xDA, 0xFF, 0xFF, 0xBA, 0x38, 0x00, 0x00, 0x00,
	0x41, 0xB8, 0x05, 0x00, 0x00, 0x00, 0x48, 0x8D, 0x8D, 0x20, 0x02, 0x00,
	0x00, 0xE8, 0xDE, 0x77, 0x00, 0x00, 0x90, 0x48, 0x8D, 0x4C, 0x24, 0x48,
	0xE8, 0xEF, 0x38, 0x00, 0x00, 0x90, 0x4C, 0x8D, 0x0D, 0x17, 0x17, 0x00,
	0x00, 0xBA, 0x20, 0x00, 0x00, 0x00, 0x41, 0xB8, 0x01, 0x00, 0x00, 0x00,
	0x48, 0x8D, 0x4D, 0x18, 0xE8, 0xB7, 0x77, 0x00, 0x00, 0x90, 0x48, 0x8D,
	0x4D, 0x38, 0xE8, 0x19, 0x3D, 0x00, 0x00, 0x90, 0x48, 0x8D, 0x4C, 0x24,
	0x60, 0xE8, 0xBE, 0x38, 0x00, 0x00, 0x90, 0x4C, 0x8D, 0x0D, 0xE6, 0x16,
	0x00, 0x00, 0xBA, 0x20, 0x00, 0x00, 0x00, 0x41, 0xB8, 0x02, 0x00, 0x00,
	0x00, 0x48, 0x8D, 0x8D, 0xC0, 0x00, 0x00, 0x00, 0xE8, 0x83, 0x77, 0x00,
	0x00, 0x90, 0x48, 0x8D, 0x4D, 0x58, 0xE8, 0xE5, 0x3C, 0x00, 0x00, 0x90,
	0x48, 0x8D, 0x4C, 0x24, 0x78, 0xE8, 0x8A, 0x38, 0x00, 0x00, 0x90, 0x4C,
	0x8D, 0x0D, 0xB2, 0x16, 0x00, 0x00, 0xBA, 0x20, 0x00, 0x00, 0x00, 0x41,
	0xB8, 0x01, 0x00, 0x00, 0x00, 0x48, 0x8D, 0x4D, 0x78, 0xE8, 0x52, 0x77,
	0x00, 0x00, 0x90, 0x48, 0x8D, 0x8D, 0x98, 0x00, 0x00, 0x00, 0xE8, 0xB1,
	0x3C, 0x00, 0x00, 0x90, 0x48, 0x8D, 0x4D, 0x90, 0xE8, 0x57, 0x38, 0x00,
	0x00, 0x90, 0x4C, 0x8D, 0x0D, 0x7F, 0x16, 0x00, 0x00, 0xBA, 0x20, 0x00,
	0x00, 0x00, 0x41, 0xB8, 0x02, 0x00, 0x00, 0x00, 0x48, 0x8D, 0x8D, 0x00,
	0x01, 0x00, 0x00, 0xE8, 0x1C, 0x77, 0x00, 0x00, 0x90, 0x48, 0x8D, 0x4D,
	0xF0, 0xE8, 0x7E, 0x3C, 0x00, 0x00, 0x90, 0x48, 0x8D, 0x4C, 0x24, 0x30,
	0xE8, 0x23, 0x38, 0x00, 0x00, 0x90, 0x4C, 0x8D, 0x0D, 0x4B, 0x16, 0x00,
	0x00, 0xBA, 0x20, 0x00, 0x00, 0x00, 0x41, 0xB8, 0x02, 0x00, 0x00, 0x00,
	0x48, 0x8D, 0x8D, 0x40, 0x01, 0x00, 0x00, 0xE8, 0xE8, 0x76, 0x00, 0x00,
	0x90, 0x48, 0x8D, 0x4D, 0xB0, 0xE8, 0x4A, 0x3C, 0x00, 0x00, 0x0F, 0x57,
	0xC0, 0x0F, 0x57, 0xC9, 0xF3, 0x0F, 0x7F, 0x8D, 0x68, 0x03, 0x00, 0x00,
	0x4C, 0x89, 0xA5, 0x78, 0x03, 0x00, 0x00, 0x33, 0xC0, 0x0F, 0x11, 0x85,
	0x80, 0x03, 0x00, 0x00, 0x48, 0x89, 0x85, 0x90, 0x03, 0x00, 0x00, 0x0F,
	0x11, 0x85, 0x80, 0x01, 0x00, 0x00, 0x4C, 0x89, 0xA5, 0x90, 0x01, 0x00,
	0x00, 0x4C, 0x89, 0xA5, 0x98, 0x01, 0x00, 0x00, 0x41, 0xB8, 0x09, 0x00,
	0x00, 0x00, 0x48, 0x8D, 0x15, 0x43, 0xD6, 0x00, 0x00, 0x48, 0x8D, 0x8D,
	0x80, 0x01, 0x00, 0x00, 0xE8, 0x67, 0x36, 0x00, 0x00, 0x90, 0x0F, 0x57,
	0xC0, 0x0F, 0x11, 0x85, 0xA0, 0x01, 0x00, 0x00, 0x4C, 0x89, 0xA5, 0xB0,
	0x01, 0x00, 0x00, 0x4C, 0x89, 0xA5, 0xB8, 0x01, 0x00, 0x00, 0x41, 0xB8,
	0x06, 0x00, 0x00, 0x00, 0x48, 0x8D, 0x15, 0xC9, 0xD3, 0x00, 0x00, 0x48,
	0x8D, 0x8D, 0xA0, 0x01, 0x00, 0x00, 0xE8, 0x35, 0x36, 0x00, 0x00, 0x90,
	0x0F, 0x57, 0xC0, 0x0F, 0x11, 0x85, 0xC0, 0x01, 0x00, 0x00, 0x4C, 0x89,
	0xA5, 0xD0, 0x01, 0x00, 0x00, 0x4C, 0x89, 0xA5, 0xD8, 0x01, 0x00, 0x00,
	0x41, 0xB8, 0x11, 0x00, 0x00, 0x00, 0x48, 0x8D, 0x15, 0x47, 0xD3, 0x00,
	0x00, 0x48, 0x8D, 0x8D, 0xC0, 0x01, 0x00, 0x00, 0xE8, 0x03, 0x36, 0x00,
	0x00, 0x90, 0x0F, 0x57, 0xC0, 0x0F, 0x11, 0x85, 0xE0, 0x01, 0x00, 0x00,
	0x4C, 0x89, 0xA5, 0xF0, 0x01, 0x00, 0x00, 0x4C, 0x89, 0xA5, 0xF8, 0x01,
	0x00, 0x00, 0x41, 0xB8, 0x03, 0x00, 0x00, 0x00, 0x48, 0x8D, 0x15, 0x01,
	0xD6, 0x00, 0x00, 0x48, 0x8D, 0x8D, 0xE0, 0x01, 0x00, 0x00, 0xE8, 0xD1,
	0x35, 0x00, 0x00, 0x90, 0x0F, 0x57, 0xC0, 0x0F, 0x11, 0x85, 0x00, 0x02,
	0x00, 0x00, 0x4C, 0x89, 0xA5, 0x10, 0x02, 0x00, 0x00, 0x4C, 0x89, 0xA5,
	0x18, 0x02, 0x00, 0x00, 0x41, 0xB8, 0x11, 0x00, 0x00, 0x00, 0x48, 0x8D,
	0x15, 0x0B, 0xD3, 0x00, 0x00, 0x48, 0x8D, 0x8D, 0x00, 0x02, 0x00, 0x00,
	0xE8, 0x9F, 0x35, 0x00, 0x00, 0x90, 0x0F, 0x57, 0xC0, 0xF3, 0x0F, 0x7F,
	0x85, 0x80, 0x03, 0x00, 0x00, 0x4C, 0x89, 0xA5, 0x90, 0x03, 0x00, 0x00,
	0xBA, 0x05, 0x00, 0x00, 0x00, 0x48, 0x8D, 0x8D, 0x80, 0x03, 0x00, 0x00,
	0xE8, 0xBB, 0x52, 0x00, 0x00, 0x48, 0x8D, 0x85, 0x80, 0x03, 0x00, 0x00,
	0x48, 0x89, 0x85, 0x48, 0x03, 0x00, 0x00, 0x48, 0x8D, 0xBD, 0x80, 0x01,
	0x00, 0x00, 0x0F, 0x57, 0xC0, 0x0F, 0x11, 0x44, 0x24, 0x30, 0x48, 0x8B,
	0x9D, 0x80, 0x03, 0x00, 0x00, 0x48, 0x89, 0x5C, 0x24, 0x30, 0x48, 0x89,
	0x5C, 0x24, 0x38, 0x48, 0x8D, 0x85, 0x80, 0x03, 0x00, 0x00, 0x48, 0x89,
	0x44, 0x24, 0x40, 0x90, 0x48, 0x8B, 0xD7, 0x48, 0x8B, 0xCB, 0xE8, 0x25,
	0x2A, 0x00, 0x00, 0x48, 0x83, 0xC3, 0x20, 0x48, 0x89, 0x5C, 0x24, 0x38,
	0x48, 0x83, 0xC7, 0x20, 0x48, 0x8D, 0x85, 0x20, 0x02, 0x00, 0x00, 0x48,
	0x3B, 0xF8, 0x75, 0xDC, 0x48, 0x89, 0x9D, 0x88, 0x03, 0x00, 0x00, 0x4C,
	0x8D, 0x0D, 0x7E, 0x14, 0x00, 0x00, 0xBA, 0x20, 0x00, 0x00, 0x00, 0x41,
	0xB8, 0x05, 0x00, 0x00, 0x00, 0x48, 0x8D, 0x8D, 0x80, 0x01, 0x00, 0x00,
	0xE8, 0x1B, 0x75, 0x00, 0x00, 0x48, 0x8B, 0xBD, 0x80, 0x03, 0x00, 0x00,
	0x4C, 0x8B, 0xB5, 0x88, 0x03, 0x00, 0x00, 0x49, 0x3B, 0xFE, 0x0F, 0x84,
	0x67, 0x01, 0x00, 0x00, 0x48, 0x8B, 0xD7, 0x48, 0x8D, 0x4D, 0xF0, 0xE8,
	0xC4, 0x29, 0x00, 0x00, 0x48, 0x8D, 0x85, 0xA0, 0x03, 0x00, 0x00, 0x48,
	0x89, 0x45, 0x10, 0x0F, 0x57, 0xC0, 0x33, 0xC0, 0x0F, 0x11, 0x44, 0x24,
	0x30, 0x48, 0x89, 0x44, 0x24, 0x40, 0x48, 0x8D, 0x55, 0xF0, 0x48, 0x8D,
	0x4D, 0xB0, 0xE8, 0x9D, 0x29, 0x00, 0x00, 0x48, 0x8B, 0x45, 0x10, 0x48,
	0x89, 0x45, 0xD0, 0xB9, 0x20, 0x01, 0x00, 0x00, 0xE8, 0x83, 0x74, 0x00,
	0x00, 0x48, 0x8B, 0xD8, 0x48, 0x89, 0x85, 0x48, 0x03, 0x00, 0x00, 0x33,
	0xD2, 0x41, 0xB8, 0x20, 0x01, 0x00, 0x00, 0x48, 0x8B, 0xC8, 0xE8, 0x1F,
	0x83, 0x00, 0x00, 0x48, 0x8D, 0x55, 0xB0, 0x48, 0x8B, 0xCB, 0xE8, 0xD5,
	0x3A, 0x00, 0x00, 0x48, 0x8B, 0xD8, 0x48, 0x89, 0x44, 0x24, 0x30, 0xC6,
	0x44, 0x24, 0x38, 0x00, 0xC6, 0x44, 0x24, 0x40, 0x00, 0x48, 0x8D, 0x4D,
	0xB0, 0xE8, 0xEA, 0x39, 0x00, 0x00, 0x48, 0x85, 0xDB, 0x0F, 0x84, 0x64,
	0x04, 0x00, 0x00, 0x48, 0x89, 0x9D, 0x50, 0x03, 0x00, 0x00, 0xC6, 0x85,
	0x58, 0x03, 0x00, 0x00, 0x01, 0xF0, 0xFF, 0x43, 0x08, 0xB8, 0xFF, 0xFF,
	0xFF, 0xFF, 0xF0, 0x0F, 0xC1, 0x43, 0x08, 0x83, 0xF8, 0x01, 0x75, 0x24,
	0x48, 0x8B, 0x8B, 0xC8, 0x00, 0x00, 0x00, 0x48, 0x85, 0xC9, 0x74, 0x0A,
	0x48, 0x8B, 0x01, 0x48, 0x8B, 0xD3, 0xFF, 0x10, 0xEB, 0x0E, 0x48, 0x8B,
	0x03, 0xBA, 0x01, 0x00, 0x00, 0x00, 0x48, 0x8B, 0xCB, 0xFF, 0x10, 0x90,
	0x48, 0x8B, 0x95, 0x70, 0x03, 0x00, 0x00, 0x48, 0x3B, 0x95, 0x78, 0x03,
	0x00, 0x00, 0x74, 0x14, 0x49, 0x8B, 0xCC, 0x48, 0x89, 0x1A, 0xC6, 0x42,
	0x08, 0x01, 0x48, 0x83, 0x85, 0x70, 0x03, 0x00, 0x00, 0x10, 0xEB, 0x1A,
	0x4C, 0x8D, 0x85, 0x50, 0x03, 0x00, 0x00, 0x48, 0x8D, 0x8D, 0x68, 0x03,
	0x00, 0x00, 0xE8, 0xD5, 0x3B, 0x00, 0x00, 0x48, 0x8B, 0x8D, 0x50, 0x03,
	0x00, 0x00, 0x48, 0x85, 0xC9, 0x74, 0x33, 0xB8, 0xFF, 0xFF, 0xFF, 0xFF,
	0xF0, 0x0F, 0xC1, 0x41, 0x08, 0x83, 0xF8, 0x01, 0x75, 0x24, 0x4C, 0x8B,
	0x81, 0xC8, 0x00, 0x00, 0x00, 0x4D, 0x85, 0xC0, 0x74, 0x0D, 0x49, 0x8B,
	0x00, 0x48, 0x8B, 0xD1, 0x49, 0x8B, 0xC8, 0xFF, 0x10, 0xEB, 0x0B, 0x48,
	0x8B, 0x01, 0xBA, 0x01, 0x00, 0x00, 0x00, 0xFF, 0x10, 0x90, 0x48, 0x8D,
	0x4D, 0xF0, 0xE8, 0x1D, 0x39, 0x00, 0x00, 0x48, 0x83, 0xC7, 0x20, 0x49,
	0x3B, 0xFE, 0x0F, 0x85, 0xA0, 0xFE, 0xFF, 0xFF, 0x4C, 0x8B, 0xB5, 0x88,
	0x03, 0x00, 0x00, 0x48, 0x8B, 0xBD, 0x68, 0x03, 0x00, 0x00, 0x4C, 0x8B,
	0xBD, 0x70, 0x03, 0x00, 0x00, 0x49, 0x3B, 0xFF, 0x0F, 0x84, 0xA5, 0x00,
	0x00, 0x00, 0x66, 0x90, 0x48, 0x8B, 0x0F, 0x48, 0x85, 0xC9, 0x0F, 0x84,
	0x5C, 0x03, 0x00, 0x00, 0x80, 0x7F, 0x08, 0x00, 0x74, 0x0D, 0x80, 0xB9,
	0xB8, 0x00, 0x00, 0x00, 0x00, 0x0F, 0x85, 0x49, 0x03, 0x00, 0x00, 0x48,
	0x8B, 0x01, 0xFF, 0x50, 0x08, 0x48, 0x83, 0xC7, 0x10, 0x49, 0x3B, 0xFF,
	0x75, 0xD2, 0x4C, 0x8B, 0xBD, 0x70, 0x03, 0x00, 0x00, 0x48, 0x8B, 0xBD,
	0x68, 0x03, 0x00, 0x00, 0x4C, 0x8B, 0xB5, 0x88, 0x03, 0x00, 0x00, 0x49,
	0x3B, 0xFF, 0x74, 0x5B, 0x48, 0x8B, 0x0F, 0x48, 0x85, 0xC9, 0x74, 0x32,
	0xB8, 0xFF, 0xFF, 0xFF, 0xFF, 0xF0, 0x0F, 0xC1, 0x41, 0x08, 0x83, 0xF8,
	0x01, 0x75, 0x23, 0x4C, 0x8B, 0x81, 0xC8, 0x00, 0x00, 0x00, 0x4D, 0x85,
	0xC0, 0x74, 0x0D, 0x49, 0x8B, 0x00, 0x48, 0x8B, 0xD1, 0x49, 0x8B, 0xC8,
	0xFF, 0x10, 0xEB, 0x0A, 0x48, 0x8B, 0x01, 0xBA, 0x01, 0x00, 0x00, 0x00,
	0xFF, 0x10, 0x48, 0x83, 0xC7, 0x10, 0x49, 0x3B, 0xFF, 0x75, 0xBD, 0x48,
	0x8B, 0xBD, 0x68, 0x03, 0x00, 0x00, 0x4C, 0x8B, 0xFF, 0x48, 0x89, 0xBD,
	0x70, 0x03, 0x00, 0x00, 0x4C, 0x8B, 0xB5, 0x88, 0x03, 0x00, 0x00, 0x48,
	0x8B, 0x05, 0x8E, 0x53, 0x01, 0x00, 0x48, 0x89, 0x85, 0x48, 0x03, 0x00,
	0x00, 0x48, 0x8B, 0x18, 0x48, 0x3B, 0xD8, 0x0F, 0x84, 0x59, 0x01, 0x00,
	0x00, 0x0F, 0x1F, 0x00, 0x48, 0x8B, 0xBD, 0x80, 0x03, 0x00, 0x00, 0x49,
	0x3B, 0xFE, 0x74, 0x51, 0x4C, 0x8B, 0x63, 0x28, 0x4C, 0x8B, 0x6B, 0x20,
	0x48, 0x8D, 0x53, 0x10, 0x49, 0x83, 0xFC, 0x0F, 0x76, 0x04, 0x48, 0x8B,
	0x53, 0x10, 0x48, 0x8B, 0xCF, 0x48, 0x83, 0x7F, 0x18, 0x0F, 0x76, 0x03,
	0x48, 0x8B, 0x0F, 0x4C, 0x8B, 0x47, 0x10, 0x4D, 0x3B, 0xC5, 0x75, 0x0E,
	0x4D, 0x85, 0xC0, 0x74, 0x14, 0xE8, 0xF0, 0x80, 0x00, 0x00, 0x85, 0xC0,
	0x74, 0x0B, 0x48, 0x83, 0xC7, 0x20, 0x49, 0x3B, 0xFE, 0x75, 0xC5, 0xEB,
	0x09, 0x49, 0x3B, 0xFE, 0x0F, 0x85, 0xDC, 0x00, 0x00, 0x00, 0x45, 0x33,
	0xE4, 0x48, 0x8D, 0x45, 0xB0, 0x48, 0x89, 0x85, 0x40, 0x03, 0x00, 0x00,
	0x48, 0x8D, 0x53, 0x10, 0x48, 0x8D, 0x4D, 0xB0, 0xE8, 0x1B, 0x27, 0x00,
	0x00, 0x90, 0x48, 0x8D, 0x53, 0x30, 0x48, 0x8D, 0x4D, 0xD0, 0xE8, 0x1D,
	0x1D, 0x00, 0x00, 0x90, 0x48, 0x8D, 0x85, 0xA0, 0x03, 0x00, 0x00, 0x48,
	0x89, 0x45, 0xE8, 0x4C, 0x8D, 0x45, 0xB0, 0x48, 0x8D, 0x8D, 0x50, 0x03,
	0x00, 0x00, 0xE8, 0xE1, 0x16, 0x00, 0x00, 0x90, 0x48, 0x8B, 0x95, 0x70,
	0x03, 0x00, 0x00, 0x48, 0x3B, 0x95, 0x78, 0x03, 0x00, 0x00, 0x74, 0x17,
	0x48, 0x8B, 0x08, 0x4C, 0x89, 0x20, 0x48, 0x89, 0x0A, 0xC6, 0x42, 0x08,
	0x01, 0x48, 0x83, 0x85, 0x70, 0x03, 0x00, 0x00, 0x10, 0xEB, 0x10, 0x4C,
	0x8B, 0xC0, 0x48, 0x8D, 0x8D, 0x68, 0x03, 0x00, 0x00, 0xE8, 0xCA, 0x39,
	0x00, 0x00, 0x90, 0x48, 0x8B, 0x8D, 0x50, 0x03, 0x00, 0x00, 0x48, 0x85,
	0xC9, 0x74, 0x33, 0xB8, 0xFF, 0xFF, 0xFF, 0xFF, 0xF0, 0x0F, 0xC1, 0x41,
	0x08, 0x83, 0xF8, 0x01, 0x75, 0x24, 0x4C, 0x8B, 0x81, 0xC8, 0x00, 0x00,
	0x00, 0x4D, 0x85, 0xC0, 0x74, 0x0D, 0x49, 0x8B, 0x00, 0x48, 0x8B, 0xD1,
	0x49, 0x8B, 0xC8, 0xFF, 0x10, 0xEB, 0x0B, 0x48, 0x8B, 0x01, 0xBA, 0x01,
	0x00, 0x00, 0x00, 0xFF, 0x10, 0x90, 0x48, 0x8D, 0x4D, 0xD0, 0xE8, 0xC1,
	0x32, 0x00, 0x00, 0x48, 0x8D, 0x4D, 0xB0, 0xE8, 0x08, 0x37, 0x00, 0x00,
	0x4C, 0x8B, 0xBD, 0x70, 0x03, 0x00, 0x00, 0x4C, 0x8B, 0xB5, 0x88, 0x03,
	0x00, 0x00, 0x48, 0x8B, 0x03, 0x48, 0x8B, 0xD8, 0x48, 0x3B, 0x85, 0x48,
	0x03, 0x00, 0x00, 0x41, 0xBC, 0x00, 0x00, 0x00, 0x00, 0x0F, 0x85, 0xB1,
	0xFE, 0xFF, 0xFF, 0x48, 0x8B, 0xBD, 0x68, 0x03, 0x00, 0x00, 0x49, 0x3B,
	0xFF, 0x74, 0x33, 0x0F, 0x1F, 0x44, 0x00, 0x00, 0x48, 0x8B, 0x0F, 0x48,
	0x85, 0xC9, 0x0F, 0x84, 0x3C, 0x01, 0x00, 0x00, 0x80, 0x7F, 0x08, 0x00,
	0x74, 0x0D, 0x80, 0xB9, 0xB8, 0x00, 0x00, 0x00, 0x00, 0x0F, 0x85, 0x29,
	0x01, 0x00, 0x00, 0x48, 0x8B, 0x01, 0xFF, 0x50, 0x08, 0x48, 0x83, 0xC7,
	0x10, 0x49, 0x3B, 0xFF, 0x75, 0xD2, 0x48, 0x8D, 0x8D, 0x80, 0x03, 0x00,
	0x00, 0xE8, 0x46, 0x32, 0x00, 0x00, 0x90, 0x48, 0x8B, 0x9D, 0x68, 0x03,
	0x00, 0x00, 0x48, 0x85, 0xDB, 0x0F, 0x84, 0xB5, 0x00, 0x00, 0x00, 0x48,
	0x8B, 0xBD, 0x70, 0x03, 0x00, 0x00, 0x48, 0x3B, 0xDF, 0x74, 0x4A, 0x48,
	0x8B, 0x0B, 0x48, 0x85, 0xC9, 0x74, 0x32, 0xB8, 0xFF, 0xFF, 0xFF, 0xFF,
	0xF0, 0x0F, 0xC1, 0x41, 0x08, 0x83, 0xF8, 0x01, 0x75, 0x23, 0x4C, 0x8B,
	0x81, 0xC8, 0x00, 0x00, 0x00, 0x4D, 0x85, 0xC0, 0x74, 0x0D, 0x49, 0x8B,
	0x00, 0x48, 0x8B, 0xD1, 0x49, 0x8B, 0xC8, 0xFF, 0x10, 0xEB, 0x0A, 0x48,
	0x8B, 0x01, 0xBA, 0x01, 0x00, 0x00, 0x00, 0xFF, 0x10, 0x48, 0x83, 0xC3,
	0x10, 0x48, 0x3B, 0xDF, 0x75, 0xBD, 0x48, 0x8B, 0x9D, 0x68, 0x03, 0x00,
	0x00, 0x48, 0x8B, 0x95, 0x78, 0x03, 0x00, 0x00, 0x48, 0x2B, 0xD3, 0x48,
	0x83, 0xE2, 0xF0, 0x48, 0x8B, 0xC3, 0x48, 0x81, 0xFA, 0x00, 0x10, 0x00,
	0x00, 0x72, 0x2B, 0x48, 0x83, 0xC2, 0x27, 0x48, 0x8B, 0x5B, 0xF8, 0x48,
	0x2B, 0xC3, 0x48, 0x83, 0xE8, 0x08, 0x48, 0x83, 0xF8, 0x1F, 0x76, 0x16,
	0x4C, 0x89, 0x64, 0x24, 0x20, 0x45, 0x33, 0xC9, 0x45, 0x33, 0xC0, 0x33,
	0xD2, 0x33, 0xC9, 0xFF, 0x15, 0x33, 0xA5, 0x00, 0x00, 0xCC, 0x48, 0x8B,
	0xCB, 0xE8, 0x7E, 0x73, 0x00, 0x00, 0x0F, 0x57, 0xC0, 0xF3, 0x0F, 0x7F,
	0x85, 0x68, 0x03, 0x00, 0x00, 0x4C, 0x89, 0xA5, 0x78, 0x03, 0x00, 0x00,
	0x48, 0x8D, 0x8D, 0xB8, 0x03, 0x00, 0x00, 0xE8, 0xD4, 0x16, 0x00, 0x00,
	0x48, 0x8D, 0x8D, 0xA8, 0x03, 0x00, 0x00, 0xE8, 0x98, 0x19, 0x00, 0x00,
	0x48, 0x8B, 0x8D, 0xE0, 0x03, 0x00, 0x00, 0x48, 0x33, 0xCC, 0xE8, 0xF9,
	0x6E, 0x00, 0x00, 0x4C, 0x8D, 0x9C, 0x24, 0xF0, 0x04, 0x00, 0x00, 0x49,
	0x8B, 0x5B, 0x30, 0x49, 0x8B, 0x73, 0x38, 0x49, 0x8B, 0x7B, 0x40, 0x49,
	0x8B, 0xE3, 0x41, 0x5F, 0x41, 0x5E, 0x41, 0x5D, 0x41, 0x5C, 0x5D, 0xC3,
	0xB9, 0x04, 0x00, 0x00, 0x00, 0xE8, 0xDE, 0xD0, 0xFF, 0xFF, 0x90, 0xB9,
	0x04, 0x00, 0x00, 0x00, 0xE8, 0xD3, 0xD0, 0xFF, 0xFF, 0xCC, 0xCC, 0xCC,
	0x48, 0x89, 0x5C, 0x24, 0x10, 0x48, 0x89, 0x74, 0x24, 0x18, 0x57, 0x41,
	0x54, 0x41, 0x55, 0x41, 0x56, 0x41, 0x57, 0x48, 0x81, 0xEC, 0xE0, 0x00,
	0x00, 0x00, 0x48, 0x8B, 0x05, 0xBF, 0x30, 0x01, 0x00, 0x48, 0x33, 0xC4,
	0x48, 0x89, 0x84, 0x24, 0xD0, 0x00, 0x00, 0x00, 0x48, 0x8B, 0xF9, 0x48,
	0x89, 0x4C, 0x24, 0x20, 0x48, 0x8D, 0x15, 0x9D, 0xD1, 0x00, 0x00, 0x48,
	0x8B, 0x0D, 0x5E, 0xA3, 0x00, 0x00, 0xE8, 0x59, 0x12, 0x00, 0x00, 0x48,
	0x8B, 0xD7, 0x48, 0x83, 0x7F, 0x18, 0x0F, 0x76, 0x03, 0x48, 0x8B, 0x17,
	0x4C, 0x8B, 0x47, 0x10, 0x48, 0x8B, 0xC8, 0xE8, 0x10, 0x27, 0x00, 0x00,
	0x48, 0x8D, 0x15, 0x59, 0xD1, 0x00, 0x00, 0x48, 0x8B, 0xC8, 0xE8, 0x31,
	0x12, 0x00, 0x00, 0x48, 0x8D, 0x15, 0x0A, 0x14, 0x00, 0x00, 0x48, 0x8B,
	0xC8, 0xFF, 0x15, 0x59, 0xA2, 0x00, 0x00, 0x4C, 0x8B, 0xC7, 0x48, 0x8D,
	0x54, 0x24, 0x40, 0x48, 0x8D, 0x0D, 0x22, 0x50, 0x01, 0x00, 0xE8, 0x6D,
	0x2B, 0x00, 0x00, 0x4C, 0x8B, 0x20, 0x48, 0x8B, 0xCF, 0xE8, 0xA2, 0xD3,
	0xFF, 0xFF, 0x44, 0x8B, 0xF0, 0x45, 0x32, 0xED, 0x85, 0xC0, 0x0F, 0x85,
	0x1D, 0x01, 0x00, 0x00, 0x48, 0x8B, 0x77, 0x20, 0x48, 0x8B, 0x5E, 0x08,
	0x4C, 0x8B, 0xC7, 0x48, 0x8D, 0x54, 0x24, 0x28, 0x48, 0x8B, 0xCE, 0xE8,
	0x0C, 0x19, 0x00, 0x00, 0x48, 0x39, 0x18, 0x0F, 0x84, 0x91, 0x02, 0x00,
	0x00, 0x4C, 0x8B, 0xC7, 0x48, 0x8D, 0x54, 0x24, 0x28, 0x48, 0x8B, 0xCE,
	0xE8, 0x23, 0x2B, 0x00, 0x00, 0x48, 0x8B, 0x00, 0x48, 0x8B, 0x58, 0x30,
	0x4C, 0x8B, 0x78, 0x38, 0x0F, 0x1F, 0x84, 0x00, 0x00, 0x00, 0x00, 0x00,
	0x49, 0x3B, 0xDF, 0x0F, 0x84, 0x65, 0x02, 0x00, 0x00, 0x48, 0x8D, 0x15,
	0xF8, 0xD0, 0x00, 0x00, 0x48, 0x8B, 0x0D, 0x99, 0xA2, 0x00, 0x00, 0xE8,
	0x94, 0x11, 0x00, 0x00, 0x48, 0x8B, 0xD3, 0x48, 0x83, 0x7B, 0x18, 0x0F,
	0x76, 0x03, 0x48, 0x8B, 0x13, 0x48, 0x8D, 0x73, 0x10, 0x4C, 0x8B, 0x06,
	0x48, 0x8B, 0xC8, 0xE8, 0x48, 0x26, 0x00, 0x00, 0x48, 0x8D, 0x15, 0xBD,
	0xD0, 0x00, 0x00, 0x48, 0x8B, 0xC8, 0xE8, 0x69, 0x11, 0x00, 0x00, 0x48,
	0x8B, 0xD7, 0x48, 0x83, 0x7F, 0x18, 0x0F, 0x76, 0x03, 0x48, 0x8B, 0x17,
	0x4C, 0x8B, 0x47, 0x10, 0x48, 0x8B, 0xC8, 0xE8, 0x20, 0x26, 0x00, 0x00,
	0x48, 0x8D, 0x15, 0x29, 0x13, 0x00, 0x00, 0x48, 0x8B, 0xC8, 0xFF, 0x15,
	0x78, 0xA1, 0x00, 0x00, 0x48, 0x8B, 0xCB, 0xE8, 0xD8, 0xD2, 0xFF, 0xFF,
	0x44, 0x8B, 0xF0, 0x85, 0xC0, 0x0F, 0x84, 0xE2, 0x01, 0x00, 0x00, 0x48,
	0x8D, 0x15, 0x8E, 0xD0, 0x00, 0x00, 0x48, 0x8B, 0x0D, 0x1F, 0xA2, 0x00,
	0x00, 0xE8, 0x1A, 0x11, 0x00, 0x00, 0x48, 0x83, 0x7B, 0x18, 0x0F, 0x76,
	0x03, 0x48, 0x8B, 0x1B, 0x4C, 0x8B, 0x06, 0x48, 0x8B, 0xD3, 0x48, 0x8B,
	0xC8, 0xE8, 0xD2, 0x25, 0x00, 0x00, 0x48, 0x8D, 0x15, 0xEB, 0xCD, 0x00,
	0x00, 0x48, 0x8B, 0xC8, 0xE8, 0xF3, 0x10, 0x00, 0x00, 0x41, 0x8B, 0xD6,
	0x48, 0x8B, 0xC8, 0xFF, 0x15, 0x37, 0xA1, 0x00, 0x00, 0x48, 0x8D, 0x15,
	0xC0, 0x12, 0x00, 0x00, 0x48, 0x8B, 0xC8, 0xFF, 0x15, 0x0F, 0xA1, 0x00,
	0x00, 0x48, 0x8D, 0x15, 0x88, 0xD0, 0x00, 0x00, 0x48, 0x8B, 0x0D, 0xC9,
	0xA1, 0x00, 0x00, 0xE8, 0xC4, 0x10, 0x00, 0x00, 0x48, 0x8B, 0xD7, 0x48,
	0x83, 0x7F, 0x18, 0x0F, 0x76, 0x03, 0x48, 0x8B, 0x17, 0x4C, 0x8B, 0x47,
	0x10, 0x48, 0x8B, 0xC8, 0xE8, 0x7B, 0x25, 0x00, 0x00, 0x48, 0x8D, 0x15,
	0x44, 0xD0, 0x00, 0x00, 0x48, 0x8B, 0xC8, 0xE8, 0x9C, 0x10, 0x00, 0x00,
	0x41, 0x8B, 0xD6, 0x48, 0x8B, 0xC8, 0xFF, 0x15, 0xE0, 0xA0, 0x00, 0x00,
	0x48, 0x8D, 0x15, 0x11, 0xD0, 0x00, 0x00, 0x48, 0x8B, 0xC8, 0xE8, 0x81,
	0x10, 0x00, 0x00, 0x48, 0x8D, 0x15, 0x5A, 0x12, 0x00, 0x00, 0x48, 0x8B,
	0xC8, 0xFF, 0x15, 0xA9, 0xA0, 0x00, 0x00, 0x49, 0x8B, 0x5C, 0x24, 0x30,
	0x4D, 0x8B, 0x7C, 0x24, 0x38, 0x0F, 0x1F, 0x80, 0x00, 0x00, 0x00, 0x00,
	0x49, 0x3B, 0xDF, 0x0F, 0x84, 0x62, 0x01, 0x00, 0x00, 0x48, 0x8B, 0xD3,
	0x48, 0x8D, 0x8C, 0x24, 0x90, 0x00, 0x00, 0x00, 0xE8, 0xE7, 0xEC, 0xFF,
	0xFF, 0x90, 0x0F, 0x57, 0xC0, 0x0F, 0x11, 0x44, 0x24, 0x50, 0x0F, 0x11,
	0x44, 0x24, 0x60, 0x0F, 0x11, 0x44, 0x24, 0x70, 0x0F, 0x11, 0x84, 0x24,
	0x80, 0x00, 0x00, 0x00, 0x4C, 0x8D, 0x84, 0x24, 0x90, 0x00, 0x00, 0x00,
	0x41, 0x8B, 0xD6, 0x48, 0x8D, 0x4C, 0x24, 0x50, 0xE8, 0x77, 0xDF, 0xFF,
	0xFF, 0x90, 0x48, 0x8B, 0x74, 0x24, 0x60, 0x48, 0x85, 0xF6, 0x0F, 0x84,
	0x8F, 0x00, 0x00, 0x00, 0x48, 0x8D, 0x15, 0xED, 0xCF, 0x00, 0x00, 0x48,
	0x8B, 0x0D, 0xFA, 0xA0, 0x00, 0x00, 0xE8, 0xF5, 0x0F, 0x00, 0x00, 0x48,
	0x8B, 0xD6, 0x48, 0x8B, 0xC8, 0xFF, 0x15, 0x41, 0xA0, 0x00, 0x00, 0x48,
	0x8D, 0x15, 0xBA, 0xCF, 0x00, 0x00, 0x48, 0x8B, 0xC8, 0xE8, 0xDA, 0x0F,
	0x00, 0x00, 0x48, 0x8B, 0xD3, 0x48, 0x83, 0x7B, 0x18, 0x0F, 0x76, 0x03,
	0x48, 0x8B, 0x13, 0x4C, 0x8B, 0x43, 0x10, 0x48, 0x8B, 0xC8, 0xE8, 0x91,
	0x24, 0x00, 0x00, 0x48, 0x8D, 0x15, 0x82, 0xCF, 0x00, 0x00, 0x48, 0x8B,
	0xC8, 0xE8, 0xB2, 0x0F, 0x00, 0x00, 0x48, 0x8B, 0xD7, 0x48, 0x83, 0x7F,
	0x18, 0x0F, 0x76, 0x03, 0x48, 0x8B, 0x17, 0x4C, 0x8B, 0x47, 0x10, 0x48,
	0x8B, 0xC8, 0xE8, 0x69, 0x24, 0x00, 0x00, 0x48, 0x8D, 0x15, 0x72, 0x11,
	0x00, 0x00, 0x48, 0x8B, 0xC8, 0xFF, 0x15, 0xC1, 0x9F, 0x00, 0x00, 0x48,
	0x8D, 0x54, 0x24, 0x50, 0x41, 0x8B, 0xCE, 0xE8, 0x5C, 0xE6, 0xFF, 0xFF,
	0x41, 0xB5, 0x01, 0x48, 0x8D, 0x4C, 0x24, 0x50, 0xE8, 0x2F, 0x0C, 0x00,
	0x00, 0x90, 0x48, 0x8D, 0x8C, 0x24, 0xB0, 0x00, 0x00, 0x00, 0xE8, 0x31,
	0x32, 0x00, 0x00, 0x48, 0x8D, 0x8C, 0x24, 0x90, 0x00, 0x00, 0x00, 0xE8,
	0xD4, 0x2D, 0x00, 0x00, 0x48, 0x83, 0xC3, 0x20, 0xE9, 0xEB, 0xFE, 0xFF,
	0xFF, 0x48, 0x83, 0xC3, 0x20, 0xE9, 0x92, 0xFD, 0xFF, 0xFF, 0x48, 0x8D,
	0x15, 0x83, 0xCF, 0x00, 0x00, 0x48, 0x8B, 0x0D, 0x34, 0xA0, 0x00, 0x00,
	0xE8, 0x2F, 0x0F, 0x00, 0x00, 0x48, 0x8B, 0xD7, 0x48, 0x83, 0x7F, 0x18,
	0x0F, 0x76, 0x03, 0x48, 0x8B, 0x17, 0x4C, 0x8B, 0x47, 0x10, 0x48, 0x8B,
	0xC8, 0xE8, 0xE6, 0x23, 0x00, 0x00, 0x48, 0x8D, 0x15, 0x37, 0xCF, 0x00,
	0x00, 0x48, 0x8B, 0xC8, 0xE8, 0x07, 0x0F, 0x00, 0x00, 0x48, 0x8D, 0x15,
	0xE0, 0x10, 0x00, 0x00, 0x48, 0x8B, 0xC8, 0xFF, 0x15, 0x2F, 0x9F, 0x00,
	0x00, 0xEB, 0x42, 0x45, 0x84, 0xED, 0x75, 0x3D, 0x48, 0x8D, 0x15, 0xE1,
	0xCE, 0x00, 0x00, 0x48, 0x8B, 0x0D, 0xE2, 0x9F, 0x00, 0x00, 0xE8, 0xDD,
	0x0E, 0x00, 0x00, 0x48, 0x8B, 0xD7, 0x48, 0x83, 0x7F, 0x18, 0x0F, 0x76,
	0x03, 0x48, 0x8B, 0x17, 0x4C, 0x8B, 0x47, 0x10, 0x48, 0x8B, 0xC8, 0xE8,
	0x94, 0x23, 0x00, 0x00, 0x48, 0x8D, 0x15, 0x9D, 0x10, 0x00, 0x00, 0x48,
	0x8B, 0xC8, 0xFF, 0x15, 0xEC, 0x9E, 0x00, 0x00, 0x90, 0x48, 0x8B, 0x8C,
	0x24, 0xD0, 0x00, 0x00, 0x00, 0x48, 0x33, 0xCC, 0xE8, 0xC3, 0x6A, 0x00,
	0x00, 0x4C, 0x8D, 0x9C, 0x24, 0xE0, 0x00, 0x00, 0x00, 0x49, 0x8B, 0x5B,
	0x38, 0x49, 0x8B, 0x73, 0x40, 0x49, 0x8B, 0xE3, 0x41, 0x5F, 0x41, 0x5E,
	0x41, 0x5D, 0x41, 0x5C, 0x5F, 0xC3, 0xCC, 0xCC, 0xCC, 0xCC, 0xCC, 0xCC,
	0x48, 0x89, 0x5C, 0x24, 0x10, 0x48, 0x89, 0x74, 0x24, 0x18, 0x48, 0x89,
	0x7C, 0x24, 0x20, 0x41, 0x56, 0x48, 0x81, 0xEC, 0x20, 0x01, 0x00, 0x00,
	0x48, 0x8B, 0x05, 0xA1, 0x2C, 0x01, 0x00, 0x48, 0x33, 0xC4, 0x48, 0x89,
	0x84, 0x24, 0x10, 0x01, 0x00, 0x00, 0x48, 0x8B, 0xF1, 0x48, 0x8B, 0xD1,
	0x48, 0x8D, 0x4C, 0x24, 0x38, 0xE8, 0x76, 0x20, 0x00, 0x00, 0x90, 0x33,
	0xC0, 0x0F, 0x57, 0xC9, 0xF3, 0x0F, 0x7F, 0x4C, 0x24, 0x58, 0x48, 0x89,
	0x44, 0x24, 0x68, 0x48, 0x8B, 0x56, 0x28, 0x48, 0x2B, 0x56, 0x20, 0x48,
	0xC1, 0xFA, 0x05, 0x48, 0x85, 0xD2, 0x74, 0x68, 0x48, 0x8D, 0x4C, 0x24,
	0x58, 0xE8, 0x9A, 0x48, 0x00, 0x00, 0x48, 0x8D, 0x44, 0x24, 0x58, 0x48,
	0x89, 0x44, 0x24, 0x20, 0x48, 0x8B, 0x7E, 0x20, 0x4C, 0x8B, 0x76, 0x28,
	0x0F, 0x57, 0xC0, 0x0F, 0x11, 0x44, 0x24, 0x70, 0x48, 0x8B, 0x5C, 0x24,
	0x58, 0x48, 0x89, 0x5C, 0x24, 0x70, 0x48, 0x89, 0x5C, 0x24, 0x78, 0x48,
	0x8D, 0x44, 0x24, 0x58, 0x48, 0x89, 0x84, 0x24, 0x80, 0x00, 0x00, 0x00,
	0x0F, 0x1F, 0x40, 0x00, 0x49, 0x3B, 0xFE, 0x74, 0x1A, 0x48, 0x8B, 0xD7,
	0x48, 0x8B, 0xCB, 0xE8, 0x00, 0x20, 0x00, 0x00, 0x48, 0x83, 0xC3, 0x20,
	0x48, 0x89, 0x5C, 0x24, 0x78, 0x48, 0x83, 0xC7, 0x20, 0xEB, 0xE1, 0x48,
	0x89, 0x5C, 0x24, 0x60, 0x48, 0x8D, 0x4C, 0x24, 0x38, 0xE8, 0x52, 0xCF,
	0xFF, 0xFF, 0x8B, 0xF8, 0x85, 0xC0, 0x0F, 0x85, 0xB9, 0x00, 0x00, 0x00,
	0x48, 0x8B, 0x7E, 0x38, 0x48, 0x8B, 0x5F, 0x08, 0x4C, 0x8D, 0x44, 0x24,
	0x38, 0x48, 0x8D, 0x54, 0x24, 0x20, 0x48, 0x8B, 0xCF, 0xE8, 0xBE, 0x14,
	0x00, 0x00, 0x48, 0x39, 0x18, 0x0F, 0x84, 0x29, 0x02, 0x00, 0x00, 0x4C,
	0x8D, 0x44, 0x24, 0x38, 0x48, 0x8D, 0x54, 0x24, 0x20, 0x48, 0x8B, 0xCF,
	0xE8, 0xD3, 0x26, 0x00, 0x00, 0x48, 0x8B, 0x00, 0x48, 0x8B, 0x58, 0x30,
	0x48, 0x8B, 0x70, 0x38, 0x0F, 0x1F, 0x84, 0x00, 0x00, 0x00, 0x00, 0x00,
	0x48, 0x3B, 0xDE, 0x0F, 0x84, 0xFB, 0x01, 0x00, 0x00, 0x48, 0x8B, 0xCB,
	0xE8, 0xEF, 0xCE, 0xFF, 0xFF, 0x8B, 0xF8, 0x85, 0xC0, 0x0F, 0x84, 0xE0,
	0x01, 0x00, 0x00, 0x48, 0x8D, 0x15, 0xA6, 0xCC, 0x00, 0x00, 0x48, 0x8B,
	0x0D, 0x37, 0x9E, 0x00, 0x00, 0xE8, 0x32, 0x0D, 0x00, 0x00, 0x48, 0x8B,
	0xD3, 0x48, 0x83, 0x7B, 0x18, 0x0F, 0x76, 0x03, 0x48, 0x8B, 0x13, 0x4C,
	0x8B, 0x43, 0x10, 0x48, 0x8B, 0xC8, 0xE8, 0xE9, 0x21, 0x00, 0x00, 0x48,
	0x8D, 0x15, 0x02, 0xCA, 0x00, 0x00, 0x48, 0x8B, 0xC8, 0xE8, 0x0A, 0x0D,
	0x00, 0x00, 0x8B, 0xD7, 0x48, 0x8B, 0xC8, 0xFF, 0x15, 0x4F, 0x9D, 0x00,
	0x00, 0x48, 0x8D, 0x15, 0xD8, 0x0E, 0x00, 0x00, 0x48, 0x8B, 0xC8, 0xFF,
	0x15, 0x27, 0x9D, 0x00, 0x00, 0x48, 0x8D, 0x15, 0xA0, 0xCC, 0x00, 0x00,
	0x48, 0x8B, 0x0D, 0xE1, 0x9D, 0x00, 0x00, 0xE8, 0xDC, 0x0C, 0x00, 0x00,
	0x48, 0x8D, 0x54, 0x24, 0x38, 0x48, 0x83, 0x7C, 0x24, 0x50, 0x0F, 0x48,
	0x0F, 0x47, 0x54, 0x24, 0x38, 0x4C, 0x8B, 0x44, 0x24, 0x48, 0x48, 0x8B,
	0xC8, 0xE8, 0x8E, 0x21, 0x00, 0x00, 0x48, 0x8D, 0x15, 0x3F, 0xCD, 0x00,
	0x00, 0x48, 0x8B, 0xC8, 0xE8, 0xAF, 0x0C, 0x00, 0x00, 0x48, 0x8D, 0x15,
	0x88, 0x0E, 0x00, 0x00, 0x48, 0x8B, 0xC8, 0xFF, 0x15, 0xD7, 0x9C, 0x00,
	0x00, 0x48, 0x8B, 0x5C, 0x24, 0x58, 0x4C, 0x8B, 0x74, 0x24, 0x60, 0x0F,
	0x1F, 0x44, 0x00, 0x00, 0x49, 0x3B, 0xDE, 0x0F, 0x84, 0x05, 0x02, 0x00,
	0x00, 0x48, 0x8B, 0xD3, 0x48, 0x8D, 0x8C, 0x24, 0xD0, 0x00, 0x00, 0x00,
	0xE8, 0x17, 0xE9, 0xFF, 0xFF, 0x90, 0x0F, 0x57, 0xC0, 0x0F, 0x11, 0x84,
	0x24, 0x90, 0x00, 0x00, 0x00, 0x0F, 0x11, 0x84, 0x24, 0xA0, 0x00, 0x00,
	0x00, 0x0F, 0x11, 0x84, 0x24, 0xB0, 0x00, 0x00, 0x00, 0x0F, 0x11, 0x84,
	0x24, 0xC0, 0x00, 0x00, 0x00, 0x4C, 0x8D, 0x84, 0x24, 0xD0, 0x00, 0x00,
	0x00, 0x8B, 0xD7, 0x48, 0x8D, 0x8C, 0x24, 0x90, 0x00, 0x00, 0x00, 0xE8,
	0x9C, 0xDB, 0xFF, 0xFF, 0x90, 0x48, 0x8B, 0xB4, 0x24, 0xA0, 0x00, 0x00,
	0x00, 0x48, 0x85, 0xF6, 0x0F, 0x84, 0x94, 0x00, 0x00, 0x00, 0x48, 0x8D,
	0x15, 0x0F, 0xCC, 0x00, 0x00, 0x48, 0x8B, 0x0D, 0x1C, 0x9D, 0x00, 0x00,
	0xE8, 0x17, 0x0C, 0x00, 0x00, 0x48, 0x8B, 0xD6, 0x48, 0x8B, 0xC8, 0xFF,
	0x15, 0x63, 0x9C, 0x00, 0x00, 0x48, 0x8D, 0x15, 0xDC, 0xCB, 0x00, 0x00,
	0x48, 0x8B, 0xC8, 0xE8, 0xFC, 0x0B, 0x00, 0x00, 0x48, 0x8B, 0xD3, 0x48,
	0x83, 0x7B, 0x18, 0x0F, 0x76, 0x03, 0x48, 0x8B, 0x13, 0x4C, 0x8B, 0x43,
	0x10, 0x48, 0x8B, 0xC8, 0xE8, 0xB3, 0x20, 0x00, 0x00, 0x48, 0x8D, 0x15,
	0xA4, 0xCB, 0x00, 0x00, 0x48, 0x8B, 0xC8, 0xE8, 0xD4, 0x0B, 0x00, 0x00,
	0x48, 0x8D, 0x54, 0x24, 0x38, 0x48, 0x83, 0x7C, 0x24, 0x50, 0x0F, 0x48,
	0x0F, 0x47, 0x54, 0x24, 0x38, 0x4C, 0x8B, 0x44, 0x24, 0x48, 0x48, 0x8B,
	0xC8, 0xE8, 0x86, 0x20, 0x00, 0x00, 0x48, 0x8D, 0x15, 0x8F, 0x0D, 0x00,
	0x00, 0x48, 0x8B, 0xC8, 0xFF, 0x15, 0xDE, 0x9B, 0x00, 0x00, 0x48, 0x8D,
	0x94, 0x24, 0x90, 0x00, 0x00, 0x00, 0x8B, 0xCF, 0xE8, 0x77, 0xE2, 0xFF,
	0xFF, 0x90, 0x48, 0x8D, 0x8C, 0x24, 0x90, 0x00, 0x00, 0x00, 0xE8, 0x49,
	0x08, 0x00, 0x00, 0x90, 0x48, 0x8D, 0x8C, 0x24, 0xF0, 0x00, 0x00, 0x00,
	0xE8, 0x4B, 0x2E, 0x00, 0x00, 0x48, 0x8D, 0x8C, 0x24, 0xD0, 0x00, 0x00,
	0x00, 0xE8, 0xEE, 0x29, 0x00, 0x00, 0x48, 0x83, 0xC3, 0x20, 0xE9, 0xD5,
	0xFE, 0xFF, 0xFF, 0x48, 0x83, 0xC3, 0x20, 0xE9, 0xFC, 0xFD, 0xFF, 0xFF,
	0x40, 0x32, 0xF6, 0x33, 0xD2, 0x33, 0xC9, 0x41, 0xB8, 0x3F, 0x00, 0x0F,
	0x00, 0xFF, 0x15, 0x61, 0x99, 0x00, 0x00, 0x48, 0x8B, 0xD8, 0x48, 0x85,
	0xC0, 0x74, 0x6E, 0x48, 0x8D, 0x54, 0x24, 0x38, 0x48, 0x83, 0x7C, 0x24,
	0x50, 0x0F, 0x48, 0x0F, 0x47, 0x54, 0x24, 0x38, 0x41, 0xB8, 0x04, 0x00,
	0x00, 0x00, 0x48, 0x8B, 0xC8, 0xFF, 0x15, 0x51, 0x99, 0x00, 0x00, 0x48,
	0x8B, 0xF8, 0x48, 0x85, 0xC0, 0x74, 0x24, 0x48, 0x8D, 0x54, 0x24, 0x70,
	0x48, 0x8B, 0xC8, 0xFF, 0x15, 0x13, 0x99, 0x00, 0x00, 0x85, 0xC0, 0x74,
	0x09, 0x83, 0x7C, 0x24, 0x74, 0x04, 0x40, 0x0F, 0x94, 0xC6, 0x48, 0x8B,
	0xCF, 0xFF, 0x15, 0x05, 0x99, 0x00, 0x00, 0x48, 0x8B, 0xCB, 0xFF, 0x15,
	0xFC, 0x98, 0x00, 0x00, 0x40, 0x84, 0xF6, 0x74, 0x14, 0x48, 0x8D, 0x4C,
	0x24, 0x38, 0xE8, 0xDD, 0xD2, 0xFF, 0xFF, 0x8B, 0xF8, 0x85, 0xC0, 0x0F,
	0x85, 0xE4, 0xFD, 0xFF, 0xFF, 0x48, 0x8D, 0x15, 0x84, 0xCA, 0x00, 0x00,
	0x48, 0x8B, 0x0D, 0xC5, 0x9B, 0x00, 0x00, 0xE8, 0xC0, 0x0A, 0x00, 0x00,
	0x48, 0x8D, 0x54, 0x24, 0x38, 0x48, 0x83, 0x7C, 0x24, 0x50, 0x0F, 0x48,
	0x0F, 0x47, 0x54, 0x24, 0x38, 0x4C, 0x8B, 0x44, 0x24, 0x48, 0x48, 0x8B,
	0xC8, 0xE8, 0x72, 0x1F, 0x00, 0x00, 0x48, 0x8D, 0x15, 0x4B, 0xCB, 0x00,
	0x00, 0x48, 0x8B, 0xC8, 0xE8, 0x93, 0x0A, 0x00, 0x00, 0x48, 0x8D, 0x15,
	0x6C, 0x0C, 0x00, 0x00, 0x48, 0x8B, 0xC8, 0xFF, 0x15, 0xBB, 0x9A, 0x00,
	0x00, 0x90, 0x48, 0x8D, 0x4C, 0x24, 0x58, 0xE8, 0xF8, 0x28, 0x00, 0x00,
	0x90, 0x48, 0x8D, 0x4C, 0x24, 0x38, 0xE8, 0x3D, 0x2D, 0x00, 0x00, 0x90,
	0x48, 0x8B, 0x8C, 0x24, 0x10, 0x01, 0x00, 0x00, 0x48, 0x33, 0xCC, 0xE8,
	0x7C, 0x66, 0x00, 0x00, 0x4C, 0x8D, 0x9C, 0x24, 0x20, 0x01, 0x00, 0x00,
	0x49, 0x8B, 0x5B, 0x18, 0x49, 0x8B, 0x73, 0x20, 0x49, 0x8B, 0x7B, 0x28,
	0x49, 0x8B, 0xE3, 0x41, 0x5E, 0xC3, 0xCC, 0xCC, 0x48, 0x89, 0x5C, 0x24,
	0x18, 0x55, 0x56, 0x57, 0x41, 0x54, 0x41, 0x55, 0x41, 0x56, 0x41, 0x57,
	0x48, 0x8D, 0xAC, 0x24, 0x60, 0xFE, 0xFF, 0xFF, 0x48, 0x81, 0xEC, 0xA0,
	0x02, 0x00, 0x00, 0x48, 0x8B, 0x05, 0x5A, 0x28, 0x01, 0x00, 0x48, 0x33,
	0xC4, 0x48, 0x89, 0x85, 0x90, 0x01, 0x00, 0x00, 0x48, 0x8B, 0xFA, 0x8B,
	0xF1, 0x89, 0x4C, 0x24, 0x40, 0x44, 0x8B, 0xC1, 0x33, 0xD2, 0xB9, 0x3A,
	0x04, 0x00, 0x00, 0xFF, 0x15, 0xAF, 0x98, 0x00, 0x00, 0x4C, 0x8B, 0xF8,
	0x48, 0x85, 0xC0, 0x75, 0x57, 0xFF, 0x15, 0x31, 0x98, 0x00, 0x00, 0x8B,
	0xD8, 0x48, 0x8D, 0x15, 0xA8, 0xCB, 0x00, 0x00, 0x48, 0x8B, 0x0D, 0x71,
	0x99, 0x00, 0x00, 0xE8, 0xD4, 0x09, 0x00, 0x00, 0x48, 0x8B, 0xC8, 0x8B,
	0xD6, 0xFF, 0x15, 0x19, 0x9A, 0x00, 0x00, 0x48, 0x8B, 0xC8, 0x48, 0x8D,
	0x15, 0x37, 0xC3, 0x00, 0x00, 0xE8, 0xBA, 0x09, 0x00, 0x00, 0x48, 0x8B,
	0xC8, 0x8B, 0xD3, 0xFF, 0x15, 0xFF, 0x99, 0x00, 0x00, 0x48, 0x8B, 0xC8,
	0x48, 0x8D, 0x15, 0x85, 0x0B, 0x00, 0x00, 0xFF, 0x15, 0xD7, 0x99, 0x00,
	0x00, 0x32, 0xC0, 0xE9, 0xC4, 0x01, 0x00, 0x00, 0x45, 0x33, 0xED, 0x44,
	0x89, 0x6C, 0x24, 0x60, 0xC7, 0x44, 0x24, 0x20, 0x03, 0x00, 0x00, 0x00,
	0x4C, 0x8D, 0x4C, 0x24, 0x60, 0x45, 0x33, 0xC0, 0x33, 0xD2, 0x49, 0x8B,
	0xCF, 0xFF, 0x15, 0x35, 0x98, 0x00, 0x00, 0x85, 0xC0, 0x75, 0x60, 0xFF,
	0x15, 0xB3, 0x97, 0x00, 0x00, 0x8B, 0xD8, 0x48, 0x8D, 0x15, 0x4A, 0xCB,
	0x00, 0x00, 0x48, 0x8B, 0x0D, 0xF3, 0x98, 0x00, 0x00, 0xE8, 0x56, 0x09,
	0x00, 0x00, 0x48, 0x8B, 0xC8, 0x8B, 0xD6, 0xFF, 0x15, 0x9B, 0x99, 0x00,
	0x00, 0x48, 0x8B, 0xC8, 0x48, 0x8D, 0x15, 0xB9, 0xC2, 0x00, 0x00, 0xE8,
	0x3C, 0x09, 0x00, 0x00, 0x48, 0x8B, 0xC8, 0x8B, 0xD3, 0xFF, 0x15, 0x81,
	0x99, 0x00, 0x00, 0x48, 0x8B, 0xC8, 0x48, 0x8D, 0x15, 0x07, 0x0B, 0x00,
	0x00, 0xFF, 0x15, 0x59, 0x99, 0x00, 0x00, 0x49, 0x8B, 0xCF, 0xFF, 0x15,
	0x78, 0x97, 0x00, 0x00, 0x32, 0xC0, 0xE9, 0x3D, 0x01, 0x00, 0x00, 0x0F,
	0x57, 0xC0, 0x44, 0x8B, 0x44, 0x24, 0x60, 0x45, 0x8B, 0xF0, 0xF3, 0x0F,
	0x7F, 0x44, 0x24, 0x48, 0x4C, 0x89, 0x6C, 0x24, 0x58, 0x49, 0x8B, 0xDD,
	0x4D, 0x8B, 0xE5, 0x49, 0x83, 0xF8, 0x08, 0x0F, 0x82, 0x82, 0x00, 0x00,
	0x00, 0x49, 0x83, 0xE6, 0xF8, 0x74, 0x4F, 0x49, 0x81, 0xFE, 0x00, 0x10,
	0x00, 0x00, 0x72, 0x3B, 0x49, 0x8D, 0x4E, 0x27, 0x49, 0x3B, 0xCE, 0x0F,
	0x86, 0x61, 0x03, 0x00, 0x00, 0xE8, 0xF2, 0x65, 0x00, 0x00, 0x48, 0x85,
	0xC0, 0x75, 0x16, 0x4C, 0x89, 0x6C, 0x24, 0x20, 0x45, 0x33, 0xC9, 0x45,
	0x33, 0xC0, 0x33, 0xD2, 0x33, 0xC9, 0xFF, 0x15, 0xC8, 0x9A, 0x00, 0x00,
	0xCC, 0x48, 0x8D, 0x58, 0x27, 0x48, 0x83, 0xE3, 0xE0, 0x48, 0x89, 0x43,
	0xF8, 0xEB, 0x0B, 0x49, 0x8B, 0xCE, 0xE8, 0xC1, 0x65, 0x00, 0x00, 0x48,
	0x8B, 0xD8, 0x48, 0x8B, 0xF3, 0x48, 0x89, 0x5C, 0x24, 0x48, 0x4D, 0x8D,
	0x24, 0x1E, 0x4C, 0x89, 0x64, 0x24, 0x58, 0x4D, 0x8B, 0xC6, 0x33, 0xD2,
	0x48, 0x8B, 0xCB, 0xE8, 0x56, 0x74, 0x00, 0x00, 0x4D, 0x8B, 0xEC, 0x4C,
	0x89, 0x64, 0x24, 0x50, 0x44, 0x8B, 0x44, 0x24, 0x60, 0xEB, 0x0A, 0x4C,
	0x8B, 0x6C, 0x24, 0x50, 0x48, 0x8B, 0x74, 0x24, 0x48, 0xC7, 0x44, 0x24,
	0x20, 0x03, 0x00, 0x00, 0x00, 0x4C, 0x8D, 0x4C, 0x24, 0x60, 0x48, 0x8B,
	0xD6, 0x49, 0x8B, 0xCF, 0xFF, 0x15, 0x06, 0x97, 0x00, 0x00, 0x85, 0xC0,
	0x0F, 0x85, 0x94, 0x00, 0x00, 0x00, 0xFF, 0x15, 0x80, 0x96, 0x00, 0x00,
	0x48, 0x8D, 0x15, 0x49, 0xCA, 0x00, 0x00, 0x8B, 0xD8, 0x48, 0x8B, 0x0D,
	0xC0, 0x97, 0x00, 0x00, 0xE8, 0x23, 0x08, 0x00, 0x00, 0x48, 0x8B, 0xC8,
	0x8B, 0x54, 0x24, 0x40, 0xFF, 0x15, 0x66, 0x98, 0x00, 0x00, 0x48, 0x8B,
	0xC8, 0x48, 0x8D, 0x15, 0x84, 0xC1, 0x00, 0x00, 0xE8, 0x07, 0x08, 0x00,
	0x00, 0x48, 0x8B, 0xC8, 0x8B, 0xD3, 0xFF, 0x15, 0x4C, 0x98, 0x00, 0x00,
	0x48, 0x8B, 0xC8, 0x48, 0x8D, 0x15, 0xD2, 0x09, 0x00, 0x00, 0xFF, 0x15,
	0x24, 0x98, 0x00, 0x00, 0x49, 0x8B, 0xCF, 0xFF, 0x15, 0x43, 0x96, 0x00,
	0x00, 0x32, 0xDB, 0x48, 0x8D, 0x4C, 0x24, 0x48, 0xE8, 0xB7, 0x0B, 0x00,
	0x00, 0x0F, 0xB6, 0xC3, 0x48, 0x8B, 0x8D, 0x90, 0x01, 0x00, 0x00, 0x48,
	0x33, 0xCC, 0xE8, 0xE5, 0x63, 0x00, 0x00, 0x48, 0x8B, 0x9C, 0x24, 0xF0,
	0x02, 0x00, 0x00, 0x48, 0x81, 0xC4, 0xA0, 0x02, 0x00, 0x00, 0x41, 0x5F,
	0x41, 0x5E, 0x41, 0x5D, 0x41, 0x5C, 0x5F, 0x5E, 0x5D, 0xC3, 0x33, 0xD2,
	0x41, 0xB8, 0x04, 0x01, 0x00, 0x00, 0x48, 0x8D, 0x8D, 0x80, 0x00, 0x00,
	0x00, 0xE8, 0x74, 0x73, 0x00, 0x00, 0x49, 0x3B, 0xDC, 0x74, 0x53, 0x90,
	0x4C, 0x8B, 0x33, 0x41, 0xB9, 0x04, 0x01, 0x00, 0x00, 0x4C, 0x8D, 0x85,
	0x80, 0x00, 0x00, 0x00, 0x49, 0x8B, 0xD6, 0x49, 0x8B, 0xCF, 0xFF, 0x15,
	0xDC, 0x95, 0x00, 0x00, 0x85, 0xC0, 0x74, 0x1E, 0x48, 0x8B, 0xD7, 0x48,
	0x83, 0x7F, 0x18, 0x0F, 0x76, 0x03, 0x48, 0x8B, 0x17, 0x48, 0x8D, 0x8D,
	0x80, 0x00, 0x00, 0x00, 0xFF, 0x15, 0x06, 0x9A, 0x00, 0x00, 0x85, 0xC0,
	0x74, 0x0B, 0x48, 0x83, 0xC3, 0x08, 0x49, 0x3B, 0xDC, 0x75, 0xB9, 0xEB,
	0x09, 0x4D, 0x85, 0xF6, 0x0F, 0x85, 0x8C, 0x00, 0x00, 0x00, 0x33, 0xD2,
	0x41, 0xB8, 0x04, 0x01, 0x00, 0x00, 0x48, 0x8D, 0x4C, 0x24, 0x70, 0xE8,
	0x0A, 0x73, 0x00, 0x00, 0x49, 0x3B, 0xF5, 0x0F, 0x84, 0x37, 0xFF, 0xFF,
	0xFF, 0x0F, 0x1F, 0x00, 0x4C, 0x8B, 0x36, 0x41, 0xB9, 0x04, 0x01, 0x00,
	0x00, 0x4C, 0x8D, 0x44, 0x24, 0x70, 0x49, 0x8B, 0xD6, 0x49, 0x8B, 0xCF,
	0xFF, 0x15, 0x76, 0x95, 0x00, 0x00, 0x85, 0xC0, 0x74, 0x39, 0xBA, 0x5C,
	0x00, 0x00, 0x00, 0x48, 0x8D, 0x4C, 0x24, 0x70, 0xFF, 0x15, 0x4A, 0x98,
	0x00, 0x00, 0x48, 0x85, 0xC0, 0x74, 0x05, 0x48, 0xFF, 0xC0, 0xEB, 0x05,
	0x48, 0x8D, 0x44, 0x24, 0x70, 0x48, 0x8B, 0xD7, 0x48, 0x83, 0x7F, 0x18,
	0x0F, 0x76, 0x03, 0x48, 0x8B, 0x17, 0x48, 0x8B, 0xC8, 0xFF, 0x15, 0x7D,
	0x99, 0x00, 0x00, 0x85, 0xC0, 0x74, 0x0E, 0x48, 0x83, 0xC6, 0x08, 0x49,
	0x3B, 0xF5, 0x75, 0xA0, 0xE9, 0xCF, 0xFE, 0xFF, 0xFF, 0x4D, 0x85, 0xF6,
	0x0F, 0x84, 0xC6, 0xFE, 0xFF, 0xFF, 0x48, 0x8D, 0x0D, 0xFB, 0xC8, 0x00,
	0x00, 0xFF, 0x15, 0x6D, 0x95, 0x00, 0x00, 0x48, 0x8B, 0xC8, 0x48, 0x8D,
	0x15, 0xDB, 0xC8, 0x00, 0x00, 0xFF, 0x15, 0x15, 0x95, 0x00, 0x00, 0x48,
	0x85, 0xC0, 0x75, 0x1B, 0xFF, 0x15, 0xD2, 0x94, 0x00, 0x00, 0x8B, 0xD8,
	0x48, 0x8D, 0x15, 0xE1, 0xC8, 0x00, 0x00, 0x48, 0x8B, 0x0D, 0x12, 0x96,
	0x00, 0x00, 0xE9, 0x69, 0xFE, 0xFF, 0xFF, 0x33, 0xF6, 0x48, 0x89, 0x74,
	0x24, 0x30, 0x89, 0x74, 0x24, 0x28, 0x4C, 0x89, 0x74, 0x24, 0x20, 0x4C,
	0x8B, 0xC8, 0x45, 0x33, 0xC0, 0x33, 0xD2, 0x49, 0x8B, 0xCF, 0xFF, 0x15,
	0xE4, 0x94, 0x00, 0x00, 0x48, 0x8B, 0xD8, 0x48, 0x85, 0xC0, 0x75, 0x12,
	0xFF, 0x15, 0x8E, 0x94, 0x00, 0x00, 0x48, 0x8D, 0x15, 0xC7, 0xC8, 0x00,
	0x00, 0xE9, 0x09, 0xFE, 0xFF, 0xFF, 0xBA, 0x88, 0x13, 0x00, 0x00, 0x48,
	0x8B, 0xCB, 0xFF, 0x15, 0xFC, 0x94, 0x00, 0x00, 0x89, 0x74, 0x24, 0x64,
	0x48, 0x8D, 0x54, 0x24, 0x64, 0x48, 0x8B, 0xCB, 0xFF, 0x15, 0xC2, 0x94,
	0x00, 0x00, 0x48, 0x8B, 0xCB, 0xFF, 0x15, 0x71, 0x94, 0x00, 0x00, 0x49,
	0x8B, 0xCF, 0xFF, 0x15, 0x68, 0x94, 0x00, 0x00, 0x39, 0x74, 0x24, 0x64,
	0x75, 0x35, 0x48, 0x8D, 0x15, 0xAB, 0xC8, 0x00, 0x00, 0x48, 0x8B, 0x0D,
	0x8C, 0x95, 0x00, 0x00, 0xE8, 0xEF, 0x05, 0x00, 0x00, 0x48, 0x8B, 0xC8,
	0x8B, 0x54, 0x24, 0x40, 0xFF, 0x15, 0x32, 0x96, 0x00, 0x00, 0x48, 0x8B,
	0xC8, 0x48, 0x8D, 0x15, 0xB8, 0x07, 0x00, 0x00, 0xFF, 0x15, 0x0A, 0x96,
	0x00, 0x00, 0xE9, 0xEA, 0xFD, 0xFF, 0xFF, 0x48, 0x8D, 0x15, 0xBE, 0xC8,
	0x00, 0x00, 0x48, 0x8B, 0x0D, 0xBF, 0x96, 0x00, 0x00, 0xE8, 0xBA, 0x05,
	0x00, 0x00, 0x48, 0x8B, 0xD7, 0x48, 0x83, 0x7F, 0x18, 0x0F, 0x76, 0x03,
	0x48, 0x8B, 0x17, 0x4C, 0x8B, 0x47, 0x10, 0x48, 0x8B, 0xC8, 0xE8, 0x71,
	0x1A, 0x00, 0x00, 0x48, 0x8D, 0x15, 0x82, 0xC8, 0x00, 0x00, 0x48, 0x8B,
	0xC8, 0xE8, 0x92, 0x05, 0x00, 0x00, 0x48, 0x8B, 0xC8, 0x8B, 0x54, 0x24,
	0x40, 0xFF, 0x15, 0xD5, 0x95, 0x00, 0x00, 0x48, 0x8B, 0xC8, 0x48, 0x8D,
	0x15, 0x5B, 0x07, 0x00, 0x00, 0xFF, 0x15, 0xAD, 0x95, 0x00, 0x00, 0xB3,
	0x01, 0xE9, 0x8D, 0xFD, 0xFF, 0xFF, 0xE8, 0xE9, 0xA8, 0xFF, 0xFF, 0xCC,
	0xCC, 0xCC, 0xCC, 0xCC, 0xCC, 0xCC, 0xCC, 0xCC, 0x40, 0x53, 0x55, 0x57,
	0x48, 0x83, 0xEC, 0x40, 0x48, 0x8B, 0x05, 0x91, 0x23, 0x01, 0x00, 0x48,
	0x33, 0xC4, 0x48, 0x89, 0x44, 0x24, 0x38, 0x48, 0x8B, 0xFA, 0x48, 0x8B,
	0xD9, 0xE8, 0xDE, 0xC6, 0xFF, 0xFF, 0x8B, 0xE8, 0x85, 0xC0, 0x75, 0x43,
	0x48, 0x8B, 0x0D, 0xC9, 0x94, 0x00, 0x00, 0x48, 0x8D, 0x15, 0x32, 0xC8,
	0x00, 0x00, 0xE8, 0x25, 0x05, 0x00, 0x00, 0x48, 0x83, 0x7B, 0x18, 0x0F,
	0x48, 0x8B, 0xD3, 0x76, 0x03, 0x48, 0x8B, 0x13, 0x4C, 0x8B, 0x43, 0x10,
	0x48, 0x8B, 0xC8, 0xE8, 0xDC, 0x19, 0x00, 0x00, 0x48, 0x8D, 0x15, 0xE5,
	0x06, 0x00, 0x00, 0x48, 0x8B, 0xC8, 0xFF, 0x15, 0x34, 0x95, 0x00, 0x00,
	0x32, 0xC0, 0xE9, 0x5D, 0x01, 0x00, 0x00, 0x44, 0x8B, 0xC5, 0x48, 0x89,
	0x74, 0x24, 0x70, 0x33, 0xD2, 0xB9, 0x00, 0x10, 0x00, 0x00, 0xFF, 0x15,
	0x98, 0x93, 0x00, 0x00, 0x48, 0x8B, 0xF0, 0x48, 0x85, 0xC0, 0x0F, 0x84,
	0xAF, 0x00, 0x00, 0x00, 0x48, 0x8D, 0x0D, 0xED, 0xC7, 0x00, 0x00, 0xC7,
	0x44, 0x24, 0x30, 0x00, 0x00, 0x00, 0x00, 0xFF, 0x15, 0x87, 0x93, 0x00,
	0x00, 0x48, 0x85, 0xC0, 0x0F, 0x84, 0x88, 0x00, 0x00, 0x00, 0x48, 0x8D,
	0x15, 0xDF, 0xC7, 0x00, 0x00, 0x48, 0x8B, 0xC8, 0xFF, 0x15, 0x26, 0x93,
	0x00, 0x00, 0x48, 0x85, 0xC0, 0x74, 0x73, 0x41, 0xB9, 0x04, 0x00, 0x00,
	0x00, 0x48, 0xC7, 0x44, 0x24, 0x20, 0x00, 0x00, 0x00, 0x00, 0x4C, 0x8D,
	0x44, 0x24, 0x30, 0xBA, 0x3D, 0x00, 0x00, 0x00, 0x48, 0x8B, 0xCE, 0xFF,
	0xD0, 0x85, 0xC0, 0x75, 0x51, 0x39, 0x44, 0x24, 0x30, 0x74, 0x4B, 0x48,
	0x8B, 0x0D, 0x72, 0x95, 0x00, 0x00, 0x48, 0x8D, 0x15, 0x23, 0xC8, 0x00,
	0x00, 0xE8, 0x66, 0x04, 0x00, 0x00, 0x48, 0x83, 0x7B, 0x18, 0x0F, 0x48,
	0x8B, 0xD3, 0x76, 0x03, 0x48, 0x8B, 0x13, 0x4C, 0x8B, 0x43, 0x10, 0x48,
	0x8B, 0xC8, 0xE8, 0x1D, 0x19, 0x00, 0x00, 0x48, 0x8D, 0x15, 0x96, 0xC7,
	0x00, 0x00, 0x48, 0x8B, 0xC8, 0xE8, 0x3E, 0x04, 0x00, 0x00, 0x48, 0x8B,
	0xC8, 0x48, 0x8D, 0x15, 0x14, 0x06, 0x00, 0x00, 0xFF, 0x15, 0x66, 0x94,
	0x00, 0x00, 0x48, 0x8B, 0xCE, 0xFF, 0x15, 0x85, 0x92, 0x00, 0x00, 0x48,
	0x8B, 0xD7, 0x8B, 0xCD, 0xE8, 0xDB, 0xF9, 0xFF, 0xFF, 0x0F, 0xB6, 0xF0,
	0x84, 0xC0, 0x75, 0x73, 0x48, 0x8B, 0x0D, 0xA5, 0x93, 0x00, 0x00, 0x48,
	0x8D, 0x15, 0xD6, 0xC7, 0x00, 0x00, 0xE8, 0x01, 0x04, 0x00, 0x00, 0x48,
	0x83, 0x7F, 0x18, 0x0F, 0x48, 0x8B, 0xD7, 0x76, 0x03, 0x48, 0x8B, 0x17,
	0x4C, 0x8B, 0x47, 0x10, 0x48, 0x8B, 0xC8, 0xE8, 0xB8, 0x18, 0x00, 0x00,
	0x48, 0x8D, 0x15, 0xA9, 0xC7, 0x00, 0x00, 0x48, 0x8B, 0xC8, 0xE8, 0xD9,
	0x03, 0x00, 0x00, 0x48, 0x83, 0x7B, 0x18, 0x0F, 0x48, 0x8B, 0xD3, 0x76,
	0x03, 0x48, 0x8B, 0x13, 0x4C, 0x8B, 0x43, 0x10, 0x48, 0x8B, 0xC8, 0xE8,
	0x90, 0x18, 0x00, 0x00, 0x48, 0x8D, 0x15, 0x7D, 0xC7, 0x00, 0x00, 0x48,
	0x8B, 0xC8, 0xE8, 0xB1, 0x03, 0x00, 0x00, 0x48, 0x8B, 0xC8, 0x48, 0x8D,
	0x15, 0x87, 0x05, 0x00, 0x00, 0xFF, 0x15, 0xD9, 0x93, 0x00, 0x00, 0x40,
	0x0F, 0xB6, 0xC6, 0x48, 0x8B, 0x74, 0x24, 0x70, 0x48, 0x8B, 0x4C, 0x24,
	0x38, 0x48, 0x33, 0xCC, 0xE8, 0xAB, 0x5F, 0x00, 0x00, 0x48, 0x83, 0xC4,
	0x40, 0x5F, 0x5D, 0x5B, 0xC3, 0xCC, 0xCC, 0xCC, 0xE9, 0x3B, 0x00, 0x00,
	0x00, 0xCC, 0xCC, 0xCC, 0xCC, 0xCC, 0xCC, 0xCC, 0xCC, 0xCC, 0xCC, 0xCC,
	0x40, 0x53, 0x48, 0x83, 0xEC, 0x20, 0x48, 0x8B, 0xD9, 0x48, 0x83, 0xC1,
	0x20, 0xE8, 0x2E, 0x26, 0x00, 0x00, 0x48, 0x8B, 0xCB, 0x48, 0x83, 0xC4,
	0x20, 0x5B, 0xE9, 0xD1, 0x21, 0x00, 0x00, 0xCC, 0xE9, 0x1B, 0x26, 0x00,
	0x00, 0xCC, 0xCC, 0xCC, 0xCC, 0xCC, 0xCC, 0xCC, 0xCC, 0xCC, 0xCC, 0xCC,
	0x48, 0x89, 0x5C, 0x24, 0x18, 0x56, 0x48, 0x83, 0xEC, 0x30, 0x48, 0x8B,
	0xF1, 0x33, 0xDB, 0x48, 0x8B, 0x49, 0x18, 0x48, 0x85, 0xC9, 0x74, 0x3D,
	0x48, 0x8B, 0x56, 0x28, 0x48, 0x2B, 0xD1, 0x48, 0x83, 0xE2, 0xF8, 0x48,
	0x81, 0xFA, 0x00, 0x10, 0x00, 0x00, 0x72, 0x18, 0x48, 0x8B, 0x41, 0xF8,
	0x48, 0x83, 0xC2, 0x27, 0x48, 0x2B, 0xC8, 0x48, 0x83, 0xE9, 0x08, 0x48,
	0x83, 0xF9, 0x1F, 0x77, 0x6D, 0x48, 0x8B, 0xC8, 0xE8, 0x63, 0x63, 0x00,
	0x00, 0x48, 0x89, 0x5E, 0x18, 0x48, 0x89, 0x5E, 0x20, 0x48, 0x89, 0x5E,
	0x28, 0x48, 0x8B, 0x4E, 0x08, 0x48, 0x89, 0x7C, 0x24, 0x48, 0x48, 0x8B,
	0x41, 0x08, 0x48, 0x89, 0x18, 0x48, 0x8B, 0x39, 0x48, 0x85, 0xFF, 0x74,
	0x24, 0x0F, 0x1F, 0x00, 0x48, 0x8B, 0x1F, 0x48, 0x8D, 0x4F, 0x18, 0xE8,
	0x94, 0x25, 0x00, 0x00, 0xBA, 0x38, 0x00, 0x00, 0x00, 0x48, 0x8B, 0xCF,
	0xE8, 0x23, 0x63, 0x00, 0x00, 0x48, 0x8B, 0xFB, 0x48, 0x85, 0xDB, 0x75,
	0xDF, 0x48, 0x8B, 0x4E, 0x08, 0xBA, 0x38, 0x00, 0x00, 0x00, 0x48, 0x8B,
	0x7C, 0x24, 0x48, 0x48, 0x8B, 0x5C, 0x24, 0x50, 0x48, 0x83, 0xC4, 0x30,
	0x5E, 0xE9, 0xFE, 0x62, 0x00, 0x00, 0x45, 0x33, 0xC9, 0x48, 0x89, 0x5C,
	0x24, 0x20, 0x45, 0x33, 0xC0, 0x33, 0xD2, 0x33, 0xC9, 0xFF, 0x15, 0x95,
	0x94, 0x00, 0x00, 0xCC, 0xCC, 0xCC, 0xCC, 0xCC, 0xCC, 0xCC, 0xCC, 0xCC,
	0xCC, 0xCC, 0xCC, 0xCC, 0x48, 0x89, 0x5C, 0x24, 0x08, 0x55, 0x48, 0x8D,
	0xAC, 0x24, 0x50, 0xFE, 0xFF, 0xFF, 0x48, 0x81, 0xEC, 0xB0, 0x02, 0x00,
	0x00, 0x48, 0x8B, 0x05, 0x94, 0x20, 0x01, 0x00, 0x48, 0x33, 0xC4, 0x48,
	0x89, 0x85, 0xA0, 0x01, 0x00, 0x00, 0xE8, 0xD5, 0xDF, 0xFF, 0xFF, 0x0F,
	0x57, 0xC0, 0x0F, 0x11, 0x44, 0x24, 0x40, 0x0F, 0x57, 0xC9, 0xF3, 0x0F,
	0x7F, 0x4C, 0x24, 0x50, 0x41, 0xB8, 0x0A, 0x00, 0x00, 0x00, 0x48, 0x8D,
	0x15, 0x0F, 0xC6, 0x00, 0x00, 0x48, 0x8D, 0x4C, 0x24, 0x40, 0xE8, 0x5D,
	0x1F, 0x00, 0x00, 0x90, 0x0F, 0x57, 0xC0, 0x0F, 0x11, 0x44, 0x24, 0x20,
	0x0F, 0x57, 0xC9, 0xF3, 0x0F, 0x7F, 0x4C, 0x24, 0x30, 0x41, 0xB8, 0x0C,
	0x00, 0x00, 0x00, 0x48, 0x8D, 0x15, 0xEE, 0xBC, 0x00, 0x00, 0x48, 0x8D,
	0x4C, 0x24, 0x20, 0xE8, 0x34, 0x1F, 0x00, 0x00, 0x90, 0x48, 0x8D, 0x54,
	0x24, 0x40, 0x48, 0x8D, 0x4C, 0x24, 0x20, 0xE8, 0x84, 0xFC, 0xFF, 0xFF,
	0x90, 0x48, 0x8D, 0x4C, 0x24, 0x20, 0xE8, 0xA9, 0x24, 0x00, 0x00, 0x0F,
	0x57, 0xC0, 0x0F, 0x11, 0x44, 0x24, 0x20, 0x0F, 0x57, 0xC9, 0xF3, 0x0F,
	0x7F, 0x4C, 0x24, 0x30, 0x41, 0xB8, 0x0B, 0x00, 0x00, 0x00, 0x48, 0x8D,
	0x15, 0x9B, 0xBC, 0x00, 0x00, 0x48, 0x8D, 0x4C, 0x24, 0x20, 0xE8, 0xF1,
	0x1E, 0x00, 0x00, 0x90, 0x48, 0x8D, 0x54, 0x24, 0x40, 0x48, 0x8D, 0x4C,
	0x24, 0x20, 0xE8, 0x41, 0xFC, 0xFF, 0xFF, 0x90, 0x48, 0x8D, 0x4C, 0x24,
	0x20, 0xE8, 0x66, 0x24, 0x00, 0x00, 0x0F, 0x57, 0xC0, 0x0F, 0x11, 0x44,
	0x24, 0x20, 0x0F, 0x57, 0xC9, 0xF3, 0x0F, 0x7F, 0x4C, 0x24, 0x30, 0x41,
	0xB8, 0x0C, 0x00, 0x00, 0x00, 0x48, 0x8D, 0x15, 0x08, 0xBC, 0x00, 0x00,
	0x48, 0x8D, 0x4C, 0x24, 0x20, 0xE8, 0xAE, 0x1E, 0x00, 0x00, 0x90, 0x48,
	0x8D, 0x54, 0x24, 0x40, 0x48, 0x8D, 0x4C, 0x24, 0x20, 0xE8, 0xFE, 0xFB,
	0xFF, 0xFF, 0x90, 0x48, 0x8D, 0x4C, 0x24, 0x20, 0xE8, 0x23, 0x24, 0x00,
	0x00, 0x0F, 0x57, 0xC0, 0x0F, 0x11, 0x44, 0x24, 0x20, 0x0F, 0x57, 0xC9,
	0xF3, 0x0F, 0x7F, 0x4C, 0x24, 0x30, 0x41, 0xB8, 0x09, 0x00, 0x00, 0x00,
	0x48, 0x8D, 0x15, 0x35, 0xBC, 0x00, 0x00, 0x48, 0x8D, 0x4C, 0x24, 0x20,
	0xE8, 0x6B, 0x1E, 0x00, 0x00, 0x90, 0x48, 0x8D, 0x54, 0x24, 0x40, 0x48,
	0x8D, 0x4C, 0x24, 0x20, 0xE8, 0xBB, 0xFB, 0xFF, 0xFF, 0x90, 0x48, 0x8D,
	0x4C, 0x24, 0x20, 0xE8, 0xE0, 0x23, 0x00, 0x00, 0x33, 0xD2, 0xB9, 0x02,
	0x00, 0x00, 0x00, 0xFF, 0x15, 0xB3, 0x8F, 0x00, 0x00, 0x48, 0x8B, 0xD8,
	0x48, 0x83, 0xF8, 0xFF, 0x75, 0x38, 0xFF, 0x15, 0x3C, 0x8F, 0x00, 0x00,
	0x8B, 0xD8, 0x48, 0x8D, 0x15, 0x33, 0xBD, 0x00, 0x00, 0x48, 0x8B, 0x0D,
	0x7C, 0x90, 0x00, 0x00, 0xE8, 0xDF, 0x00, 0x00, 0x00, 0x48, 0x8B, 0xC8,
	0x8B, 0xD3, 0xFF, 0x15, 0x24, 0x91, 0x00, 0x00, 0x48, 0x8B, 0xC8, 0x48,
	0x8D, 0x15, 0xAA, 0x02, 0x00, 0x00, 0xFF, 0x15, 0xFC, 0x90, 0x00, 0x00,
	0xEB, 0x5F, 0x33, 0xD2, 0x41, 0xB8, 0x34, 0x02, 0x00, 0x00, 0x48, 0x8D,
	0x4C, 0x24, 0x64, 0xE8, 0x8E, 0x6C, 0x00, 0x00, 0xC7, 0x44, 0x24, 0x60,
	0x38, 0x02, 0x00, 0x00, 0x48, 0x8D, 0x54, 0x24, 0x60, 0x48, 0x8B, 0xCB,
	0xFF, 0x15, 0xF2, 0x8E, 0x00, 0x00, 0x85, 0xC0, 0x74, 0x2A, 0x66, 0x0F,
	0x1F, 0x44, 0x00, 0x00, 0x8B, 0x4C, 0x24, 0x68, 0x85, 0xC9, 0x74, 0x0A,
	0x48, 0x8D, 0x54, 0x24, 0x40, 0xE8, 0x3E, 0xF6, 0xFF, 0xFF, 0x48, 0x8D,
	0x54, 0x24, 0x60, 0x48, 0x8B, 0xCB, 0xFF, 0x15, 0xC0, 0x8E, 0x00, 0x00,
	0x85, 0xC0, 0x75, 0xDC, 0x48, 0x8B, 0xCB, 0xFF, 0x15, 0xC3, 0x8E, 0x00,
	0x00, 0x48, 0x8D, 0x0D, 0x50, 0xC4, 0x00, 0x00, 0xFF, 0x15, 0xA6, 0x92,
	0x00, 0x00, 0x90, 0x48, 0x8D, 0x4C, 0x24, 0x40, 0xE8, 0x1B, 0x23, 0x00,
	0x00, 0x33, 0xC0, 0x48, 0x8B, 0x8D, 0xA0, 0x01, 0x00, 0x00, 0x48, 0x33,
	0xCC, 0xE8, 0x5A, 0x5C, 0x00, 0x00, 0x48, 0x8B, 0x9C, 0x24, 0xC0, 0x02,
	0x00, 0x00, 0x48, 0x81, 0xC4, 0xB0, 0x02, 0x00, 0x00, 0x5D, 0xC3, 0xCC,
	0xCC, 0xCC, 0xCC, 0xCC, 0xCC, 0xCC, 0xCC, 0xCC, 0x87, 0x11, 0x8B, 0xC2,
	0xC3, 0xCC, 0xCC, 0xCC, 0xCC, 0xCC, 0xCC, 0xCC, 0xCC, 0xCC, 0xCC, 0xCC,
	0x48, 0x8B, 0x01, 0xC3, 0xCC, 0xCC, 0xCC, 0xCC, 0xCC, 0xCC, 0xCC, 0xCC,
	0xCC, 0xCC, 0xCC, 0xCC, 0x48, 0x89, 0x5C, 0x24, 0x10, 0x48, 0x89, 0x4C,
	0x24, 0x08, 0x56, 0x57, 0x41, 0x54, 0x41, 0x56, 0x41, 0x57, 0x48, 0x83,
	0xEC, 0x30, 0x4C, 0x8B, 0xE2, 0x48, 0x8B, 0xF1, 0x33, 0xDB, 0x89, 0x5C,
	0x24, 0x70, 0x49, 0xC7, 0xC6, 0xFF, 0xFF, 0xFF, 0xFF, 0x0F, 0x1F, 0x80,
	0x00, 0x00, 0x00, 0x00, 0x49, 0xFF, 0xC6, 0x42, 0x38, 0x1C, 0x32, 0x75,
	0xF7, 0x48, 0x8B, 0x01, 0x48, 0x63, 0x48, 0x04, 0x48, 0x8B, 0x7C, 0x31,
	0x28, 0x48, 0x85, 0xFF, 0x7E, 0x0A, 0x49, 0x3B, 0xFE, 0x7E, 0x05, 0x49,
	0x2B, 0xFE, 0xEB, 0x02, 0x33, 0xFF, 0x4C, 0x8B, 0xFE, 0x48, 0x89, 0x74,
	0x24, 0x20, 0x48, 0x8B, 0x4C, 0x31, 0x48, 0x48, 0x85, 0xC9, 0x74, 0x07,
	0x48, 0x8B, 0x01, 0xFF, 0x50, 0x08, 0x90, 0x48, 0x8B, 0x06, 0x48, 0x63,
	0x48, 0x04, 0x48, 0x03, 0xCE, 0xFF, 0x15, 0xE1, 0x8F, 0x00, 0x00, 0x84,
	0xC0, 0x75, 0x06, 0x88, 0x44, 0x24, 0x28, 0xEB, 0x39, 0x48, 0x8B, 0x06,
	0x48, 0x63, 0x48, 0x04, 0x48, 0x8B, 0x4C, 0x31, 0x50, 0x48, 0x85, 0xC9,
	0x74, 0x21, 0x48, 0x3B, 0xCE, 0x74, 0x1C, 0xFF, 0x15, 0x8B, 0x8F, 0x00,
	0x00, 0x48, 0x8B, 0x06, 0x48, 0x63, 0x48, 0x04, 0x48, 0x03, 0xCE, 0xFF,
	0x15, 0xAB, 0x8F, 0x00, 0x00, 0x88, 0x44, 0x24, 0x28, 0xEB, 0x07, 0xC6,
	0x44, 0x24, 0x28, 0x01, 0xB0, 0x01, 0x84, 0xC0, 0x75, 0x0A, 0xBB, 0x04,
	0x00, 0x00, 0x00, 0xE9, 0xAF, 0x00, 0x00, 0x00, 0x48, 0x8B, 0x16, 0x48,
	0x63, 0x42, 0x04, 0x8B, 0x4C, 0x30, 0x18, 0x81, 0xE1, 0xC0, 0x01, 0x00,
	0x00, 0x83, 0xF9, 0x40, 0x74, 0x29, 0x48, 0x85, 0xFF, 0x7E, 0x21, 0x48,
	0x8B, 0x06, 0x48, 0x63, 0x48, 0x04, 0x0F, 0xB6, 0x54, 0x31, 0x58, 0x48,
	0x8B, 0x4C, 0x31, 0x48, 0xFF, 0x15, 0x16, 0x8F, 0x00, 0x00, 0x83, 0xF8,
	0xFF, 0x74, 0x4F, 0x48, 0xFF, 0xCF, 0xEB, 0xDA, 0x48, 0x8B, 0x16, 0x48,
	0x63, 0x4A, 0x04, 0x4D, 0x8B, 0xC6, 0x49, 0x8B, 0xD4, 0x48, 0x8B, 0x4C,
	0x31, 0x48, 0xFF, 0x15, 0xFC, 0x8E, 0x00, 0x00, 0x49, 0x3B, 0xC6, 0x75,
	0x2D, 0x0F, 0x1F, 0x80, 0x00, 0x00, 0x00, 0x00, 0x48, 0x85, 0xFF, 0x7E,
	0x2A, 0x48, 0x8B, 0x06, 0x48, 0x63, 0x48, 0x04, 0x0F, 0xB6, 0x54, 0x31,
	0x58, 0x48, 0x8B, 0x4C, 0x31, 0x48, 0xFF, 0x15, 0xCC, 0x8E, 0x00, 0x00,
	0x83, 0xF8, 0xFF, 0x74, 0x05, 0x48, 0xFF, 0xCF, 0xEB, 0xDA, 0xBB, 0x04,
	0x00, 0x00, 0x00, 0x89, 0x5C, 0x24, 0x70, 0x48, 0x8B, 0x06, 0x48, 0x63,
	0x48, 0x04, 0x48, 0xC7, 0x44, 0x31, 0x28, 0x00, 0x00, 0x00, 0x00, 0xEB,
	0x0E, 0x48, 0x8B, 0x74, 0x24, 0x60, 0x8B, 0x5C, 0x24, 0x70, 0x4C, 0x8B,
	0x7C, 0x24, 0x20, 0x48, 0x8B, 0x06, 0x48, 0x63, 0x48, 0x04, 0x48, 0x03,
	0xCE, 0x45, 0x33, 0xC0, 0x8B, 0xD3, 0xFF, 0x15, 0x74, 0x8E, 0x00, 0x00,
	0x90, 0xFF, 0x15, 0xF5, 0x8D, 0x00, 0x00, 0x84, 0xC0, 0x75, 0x0A, 0x49,
	0x8B, 0xCF, 0xFF, 0x15, 0x58, 0x8E, 0x00, 0x00, 0x90, 0x49, 0x8B, 0x07,
	0x48, 0x63, 0x48, 0x04, 0x4A, 0x8B, 0x4C, 0x39, 0x48, 0x48, 0x85, 0xC9,
	0x74, 0x07, 0x48, 0x8B, 0x01, 0xFF, 0x50, 0x10, 0x90, 0x48, 0x8B, 0xC6,
	0x48, 0x8B, 0x5C, 0x24, 0x68, 0x48, 0x83, 0xC4, 0x30, 0x41, 0x5F, 0x41,
	0x5E, 0x41, 0x5C, 0x5F, 0x5E, 0xC3, 0xCC, 0xCC, 0xCC, 0xCC, 0xCC, 0xCC,
	0xCC, 0xCC, 0xCC, 0xCC, 0x40, 0x53, 0x48, 0x83, 0xEC, 0x20, 0x48, 0x8B,
	0x01, 0x48, 0x8B, 0xD9, 0xB2, 0x0A, 0x48, 0x63, 0x48, 0x04, 0x48, 0x03,
	0xCB, 0xFF, 0x15, 0x15, 0x8E, 0x00, 0x00, 0x0F, 0xB6, 0xD0, 0x48, 0x8B,
	0xCB, 0xFF, 0x15, 0x21, 0x8E, 0x00, 0x00, 0x48, 0x8B, 0xCB, 0xFF, 0x15,
	0x20, 0x8E, 0x00, 0x00, 0x48, 0x8B, 0xC3, 0x48, 0x83, 0xC4, 0x20, 0x5B,
	0xC3, 0xCC, 0xCC, 0xCC, 0xCC, 0xCC, 0xCC, 0xCC, 0x48, 0x89, 0x5C, 0x24,
	0x10, 0x48, 0x89, 0x74, 0x24, 0x20, 0x55, 0x57, 0x41, 0x56, 0x48, 0x8D,
	0x6C, 0x24, 0xF0, 0x48, 0x81, 0xEC, 0x10, 0x01, 0x00, 0x00, 0x49, 0x8B,
	0xD8, 0x4C, 0x8B, 0xF1, 0x48, 0x89, 0x4C, 0x24, 0x20, 0x33, 0xF6, 0x48,
	0x8D, 0x44, 0x24, 0x50, 0x48, 0x89, 0x44, 0x24, 0x20, 0x49, 0x8B, 0xD0,
	0x48, 0x8D, 0x4C, 0x24, 0x50, 0xE8, 0xD2, 0x0F, 0x00, 0x00, 0x90, 0x48,
	0x8D, 0x53, 0x20, 0x48, 0x8D, 0x4C, 0x24, 0x70, 0xE8, 0xD3, 0x05, 0x00,
	0x00, 0x90, 0x48, 0x8B, 0x43, 0x38, 0x48, 0x89, 0x45, 0x88, 0xB9, 0x20,
	0x01, 0x00, 0x00, 0xE8, 0xA8, 0x5A, 0x00, 0x00, 0x48, 0x8B, 0xD8, 0x48,
	0x89, 0x44, 0x24, 0x20, 0x33, 0xD2, 0x41, 0xB8, 0x20, 0x01, 0x00, 0x00,
	0x48, 0x8B, 0xC8, 0xE8, 0x46, 0x69, 0x00, 0x00, 0x48, 0x8D, 0x54, 0x24,
	0x50, 0x48, 0x8B, 0xCB, 0xE8, 0x6B, 0x3B, 0x00, 0x00, 0x90, 0x48, 0x8D,
	0x05, 0xD3, 0xC3, 0x00, 0x00, 0x48, 0x89, 0x03, 0x48, 0x8D, 0xBB, 0x10,
	0x01, 0x00, 0x00, 0x48, 0x89, 0x37, 0x48, 0x89, 0x77, 0x08, 0x48, 0x8D,
	0x45, 0x90, 0x48, 0x89, 0x45, 0xF0, 0xE8, 0x55, 0xA4, 0xFF, 0xFF, 0x48,
	0x8B, 0x48, 0x08, 0x48, 0x85, 0xC9, 0x74, 0x04, 0xF0, 0xFF, 0x41, 0x08,
	0x48, 0x8B, 0x08, 0x48, 0x8B, 0x40, 0x08, 0x48, 0x89, 0x4D, 0x90, 0x48,
	0x89, 0x45, 0x98, 0x48, 0x89, 0x4D, 0xA0, 0x48, 0x89, 0x75, 0xA8, 0x48,
	0x8D, 0x4D, 0xB0, 0xFF, 0x15, 0x87, 0x8D, 0x00, 0x00, 0x0F, 0x57, 0xC0,
	0xF3, 0x0F, 0x7F, 0x45, 0xD0, 0x48, 0x89, 0x75, 0xE0, 0x48, 0x89, 0x75,
	0xC8, 0xC6, 0x45, 0xC0, 0x00, 0x66, 0xC7, 0x45, 0xE8, 0x00, 0x00, 0x4C,
	0x8D, 0x45, 0x90, 0x48, 0x8B, 0xD3, 0x48, 0x8D, 0x4C, 0x24, 0x38, 0xE8,
	0x9C, 0x3B, 0x00, 0x00, 0x48, 0x3B, 0xF8, 0x74, 0x0B, 0x48, 0x8B, 0xD0,
	0x48, 0x8B, 0xCF, 0xE8, 0x0C, 0x1D, 0x00, 0x00, 0xBE, 0xFF, 0xFF, 0xFF,
	0xFF, 0x48, 0x8B, 0x7C, 0x24, 0x40, 0x48, 0x85, 0xFF, 0x74, 0x29, 0x8B,
	0xC6, 0xF0, 0x0F, 0xC1, 0x47, 0x08, 0x83, 0xF8, 0x01, 0x75, 0x1D, 0x48,
	0x8B, 0x07, 0x48, 0x8B, 0xCF, 0xFF, 0x10, 0x8B, 0xC6, 0xF0, 0x0F, 0xC1,
	0x47, 0x0C, 0x83, 0xF8, 0x01, 0x75, 0x09, 0x48, 0x8B, 0x07, 0x48, 0x8B,
	0xCF, 0xFF, 0x50, 0x08, 0xC6, 0x83, 0xC2, 0x00, 0x00, 0x00, 0x01, 0x48,
	0x8D, 0x4C, 0x24, 0x70, 0xE8, 0x03, 0x1B, 0x00, 0x00, 0x48, 0x8D, 0x4C,
	0x24, 0x50, 0xE8, 0x49, 0x1F, 0x00, 0x00, 0x49, 0x89, 0x1E, 0x41, 0xC6,
	0x46, 0x08, 0x01, 0xF0, 0xFF, 0x43, 0x08, 0xF0, 0x0F, 0xC1, 0x73, 0x08,
	0x83, 0xFE, 0x01, 0x75, 0x27, 0x48, 0x8B, 0x8B, 0xC8, 0x00, 0x00, 0x00,
	0x48, 0x85, 0xC9, 0x74, 0x0E, 0x48, 0x8B, 0x11, 0x4C, 0x8B, 0x02, 0x48,
	0x8B, 0xD3, 0x41, 0xFF, 0xD0, 0xEB, 0x0D, 0x48, 0x8B, 0x03, 0xBA, 0x01,
	0x00, 0x00, 0x00, 0x48, 0x8B, 0xCB, 0xFF, 0x10, 0x49, 0x8B, 0xC6, 0x4C,
	0x8D, 0x9C, 0x24, 0x10, 0x01, 0x00, 0x00, 0x49, 0x8B, 0x5B, 0x28, 0x49,
	0x8B, 0x73, 0x38, 0x49, 0x8B, 0xE3, 0x41, 0x5E, 0x5F, 0x5D, 0xC3, 0xCC,
	0x40, 0x53, 0x48, 0x83, 0xEC, 0x30, 0x48, 0x8B, 0xD9, 0x48, 0x8B, 0x09,
	0x48, 0x85, 0xC9, 0x74, 0x3E, 0x48, 0x8B, 0x53, 0x10, 0x48, 0x2B, 0xD1,
	0x48, 0x83, 0xE2, 0xF8, 0x48, 0x81, 0xFA, 0x00, 0x10, 0x00, 0x00, 0x72,
	0x18, 0x48, 0x8B, 0x41, 0xF8, 0x48, 0x83, 0xC2, 0x27, 0x48, 0x2B, 0xC8,
	0x48, 0x83, 0xE9, 0x08, 0x48, 0x83, 0xF9, 0x1F, 0x77, 0x1B, 0x48, 0x8B,
	0xC8, 0xE8, 0x4A, 0x5C, 0x00, 0x00, 0x33, 0xC0, 0x48, 0x89, 0x03, 0x48,
	0x89, 0x43, 0x08, 0x48, 0x89, 0x43, 0x10, 0x48, 0x83, 0xC4, 0x30, 0x5B,
	0xC3, 0x33, 0xC0, 0x45, 0x33, 0xC9, 0x45, 0x33, 0xC0, 0x48, 0x89, 0x44,
	0x24, 0x20, 0x33, 0xD2, 0x33, 0xC9, 0xFF, 0x15, 0xCC, 0x8D, 0x00, 0x00,
	0xCC, 0xCC, 0xCC, 0xCC, 0x48, 0x89, 0x5C, 0x24, 0x18, 0x57, 0x48, 0x83,
	0xEC, 0x30, 0x48, 0x8B, 0x19, 0x48, 0x8B, 0xF9, 0x48, 0x85, 0xDB, 0x0F,
	0x84, 0x97, 0x00, 0x00, 0x00, 0x48, 0x89, 0x74, 0x24, 0x48, 0x48, 0x8B,
	0x71, 0x08, 0x48, 0x3B, 0xDE, 0x74, 0x43, 0x48, 0x8B, 0x0B, 0x48, 0x85,
	0xC9, 0x74, 0x32, 0xB8, 0xFF, 0xFF, 0xFF, 0xFF, 0xF0, 0x0F, 0xC1, 0x41,
	0x08, 0x83, 0xF8, 0x01, 0x75, 0x23, 0x4C, 0x8B, 0x81, 0xC8, 0x00, 0x00,
	0x00, 0x4D, 0x85, 0xC0, 0x74, 0x0D, 0x49, 0x8B, 0x00, 0x48, 0x8B, 0xD1,
	0x49, 0x8B, 0xC8, 0xFF, 0x10, 0xEB, 0x0A, 0x48, 0x8B, 0x01, 0xBA, 0x01,
	0x00, 0x00, 0x00, 0xFF, 0x10, 0x48, 0x83, 0xC3, 0x10, 0x48, 0x3B, 0xDE,
	0x75, 0xBD, 0x48, 0x8B, 0x0F, 0x48, 0x8B, 0x57, 0x10, 0x48, 0x8B, 0x74,
	0x24, 0x48, 0x48, 0x2B, 0xD1, 0x48, 0x83, 0xE2, 0xF0, 0x48, 0x81, 0xFA,
	0x00, 0x10, 0x00, 0x00, 0x72, 0x18, 0x48, 0x8B, 0x41, 0xF8, 0x48, 0x83,
	0xC2, 0x27, 0x48, 0x2B, 0xC8, 0x48, 0x83, 0xE9, 0x08, 0x48, 0x83, 0xF9,
	0x1F, 0x77, 0x20, 0x48, 0x8B, 0xC8, 0xE8, 0x79, 0x5B, 0x00, 0x00, 0x33,
	0xC0, 0x48, 0x89, 0x07, 0x48, 0x89, 0x47, 0x08, 0x48, 0x89, 0x47, 0x10,
	0x48, 0x8B, 0x5C, 0x24, 0x50, 0x48, 0x83, 0xC4, 0x30, 0x5F, 0xC3, 0x33,
	0xC0, 0x45, 0x33, 0xC9, 0x45, 0x33, 0xC0, 0x48, 0x89, 0x44, 0x24, 0x20,
	0x33, 0xD2, 0x33, 0xC9, 0xFF, 0x15, 0xF6, 0x8C, 0x00, 0x00, 0xCC, 0xCC,
	0xCC, 0xCC, 0xCC, 0xCC, 0xCC, 0xCC, 0xCC, 0xCC, 0xCC, 0xCC, 0xCC, 0xCC,
	0x48, 0x89, 0x74, 0x24, 0x18, 0x57, 0x48, 0x83, 0xEC, 0x20, 0x48, 0x8B,
	0x11, 0x48, 0x8B, 0xF1, 0x48, 0x8B, 0x42, 0x08, 0x48, 0xC7, 0x00, 0x00,
	0x00, 0x00, 0x00, 0x48, 0x8B, 0x3A, 0x48, 0x85, 0xFF, 0x74, 0x33, 0x48,
	0x89, 0x5C, 0x24, 0x38, 0x0F, 0x1F, 0x84, 0x00, 0x00, 0x00, 0x00, 0x00,
	0x48, 0x8B, 0x1F, 0x48, 0x8D, 0x4F, 0x18, 0xE8, 0x64, 0x1D, 0x00, 0x00,
	0xBA, 0x38, 0x00, 0x00, 0x00, 0x48, 0x8B, 0xCF, 0xE8, 0xF3, 0x5A, 0x00,
	0x00, 0x48, 0x8B, 0xFB, 0x48, 0x85, 0xDB, 0x75, 0xDF, 0x48, 0x8B, 0x5C,
	0x24, 0x38, 0x48, 0x8B, 0x0E, 0xBA, 0x38, 0x00, 0x00, 0x00, 0x48, 0x8B,
	0x74, 0x24, 0x40, 0x48, 0x83, 0xC4, 0x20, 0x5F, 0xE9, 0xCF, 0x5A, 0x00,
	0x00, 0xCC, 0xCC, 0xCC, 0x40, 0x53, 0x48, 0x83, 0xEC, 0x30, 0x48, 0x8B,
	0xD9, 0x48, 0x8B, 0x09, 0x48, 0x85, 0xC9, 0x74, 0x6C, 0x48, 0x8B, 0x53,
	0x08, 0xE8, 0x96, 0x29, 0x00, 0x00, 0x4C, 0x8B, 0x03, 0x48, 0xB8, 0xAB,
	0xAA, 0xAA, 0xAA, 0xAA, 0xAA, 0xAA, 0x2A, 0x48, 0x8B, 0x4B, 0x10, 0x49,
	0x2B, 0xC8, 0x48, 0xF7, 0xE9, 0x48, 0xC1, 0xFA, 0x02, 0x48, 0x8B, 0xC2,
	0x48, 0xC1, 0xE8, 0x3F, 0x48, 0x03, 0xD0, 0x48, 0x8D, 0x14, 0x52, 0x48,
	0xC1, 0xE2, 0x03, 0x48, 0x81, 0xFA, 0x00, 0x10, 0x00, 0x00, 0x72, 0x18,
	0x49, 0x8B, 0x40, 0xF8, 0x48, 0x83, 0xC2, 0x27, 0x4C, 0x2B, 0xC0, 0x49,
	0x83, 0xE8, 0x08, 0x49, 0x83, 0xF8, 0x1F, 0x77, 0x1E, 0x4C, 0x8B, 0xC0,
	0x49, 0x8B, 0xC8, 0xE8, 0x5C, 0x5A, 0x00, 0x00, 0x33, 0xC0, 0x48, 0x89,
	0x03, 0x48, 0x89, 0x43, 0x08, 0x48, 0x89, 0x43, 0x10, 0x48, 0x83, 0xC4,
	0x30, 0x5B, 0xC3, 0x33, 0xC0, 0x45, 0x33, 0xC9, 0x45, 0x33, 0xC0, 0x48,
	0x89, 0x44, 0x24, 0x20, 0x33, 0xD2, 0x33, 0xC9, 0xFF, 0x15, 0xDE, 0x8B,
	0x00, 0x00, 0xCC, 0xCC, 0xCC, 0xCC, 0xCC, 0xCC, 0x40, 0x53, 0x48, 0x83,
	0xEC, 0x30, 0x48, 0x8B, 0xD9, 0x48, 0x8B, 0x09, 0x48, 0x85, 0xC9, 0x74,
	0x3A, 0x48, 0x8B, 0x53, 0x10, 0x48, 0x2B, 0xD1, 0x48, 0x81, 0xFA, 0x00,
	0x10, 0x00, 0x00, 0x72, 0x18, 0x48, 0x8B, 0x41, 0xF8, 0x48, 0x83, 0xC2,
	0x27, 0x48, 0x2B, 0xC8, 0x48, 0x83, 0xE9, 0x08, 0x48, 0x83, 0xF9, 0x1F,
	0x77, 0x1B, 0x48, 0x8B, 0xC8, 0xE8, 0xEE, 0x59, 0x00, 0x00, 0x33, 0xC0,
	0x48, 0x89, 0x03, 0x48, 0x89, 0x43, 0x08, 0x48, 0x89, 0x43, 0x10, 0x48,
	0x83, 0xC4, 0x30, 0x5B, 0xC3, 0x33, 0xC0, 0x45, 0x33, 0xC9, 0x45, 0x33,
	0xC0, 0x48, 0x89, 0x44, 0x24, 0x20, 0x33, 0xD2, 0x33, 0xC9, 0xFF, 0x15,
	0x70, 0x8B, 0x00, 0x00, 0xCC, 0xCC, 0xCC, 0xCC, 0xCC, 0xCC, 0xCC, 0xCC,
	0x48, 0x89, 0x74, 0x24, 0x20, 0x41, 0x56, 0x48, 0x83, 0xEC, 0x20, 0x48,
	0x8B, 0x11, 0x4C, 0x8B, 0xF1, 0x48, 0x8B, 0x42, 0x08, 0x48, 0xC7, 0x00,
	0x00, 0x00, 0x00, 0x00, 0x48, 0x8B, 0x32, 0x48, 0x85, 0xF6, 0x74, 0x40,
	0x48, 0x89, 0x5C, 0x24, 0x38, 0x48, 0x89, 0x7C, 0x24, 0x40, 0x66, 0x90,
	0x48, 0x8B, 0x3E, 0x48, 0x8D, 0x4E, 0x30, 0xE8, 0x94, 0x17, 0x00, 0x00,
	0x48, 0x8D, 0x4E, 0x10, 0xE8, 0xDB, 0x1B, 0x00, 0x00, 0xBA, 0x48, 0x00,
	0x00, 0x00, 0x48, 0x8B, 0xCE, 0xE8, 0x6A, 0x59, 0x00, 0x00, 0x48, 0x8B,
	0xF7, 0x48, 0x85, 0xFF, 0x75, 0xD6, 0x48, 0x8B, 0x7C, 0x24, 0x40, 0x48,
	0x8B, 0x5C, 0x24, 0x38, 0x49, 0x8B, 0x0E, 0xBA, 0x48, 0x00, 0x00, 0x00,
	0x48, 0x8B, 0x74, 0x24, 0x48, 0x48, 0x83, 0xC4, 0x20, 0x41, 0x5E, 0xE9,
	0x40, 0x59, 0x00, 0x00, 0xCC, 0xCC, 0xCC, 0xCC, 0x48, 0x89, 0x5C, 0x24,
	0x10, 0x48, 0x89, 0x6C, 0x24, 0x18, 0x56, 0x57, 0x41, 0x54, 0x41, 0x55,
	0x41, 0x57, 0x48, 0x83, 0xEC, 0x20, 0x4D, 0x8B, 0x78, 0x18, 0x49, 0x8B,
	0xF0, 0x4C, 0x8B, 0xEA, 0x4C, 0x8B, 0xD1, 0x49, 0x83, 0xFF, 0x0F, 0x76,
	0x03, 0x4D, 0x8B, 0x00, 0x48, 0x8B, 0x7E, 0x10, 0x33, 0xED, 0x49, 0xB9,
	0x25, 0x23, 0x22, 0x84, 0xE4, 0x9C, 0xF2, 0xCB, 0x8B, 0xCD, 0x48, 0x85,
	0xFF, 0x74, 0x21, 0x48, 0xBA, 0xB3, 0x01, 0x00, 0x00, 0x00, 0x01, 0x00,
	0x00, 0x0F, 0x1F, 0x00, 0x41, 0x0F, 0xB6, 0x04, 0x08, 0x48, 0xFF, 0xC1,
	0x4C, 0x33, 0xC8, 0x4C, 0x0F, 0xAF, 0xCA, 0x48, 0x3B, 0xCF, 0x72, 0xEC,
	0x49, 0x8B, 0x4A, 0x30, 0x49, 0x8B, 0x42, 0x18, 0x49, 0x23, 0xC9, 0x4D,
	0x8B, 0x62, 0x08, 0x48, 0x03, 0xC9, 0x48, 0x8B, 0x5C, 0xC8, 0x08, 0x49,
	0x3B, 0xDC, 0x74, 0x54, 0x4C, 0x89, 0x74, 0x24, 0x50, 0x4C, 0x8B, 0x34,
	0xC8, 0x0F, 0x1F, 0x80, 0x00, 0x00, 0x00, 0x00, 0x48, 0x83, 0x7B, 0x28,
	0x0F, 0x48, 0x8D, 0x53, 0x10, 0x76, 0x03, 0x48, 0x8B, 0x12, 0x48, 0x8B,
	0xCE, 0x49, 0x83, 0xFF, 0x0F, 0x76, 0x03, 0x48, 0x8B, 0x0E, 0x48, 0x3B,
	0x7B, 0x20, 0x75, 0x11, 0x48, 0x85, 0xFF, 0x74, 0x17, 0x4C, 0x8B, 0xC7,
	0xE8, 0xE5, 0x63, 0x00, 0x00, 0x85, 0xC0, 0x74, 0x0B, 0x49, 0x3B, 0xDE,
	0x74, 0x09, 0x48, 0x8B, 0x5B, 0x08, 0xEB, 0xC4, 0x48, 0x8B, 0xEB, 0x4C,
	0x8B, 0x74, 0x24, 0x50, 0x48, 0x8B, 0x5C, 0x24, 0x58, 0x48, 0x85, 0xED,
	0x49, 0x8B, 0xC5, 0x4C, 0x0F, 0x45, 0xE5, 0x48, 0x8B, 0x6C, 0x24, 0x60,
	0x4D, 0x89, 0x65, 0x00, 0x48, 0x83, 0xC4, 0x20, 0x41, 0x5F, 0x41, 0x5D,
	0x41, 0x5C, 0x5F, 0x5E, 0xC3, 0xCC, 0xCC, 0xCC, 0xCC, 0xCC, 0xCC, 0xCC,
	0xE9, 0x4B, 0x16, 0x00, 0x00, 0xCC, 0xCC, 0xCC, 0xCC, 0xCC, 0xCC, 0xCC,
	0xCC, 0xCC, 0xCC, 0xCC, 0x48, 0x89, 0x5C, 0x24, 0x18, 0x55, 0x56, 0x57,
	0x48, 0x83, 0xEC, 0x40, 0x48, 0x8B, 0xDA, 0x48, 0x8B, 0xF1, 0x33, 0xC0,
	0x48, 0x89, 0x01, 0x48, 0x89, 0x41, 0x08, 0x48, 0x89, 0x41, 0x10, 0x48,
	0x8B, 0x52, 0x08, 0x48, 0x2B, 0x13, 0x48, 0xC1, 0xFA, 0x05, 0x48, 0x85,
	0xD2, 0x74, 0x52, 0xE8, 0x0C, 0x32, 0x00, 0x00, 0x48, 0x89, 0x74, 0x24,
	0x38, 0x48, 0x8B, 0x3E, 0x48, 0x8B, 0x6B, 0x08, 0x48, 0x8B, 0x1B, 0x0F,
	0x57, 0xC0, 0x0F, 0x11, 0x44, 0x24, 0x20, 0x48, 0x89, 0x7C, 0x24, 0x20,
	0x48, 0x89, 0x7C, 0x24, 0x28, 0x48, 0x89, 0x74, 0x24, 0x30, 0x48, 0x3B,
	0xDD, 0x74, 0x1E, 0x90, 0x48, 0x8B, 0xD3, 0x48, 0x8B, 0xCF, 0xE8, 0x85,
	0x09, 0x00, 0x00, 0x48, 0x83, 0xC7, 0x20, 0x48, 0x89, 0x7C, 0x24, 0x28,
	0x48, 0x83, 0xC3, 0x20, 0x48, 0x3B, 0xDD, 0x75, 0xE3, 0x48, 0x89, 0x7E,
	0x08, 0x48, 0x8B, 0xC6, 0x48, 0x8B, 0x5C, 0x24, 0x70, 0x48, 0x83, 0xC4,
	0x40, 0x5F, 0x5E, 0x5D, 0xC3, 0xCC, 0xCC, 0xCC, 0xCC, 0xCC, 0xCC, 0xCC,
	0xCC, 0xCC, 0xCC, 0xCC, 0xCC, 0xCC, 0xCC, 0xCC, 0xC6, 0x81, 0xC1, 0x00,
	0x00, 0x00, 0x01, 0x4C, 0x8D, 0x89, 0xBC, 0x00, 0x00, 0x00, 0x48, 0x83,
	0xC1, 0x70, 0x48, 0x8B, 0xC2, 0x45, 0x84, 0xC0, 0x74, 0x18, 0x48, 0x8B,
	0x12, 0x4D, 0x8B, 0xC1, 0x48, 0xC7, 0x00, 0x00, 0x00, 0x00, 0x00, 0xC6,
	0x40, 0x08, 0x00, 0x48, 0xFF, 0x25, 0xCE, 0x86, 0x00, 0x00, 0x41, 0xC7,
	0x01, 0x01, 0x00, 0x00, 0x00, 0x48, 0xFF, 0x25, 0xD8, 0x86, 0x00, 0x00,
	0xC2, 0x00, 0x00, 0xCC, 0xCC, 0xCC, 0xCC, 0xCC, 0xCC, 0xCC, 0xCC, 0xCC,
	0xCC, 0xCC, 0xCC, 0xCC, 0x32, 0xC0, 0xC3, 0xCC, 0xCC, 0xCC, 0xCC, 0xCC,
	0xCC, 0xCC, 0xCC, 0xCC, 0xCC, 0xCC, 0xCC, 0xCC, 0x48, 0x89, 0x5C, 0x24,
	0x10, 0x48, 0x89, 0x74, 0x24, 0x18, 0x57, 0x48, 0x83, 0xEC, 0x50, 0x48,
	0x8B, 0x05, 0xEA, 0x14, 0x01, 0x00, 0x48, 0x33, 0xC4, 0x48, 0x89, 0x44,
	0x24, 0x40, 0x0F, 0xB6, 0xF2, 0x48, 0x8B, 0xD9, 0x0F, 0x57, 0xC0, 0x0F,
	0x11, 0x44, 0x24, 0x30, 0x48, 0x8D, 0x79, 0x20, 0x48, 0x89, 0x7C, 0x24,
	0x30, 0xC6, 0x44, 0x24, 0x38, 0x00, 0x48, 0x8B, 0xCF, 0xFF, 0x15, 0x45,
	0x86, 0x00, 0x00, 0x85, 0xC0, 0x74, 0x0C, 0xB9, 0x05, 0x00, 0x00, 0x00,
	0xFF, 0x15, 0x16, 0x86, 0x00, 0x00, 0xCC, 0x81, 0x7F, 0x4C, 0xFF, 0xFF,
	0xFF, 0x7F, 0x75, 0x13, 0xC7, 0x47, 0x4C, 0xFE, 0xFF, 0xFF, 0x7F, 0xB9,
	0x06, 0x00, 0x00, 0x00, 0xFF, 0x15, 0xFA, 0x85, 0x00, 0x00, 0xCC, 0xC6,
	0x44, 0x24, 0x38, 0x01, 0x40, 0x84, 0xF6, 0x74, 0x0D, 0x80, 0xBB, 0xB8,
	0x00, 0x00, 0x00, 0x00, 0x0F, 0x85, 0xB9, 0x00, 0x00, 0x00, 0x48, 0x8D,
	0x4B, 0x10, 0xFF, 0x15, 0xE8, 0x85, 0x00, 0x00, 0x84, 0xC0, 0x0F, 0x85,
	0xB2, 0x00, 0x00, 0x00, 0xC6, 0x83, 0xB8, 0x00, 0x00, 0x00, 0x01, 0x38,
	0x83, 0xC2, 0x00, 0x00, 0x00, 0x75, 0x15, 0xC6, 0x83, 0xC2, 0x00, 0x00,
	0x00, 0x01, 0x48, 0x8B, 0x03, 0x48, 0x8D, 0x54, 0x24, 0x30, 0x48, 0x8B,
	0xCB, 0xFF, 0x50, 0x20, 0x83, 0xBB, 0xBC, 0x00, 0x00, 0x00, 0x00, 0x75,
	0x23, 0x66, 0x66, 0x66, 0x0F, 0x1F, 0x84, 0x00, 0x00, 0x00, 0x00, 0x00,
	0x48, 0x8B, 0x54, 0x24, 0x30, 0x48, 0x8D, 0x4B, 0x70, 0xFF, 0x15, 0xC9,
	0x85, 0x00, 0x00, 0x83, 0xBB, 0xBC, 0x00, 0x00, 0x00, 0x00, 0x74, 0xE8,
	0x48, 0x8D, 0x4B, 0x10, 0xFF, 0x15, 0x86, 0x85, 0x00, 0x00, 0x84, 0xC0,
	0x75, 0x32, 0x38, 0x44, 0x24, 0x38, 0x74, 0x0B, 0x48, 0x8B, 0x4C, 0x24,
	0x30, 0xFF, 0x15, 0xA9, 0x85, 0x00, 0x00, 0x48, 0x8D, 0x43, 0x0C, 0x48,
	0x8B, 0x4C, 0x24, 0x40, 0x48, 0x33, 0xCC, 0xE8, 0xC8, 0x51, 0x00, 0x00,
	0x48, 0x8B, 0x5C, 0x24, 0x68, 0x48, 0x8B, 0x74, 0x24, 0x70, 0x48, 0x83,
	0xC4, 0x50, 0x5F, 0xC3, 0x48, 0x8D, 0x53, 0x10, 0x48, 0x8D, 0x4C, 0x24,
	0x20, 0xE8, 0x9A, 0x98, 0xFF, 0xFF, 0x48, 0x8B, 0xC8, 0xE8, 0xF2, 0x98,
	0xFF, 0xFF, 0xCC, 0xB9, 0x02, 0x00, 0x00, 0x00, 0xE8, 0xA7, 0xB3, 0xFF,
	0xFF, 0xCC, 0x48, 0x8D, 0x53, 0x10, 0x48, 0x8D, 0x4C, 0x24, 0x20, 0xE8,
	0x78, 0x98, 0xFF, 0xFF, 0x48, 0x8B, 0xC8, 0xE8, 0xD0, 0x98, 0xFF, 0xFF,
	0xCC, 0xCC, 0xCC, 0xCC, 0xCC, 0xCC, 0xCC, 0xCC, 0xCC, 0xCC, 0xCC, 0xCC,
	0xCC, 0xCC, 0xCC, 0xCC, 0x48, 0x89, 0x5C, 0x24, 0x10, 0x57, 0x48, 0x83,
	0xEC, 0x40, 0x48, 0x8B, 0x05, 0x7F, 0x13, 0x01, 0x00, 0x48, 0x33, 0xC4,
	0x48, 0x89, 0x44, 0x24, 0x30, 0x48, 0x8B, 0xD9, 0x0F, 0x57, 0xC0, 0x0F,
	0x11, 0x44, 0x24, 0x20, 0x48, 0x8D, 0x79, 0x20, 0x48, 0x89, 0x7C, 0x24,
	0x20, 0xC6, 0x44, 0x24, 0x28, 0x00, 0x48, 0x8B, 0xCF, 0xFF, 0x15, 0xDD,
	0x84, 0x00, 0x00, 0x85, 0xC0, 0x74, 0x0C, 0xB9, 0x05, 0x00, 0x00, 0x00,
	0xFF, 0x15, 0xAE, 0x84, 0x00, 0x00, 0xCC, 0x81, 0x7F, 0x4C, 0xFF, 0xFF,
	0xFF, 0x7F, 0x75, 0x13, 0xC7, 0x47, 0x4C, 0xFE, 0xFF, 0xFF, 0x7F, 0xB9,
	0x06, 0x00, 0x00, 0x00, 0xFF, 0x15, 0x92, 0x84, 0x00, 0x00, 0xCC, 0xC6,
	0x44, 0x24, 0x28, 0x01, 0x80, 0xBB, 0xC2, 0x00, 0x00, 0x00, 0x00, 0x75,
	0x15, 0xC6, 0x83, 0xC2, 0x00, 0x00, 0x00, 0x01, 0x48, 0x8B, 0x03, 0x48,
	0x8D, 0x54, 0x24, 0x20, 0x48, 0x8B, 0xCB, 0xFF, 0x50, 0x20, 0x83, 0xBB,
	0xBC, 0x00, 0x00, 0x00, 0x00, 0x75, 0x25, 0x0F, 0x1F, 0x40, 0x00, 0x66,
	0x0F, 0x1F, 0x84, 0x00, 0x00, 0x00, 0x00, 0x00, 0x48, 0x8B, 0x54, 0x24,
	0x20, 0x48, 0x8D, 0x4B, 0x70, 0xFF, 0x15, 0x89, 0x84, 0x00, 0x00, 0x83,
	0xBB, 0xBC, 0x00, 0x00, 0x00, 0x00, 0x74, 0xE8, 0x80, 0x7C, 0x24, 0x28,
	0x00, 0x74, 0x0B, 0x48, 0x8B, 0x4C, 0x24, 0x20, 0xFF, 0x15, 0x76, 0x84,
	0x00, 0x00, 0x48, 0x8B, 0x4C, 0x24, 0x30, 0x48, 0x33, 0xCC, 0xE8, 0x99,
	0x50, 0x00, 0x00, 0x48, 0x8B, 0x5C, 0x24, 0x58, 0x48, 0x83, 0xC4, 0x40,
	0x5F, 0xC3, 0xCC, 0xCC, 0xCC, 0xCC, 0xCC, 0xCC, 0xCC, 0xCC, 0xCC, 0xCC,
	0xCC, 0xCC, 0xCC, 0xCC, 0x40, 0x53, 0x48, 0x83, 0xEC, 0x20, 0x80, 0xB9,
	0xC1, 0x00, 0x00, 0x00, 0x00, 0x48, 0x8D, 0x05, 0x5C, 0xBA, 0x00, 0x00,
	0x48, 0x89, 0x01, 0x48, 0x8B, 0xD9, 0x74, 0x13, 0x83, 0xB9, 0xBC, 0x00,
	0x00, 0x00, 0x00, 0x75, 0x0A, 0x48, 0x83, 0xC1, 0x20, 0xFF, 0x15, 0xA9,
	0x84, 0x00, 0x00, 0x48, 0x8D, 0x4B, 0x10, 0x48, 0x83, 0xC4, 0x20, 0x5B,
	0x48, 0xFF, 0x25, 0xE1, 0x83, 0x00, 0x00, 0xCC, 0x48, 0x89, 0x5C, 0x24,
	0x08, 0x57, 0x48, 0x83, 0xEC, 0x20, 0x48, 0x8D, 0x05, 0x1F, 0xBA, 0x00,
	0x00, 0x48, 0xC7, 0x41, 0x08, 0x01, 0x00, 0x00, 0x00, 0x48, 0x89, 0x01,
	0x48, 0x8B, 0xD9, 0x48, 0x83, 0xC1, 0x10, 0x33, 0xFF, 0x48, 0x89, 0x39,
	0x48, 0x89, 0x79, 0x08, 0xFF, 0x15, 0x5E, 0x84, 0x00, 0x00, 0x0F, 0x57,
	0xC0, 0x33, 0xC0, 0x0F, 0x11, 0x43, 0x38, 0x0F, 0x11, 0x43, 0x48, 0x0F,
	0x11, 0x43, 0x58, 0x48, 0x89, 0x7B, 0x28, 0x48, 0x89, 0x7B, 0x30, 0xC7,
	0x43, 0x68, 0xFF, 0xFF, 0xFF, 0xFF, 0xC7, 0x43, 0x20, 0x02, 0x00, 0x00,
	0x00, 0x89, 0x7B, 0x6C, 0x48, 0x89, 0x7B, 0x70, 0x48, 0x89, 0x7B, 0x78,
	0x0F, 0x11, 0x83, 0x80, 0x00, 0x00, 0x00, 0x0F, 0x11, 0x83, 0x90, 0x00,
	0x00, 0x00, 0x0F, 0x11, 0x83, 0xA0, 0x00, 0x00, 0x00, 0x48, 0x89, 0x83,
	0xB0, 0x00, 0x00, 0x00, 0x88, 0x83, 0xB8, 0x00, 0x00, 0x00, 0x66, 0x89,
	0x83, 0xC0, 0x00, 0x00, 0x00, 0x88, 0x83, 0xC2, 0x00, 0x00, 0x00, 0x48,
	0x8B, 0xC3, 0x89, 0xBB, 0xBC, 0x00, 0x00, 0x00, 0x48, 0x89, 0xBB, 0xC8,
	0x00, 0x00, 0x00, 0x48, 0x8B, 0x5C, 0x24, 0x30, 0x48, 0x83, 0xC4, 0x20,
	0x5F, 0xC3, 0xCC, 0xCC, 0x48, 0x89, 0x5C, 0x24, 0x10, 0x48, 0x89, 0x6C,
	0x24, 0x18, 0x56, 0x57, 0x41, 0x54, 0x41, 0x56, 0x41, 0x57, 0x48, 0x81,
	0xEC, 0x80, 0x00, 0x00, 0x00, 0x45, 0x0F, 0xB6, 0xF8, 0x44, 0x0F, 0xB6,
	0xF2, 0x48, 0x8B, 0xF9, 0x48, 0x8B, 0xB4, 0x24, 0xD0, 0x00, 0x00, 0x00,
	0x48, 0x8D, 0x59, 0x20, 0x48, 0x89, 0x5C, 0x24, 0x20, 0x48, 0x8B, 0xCB,
	0xFF, 0x15, 0xFA, 0x82, 0x00, 0x00, 0x85, 0xC0, 0x74, 0x0C, 0xB9, 0x05,
	0x00, 0x00, 0x00, 0xFF, 0x15, 0xCB, 0x82, 0x00, 0x00, 0xCC, 0x8B, 0x43,
	0x4C, 0x3D, 0xFF, 0xFF, 0xFF, 0x7F, 0x75, 0x11, 0xFF, 0xC8, 0x89, 0x43,
	0x4C, 0xB9, 0x06, 0x00, 0x00, 0x00, 0xFF, 0x15, 0xB0, 0x82, 0x00, 0x00,
	0x90, 0x45, 0x33, 0xE4, 0xBD, 0xFF, 0xFF, 0xFF, 0xFF, 0x8B, 0x47, 0x08,
	0x45, 0x84, 0xFF, 0x74, 0x66, 0x83, 0xF8, 0x04, 0x74, 0x7B, 0x48, 0x8B,
	0x46, 0x08, 0x48, 0x85, 0xC0, 0x74, 0x04, 0xF0, 0xFF, 0x40, 0x08, 0x48,
	0x8B, 0x4E, 0x08, 0x48, 0x8B, 0x06, 0x48, 0x89, 0x47, 0x10, 0x48, 0x8B,
	0x77, 0x18, 0x48, 0x89, 0x4F, 0x18, 0x48, 0x85, 0xF6, 0x74, 0x29, 0x8B,
	0xC5, 0xF0, 0x0F, 0xC1, 0x46, 0x08, 0x83, 0xF8, 0x01, 0x75, 0x1D, 0x48,
	0x8B, 0x06, 0x48, 0x8B, 0xCE, 0xFF, 0x10, 0x8B, 0xC5, 0xF0, 0x0F, 0xC1,
	0x46, 0x0C, 0x83, 0xF8, 0x01, 0x75, 0x09, 0x48, 0x8B, 0x06, 0x48, 0x8B,
	0xCE, 0xFF, 0x50, 0x08, 0x45, 0x84, 0xF6, 0x74, 0x4F, 0xC7, 0x47, 0x08,
	0x04, 0x00, 0x00, 0x00, 0xBE, 0x01, 0x00, 0x00, 0x00, 0xEB, 0x65, 0x83,
	0xF8, 0x03, 0x74, 0x15, 0x8B, 0x47, 0x08, 0x83, 0xF8, 0x04, 0x74, 0x0D,
	0x8B, 0x47, 0x08, 0x83, 0xF8, 0x02, 0x75, 0xD8, 0x45, 0x84, 0xF6, 0x75,
	0xD8, 0x48, 0x8B, 0xCB, 0xFF, 0x15, 0x5E, 0x82, 0x00, 0x00, 0x32, 0xC0,
	0x4C, 0x8D, 0x9C, 0x24, 0x80, 0x00, 0x00, 0x00, 0x49, 0x8B, 0x5B, 0x38,
	0x49, 0x8B, 0x6B, 0x40, 0x49, 0x8B, 0xE3, 0x41, 0x5F, 0x41, 0x5E, 0x41,
	0x5C, 0x5F, 0x5E, 0xC3, 0x8B, 0x47, 0x08, 0xBE, 0x02, 0x00, 0x00, 0x00,
	0x83, 0xF8, 0x01, 0x41, 0x0F, 0x45, 0xF4, 0xC7, 0x47, 0x08, 0x02, 0x00,
	0x00, 0x00, 0x48, 0x8D, 0x8F, 0x60, 0x01, 0x00, 0x00, 0xFF, 0x15, 0xE5,
	0x82, 0x00, 0x00, 0x90, 0x48, 0x8B, 0xCB, 0xFF, 0x15, 0x13, 0x82, 0x00,
	0x00, 0x83, 0xEE, 0x01, 0x74, 0x2A, 0x83, 0xFE, 0x01, 0x0F, 0x85, 0x1B,
	0x01, 0x00, 0x00, 0x48, 0x83, 0xBF, 0xB0, 0x01, 0x00, 0x00, 0x00, 0x0F,
	0x84, 0x0D, 0x01, 0x00, 0x00, 0x48, 0x8B, 0x8F, 0xB0, 0x01, 0x00, 0x00,
	0x48, 0x8B, 0x01, 0xFF, 0x50, 0x10, 0x40, 0x0F, 0xB6, 0xC6, 0xEB, 0x88,
	0x48, 0x8D, 0x8F, 0x88, 0x00, 0x00, 0x00, 0xE8, 0x28, 0x9E, 0xFF, 0xFF,
	0x48, 0x83, 0x7F, 0x70, 0x00, 0x0F, 0x84, 0xE3, 0x00, 0x00, 0x00, 0x48,
	0x8D, 0x05, 0x1E, 0xBA, 0x00, 0x00, 0x48, 0x89, 0x44, 0x24, 0x40, 0x48,
	0x89, 0x7C, 0x24, 0x48, 0x48, 0x8D, 0x44, 0x24, 0x40, 0x48, 0x89, 0x44,
	0x24, 0x78, 0xB9, 0x40, 0x00, 0x00, 0x00, 0xE8, 0xE0, 0x4E, 0x00, 0x00,
	0x48, 0x8B, 0xF8, 0x48, 0x89, 0x44, 0x24, 0x20, 0x48, 0x89, 0x44, 0x24,
	0x30, 0x4C, 0x89, 0x60, 0x38, 0x48, 0x8B, 0x4C, 0x24, 0x78, 0x48, 0x85,
	0xC9, 0x74, 0x0F, 0x48, 0x8B, 0x11, 0x48, 0x8B, 0x02, 0x48, 0x8B, 0xD7,
	0xFF, 0xD0, 0x48, 0x89, 0x47, 0x38, 0x0F, 0x57, 0xC0, 0x0F, 0x11, 0x44,
	0x24, 0x20, 0xE8, 0xA1, 0x98, 0xFF, 0xFF, 0x48, 0x8B, 0x48, 0x08, 0x48,
	0x85, 0xC9, 0x74, 0x04, 0xF0, 0xFF, 0x41, 0x08, 0x48, 0x8B, 0x08, 0x48,
	0x89, 0x4C, 0x24, 0x20, 0x48, 0x8B, 0x58, 0x08, 0x48, 0x89, 0x5C, 0x24,
	0x28, 0x4C, 0x8B, 0xC7, 0x48, 0x8D, 0x15, 0xD9, 0x9E, 0xFF, 0xFF, 0x48,
	0x85, 0xC9, 0x74, 0x07, 0x48, 0x8B, 0x01, 0xFF, 0x10, 0xEB, 0x0B, 0x48,
	0x8D, 0x4C, 0x24, 0x30, 0xE8, 0xA3, 0x97, 0xFF, 0xFF, 0x90, 0x48, 0x85,
	0xDB, 0x74, 0x28, 0x8B, 0xC5, 0xF0, 0x0F, 0xC1, 0x43, 0x08, 0x83, 0xF8,
	0x01, 0x75, 0x1C, 0x48, 0x8B, 0x03, 0x48, 0x8B, 0xCB, 0xFF, 0x10, 0xF0,
	0x0F, 0xC1, 0x6B, 0x0C, 0x83, 0xFD, 0x01, 0x75, 0x0A, 0x48, 0x8B, 0x03,
	0x48, 0x8B, 0xCB, 0xFF, 0x50, 0x08, 0x90, 0x48, 0x8B, 0x4C, 0x24, 0x78,
	0x48, 0x85, 0xC9, 0x74, 0x11, 0x48, 0x8D, 0x44, 0x24, 0x40, 0x48, 0x3B,
	0xC8, 0x0F, 0x95, 0xC2, 0x48, 0x8B, 0x01, 0xFF, 0x50, 0x20, 0xB0, 0x01,
	0xE9, 0x87, 0xFE, 0xFF, 0xFF, 0xCC, 0xCC, 0xCC, 0x48, 0x89, 0x5C, 0x24,
	0x10, 0x57, 0x48, 0x83, 0xEC, 0x40, 0x48, 0x8B, 0xD9, 0x0F, 0x57, 0xC9,
	0xF3, 0x0F, 0x7F, 0x4C, 0x24, 0x30, 0x48, 0x8B, 0x91, 0xC8, 0x00, 0x00,
	0x00, 0x48, 0x85, 0xD2, 0x74, 0x1C, 0x8B, 0x42, 0x08, 0x85, 0xC0, 0x74,
	0x15, 0x0F, 0x1F, 0x80, 0x00, 0x00, 0x00, 0x00, 0x8D, 0x48, 0x01, 0xF0,
	0x0F, 0xB1, 0x4A, 0x08, 0x74, 0x67, 0x85, 0xC0, 0x75, 0xF2, 0x48, 0x8B,
	0x4C, 0x24, 0x30, 0x48, 0x8B, 0x5C, 0x24, 0x38, 0x48, 0x85, 0xC9, 0x74,
	0x18, 0x48, 0x8D, 0x51, 0x10, 0x48, 0x8B, 0x01, 0x48, 0x89, 0x54, 0x24,
	0x20, 0x45, 0x33, 0xC9, 0x45, 0x33, 0xC0, 0x33, 0xD2, 0xFF, 0x50, 0x08,
	0x90, 0x48, 0x85, 0xDB, 0x74, 0x2C, 0xBF, 0xFF, 0xFF, 0xFF, 0xFF, 0x8B,
	0xC7, 0xF0, 0x0F, 0xC1, 0x43, 0x08, 0x83, 0xF8, 0x01, 0x75, 0x1B, 0x48,
	0x8B, 0x03, 0x48, 0x8B, 0xCB, 0xFF, 0x10, 0xF0, 0x0F, 0xC1, 0x7B, 0x0C,
	0x83, 0xFF, 0x01, 0x75, 0x09, 0x48, 0x8B, 0x03, 0x48, 0x8B, 0xCB, 0xFF,
	0x50, 0x08, 0x48, 0x8B, 0x5C, 0x24, 0x58, 0x48, 0x83, 0xC4, 0x40, 0x5F,
	0xC3, 0x48, 0x8B, 0x8B, 0xC0, 0x00, 0x00, 0x00, 0x48, 0x89, 0x4C, 0x24,
	0x30, 0x48, 0x8B, 0x9B, 0xC8, 0x00, 0x00, 0x00, 0x48, 0x89, 0x5C, 0x24,
	0x38, 0xEB, 0x8D, 0xCC, 0xCC, 0xCC, 0xCC, 0xCC, 0x48, 0x8B, 0x09, 0x48,
	0x85, 0xC9, 0x74, 0x0B, 0x48, 0x8B, 0x01, 0xBA, 0x01, 0x00, 0x00, 0x00,
	0x48, 0xFF, 0x20, 0xC3, 0xCC, 0xCC, 0xCC, 0xCC, 0xCC, 0xCC, 0xCC, 0xCC,
	0xCC, 0xCC, 0xCC, 0xCC, 0x40, 0x53, 0x48, 0x83, 0xEC, 0x20, 0x48, 0x8B,
	0x19, 0x48, 0x85, 0xDB, 0x74, 0x1C, 0x48, 0x8B, 0xCB, 0xFF, 0x15, 0xA1,
	0x80, 0x00, 0x00, 0x90, 0xBA, 0x28, 0x00, 0x00, 0x00, 0x48, 0x8B, 0xCB,
	0x48, 0x83, 0xC4, 0x20, 0x5B, 0xE9, 0x52, 0x50, 0x00, 0x00, 0x48, 0x83,
	0xC4, 0x20, 0x5B, 0xC3, 0x48, 0x8B, 0x09, 0x48, 0xFF, 0x25, 0xC6, 0x7F,
	0x00, 0x00, 0xCC, 0xCC, 0xCC, 0xCC, 0xCC, 0xCC, 0x80, 0x79, 0x08, 0x00,
	0x74, 0x0A, 0x48, 0x8B, 0x09, 0x48, 0xFF, 0x25, 0xB0, 0x7F, 0x00, 0x00,
	0xC3, 0xCC, 0xCC, 0xCC, 0xCC, 0xCC, 0xCC, 0xCC, 0xCC, 0xCC, 0xCC, 0xCC,
	0xCC, 0xCC, 0xCC, 0xCC, 0x8B, 0x01, 0xC3, 0xCC, 0xCC, 0xCC, 0xCC, 0xCC,
	0xCC, 0xCC, 0xCC, 0xCC, 0xCC, 0xCC, 0xCC, 0xCC, 0x40, 0x53, 0x48, 0x83,
	0xEC, 0x30, 0x48, 0x8B, 0x51, 0x18, 0x48, 0x8B, 0xD9, 0x48, 0x83, 0xFA,
	0x07, 0x76, 0x31, 0x48, 0x8B, 0x09, 0x48, 0x8D, 0x14, 0x55, 0x02, 0x00,
	0x00, 0x00, 0x48, 0x81, 0xFA, 0x00, 0x10, 0x00, 0x00, 0x72, 0x18, 0x48,
	0x8B, 0x41, 0xF8, 0x48, 0x83, 0xC2, 0x27, 0x48, 0x2B, 0xC8, 0x48, 0x83,
	0xE9, 0x08, 0x48, 0x83, 0xF9, 0x1F, 0x77, 0x1F, 0x48, 0x8B, 0xC8, 0xE8,
	0xC8, 0x4F, 0x00, 0x00, 0x33, 0xC0, 0x48, 0xC7, 0x43, 0x18, 0x07, 0x00,
	0x00, 0x00, 0x48, 0x89, 0x43, 0x10, 0x66, 0x89, 0x03, 0x48, 0x83, 0xC4,
	0x30, 0x5B, 0xC3, 0x33, 0xC0, 0x45, 0x33, 0xC9, 0x45, 0x33, 0xC0, 0x48,
	0x89, 0x44, 0x24, 0x20, 0x33, 0xD2, 0x33, 0xC9, 0xFF, 0x15, 0x46, 0x81,
	0x00, 0x00, 0xCC, 0xCC, 0xCC, 0xCC, 0xCC, 0xCC, 0xCC, 0xCC, 0xCC, 0xCC,
	0xCC, 0xCC, 0xCC, 0xCC, 0x40, 0x53, 0x55, 0x56, 0x41, 0x56, 0x41, 0x57,
	0x48, 0x83, 0xEC, 0x30, 0x45, 0x33, 0xFF, 0x0F, 0x57, 0xC0, 0x0F, 0x11,
	0x01, 0x4C, 0x89, 0x79, 0x10, 0x48, 0x8B, 0xEA, 0x4C, 0x89, 0x79, 0x18,
	0x48, 0x8B, 0xF1, 0x48, 0xC7, 0xC3, 0xFF, 0xFF, 0xFF, 0xFF, 0x66, 0x0F,
	0x1F, 0x44, 0x00, 0x00, 0x48, 0xFF, 0xC3, 0x66, 0x44, 0x39, 0x3C, 0x5A,
	0x75, 0xF6, 0x49, 0xBE, 0xFE, 0xFF, 0xFF, 0xFF, 0xFF, 0xFF, 0xFF, 0x7F,
	0x49, 0x3B, 0xDE, 0x0F, 0x87, 0xF6, 0x00, 0x00, 0x00, 0x48, 0x89, 0x7C,
	0x24, 0x70, 0x48, 0x83, 0xFB, 0x07, 0x77, 0x21, 0x48, 0x89, 0x59, 0x10,
	0x48, 0x03, 0xDB, 0x4C, 0x8B, 0xC3, 0x48, 0xC7, 0x41, 0x18, 0x07, 0x00,
	0x00, 0x00, 0xE8, 0x89, 0x5A, 0x00, 0x00, 0x66, 0x44, 0x89, 0x3C, 0x33,
	0xE9, 0xB6, 0x00, 0x00, 0x00, 0x48, 0x8B, 0xC3, 0x48, 0x83, 0xC8, 0x07,
	0x49, 0x3B, 0xC6, 0x76, 0x47, 0x48, 0xB8, 0xFF, 0xFF, 0xFF, 0xFF, 0xFF,
	0xFF, 0xFF, 0x7F, 0x48, 0x8D, 0x0C, 0x00, 0x48, 0x81, 0xF9, 0x00, 0x10,
	0x00, 0x00, 0x72, 0x6A, 0x48, 0x8D, 0x41, 0x27, 0x48, 0x3B, 0xC1, 0x0F,
	0x86, 0xA0, 0x00, 0x00, 0x00, 0x48, 0x8B, 0xC8, 0xE8, 0x97, 0x4B, 0x00,
	0x00, 0x48, 0x85, 0xC0, 0x75, 0x42, 0x45, 0x33, 0xC9, 0x4C, 0x89, 0x7C,
	0x24, 0x20, 0x45, 0x33, 0xC0, 0x33, 0xD2, 0x33, 0xC9, 0xFF, 0x15, 0x6D,
	0x80, 0x00, 0x00, 0xCC, 0xB9, 0x0A, 0x00, 0x00, 0x00, 0x4C, 0x8B, 0xF0,
	0x48, 0x3B, 0xC1, 0x48, 0xB8, 0xFF, 0xFF, 0xFF, 0xFF, 0xFF, 0xFF, 0xFF,
	0x7F, 0x4C, 0x0F, 0x42, 0xF1, 0x49, 0x8D, 0x4E, 0x01, 0x48, 0x3B, 0xC8,
	0x77, 0x5B, 0x48, 0x03, 0xC9, 0x75, 0xA0, 0x49, 0x8B, 0xFF, 0xEB, 0x16,
	0x48, 0x8D, 0x78, 0x27, 0x48, 0x83, 0xE7, 0xE0, 0x48, 0x89, 0x47, 0xF8,
	0xEB, 0x08, 0xE8, 0x3D, 0x4B, 0x00, 0x00, 0x48, 0x8B, 0xF8, 0x48, 0x89,
	0x5E, 0x10, 0x48, 0x8B, 0xD5, 0x48, 0x03, 0xDB, 0x48, 0x89, 0x3E, 0x4C,
	0x8B, 0xC3, 0x4C, 0x89, 0x76, 0x18, 0x48, 0x8B, 0xCF, 0xE8, 0xCE, 0x59,
	0x00, 0x00, 0x66, 0x44, 0x89, 0x3C, 0x3B, 0x48, 0x8B, 0x7C, 0x24, 0x70,
	0x48, 0x8B, 0xC6, 0x48, 0x83, 0xC4, 0x30, 0x41, 0x5F, 0x41, 0x5E, 0x5E,
	0x5D, 0x5B, 0xC3, 0xE8, 0xF8, 0x91, 0xFF, 0xFF, 0xCC, 0xE8, 0x52, 0x91,
	0xFF, 0xFF, 0xCC, 0xCC, 0x48, 0x89, 0x5C, 0x24, 0x18, 0x48, 0x89, 0x6C,
	0x24, 0x20, 0x56, 0x57, 0x41, 0x56, 0x48, 0x83, 0xEC, 0x30, 0x33, 0xFF,
	0x0F, 0x57, 0xC0, 0x0F, 0x11, 0x01, 0x48, 0x89, 0x79, 0x10, 0x48, 0x8B,
	0xD9, 0x48, 0x89, 0x79, 0x18, 0x4C, 0x8B, 0xF2, 0x48, 0x83, 0x7A, 0x18,
	0x0F, 0x76, 0x03, 0x4C, 0x8B, 0x32, 0x48, 0x8B, 0x6A, 0x10, 0x48, 0xBE,
	0xFF, 0xFF, 0xFF, 0xFF, 0xFF, 0xFF, 0xFF, 0x7F, 0x48, 0x3B, 0xEE, 0x0F,
	0x87, 0xCD, 0x00, 0x00, 0x00, 0x48, 0x83, 0xFD, 0x0F, 0x77, 0x18, 0x48,
	0x89, 0x69, 0x10, 0x48, 0xC7, 0x41, 0x18, 0x0F, 0x00, 0x00, 0x00, 0x41,
	0x0F, 0x10, 0x06, 0x0F, 0x11, 0x01, 0xE9, 0x99, 0x00, 0x00, 0x00, 0x48,
	0x8B, 0xC5, 0x48, 0x83, 0xC8, 0x0F, 0x48, 0x3B, 0xC6, 0x76, 0x31, 0x48,
	0xB8, 0x00, 0x00, 0x00, 0x00, 0x00, 0x00, 0x00, 0x80, 0x48, 0x83, 0xC0,
	0x27, 0x48, 0x8B, 0xC8, 0xE8, 0x6F, 0x4A, 0x00, 0x00, 0x48, 0x85, 0xC0,
	0x75, 0x42, 0x45, 0x33, 0xC9, 0x48, 0x89, 0x7C, 0x24, 0x20, 0x45, 0x33,
	0xC0, 0x33, 0xD2, 0x33, 0xC9, 0xFF, 0x15, 0x45, 0x7F, 0x00, 0x00, 0xCC,
	0xB9, 0x16, 0x00, 0x00, 0x00, 0x48, 0x8B, 0xF0, 0x48, 0x3B, 0xC1, 0x48,
	0x0F, 0x42, 0xF1, 0x48, 0x8D, 0x4E, 0x01, 0x48, 0x85, 0xC9, 0x74, 0x2A,
	0x48, 0x81, 0xF9, 0x00, 0x10, 0x00, 0x00, 0x72, 0x19, 0x48, 0x8D, 0x41,
	0x27, 0x48, 0x3B, 0xC1, 0x76, 0x4E, 0xEB, 0xB1, 0x48, 0x8D, 0x78, 0x27,
	0x48, 0x83, 0xE7, 0xE0, 0x48, 0x89, 0x47, 0xF8, 0xEB, 0x08, 0xE8, 0x15,
	0x4A, 0x00, 0x00, 0x48, 0x8B, 0xF8, 0x4C, 0x8D, 0x45, 0x01, 0x48, 0x89,
	0x3B, 0x49, 0x8B, 0xD6, 0x48, 0x89, 0x6B, 0x10, 0x48, 0x8B, 0xCF, 0x48,
	0x89, 0x73, 0x18, 0xE8, 0xA8, 0x58, 0x00, 0x00, 0x48, 0x8B, 0x6C, 0x24,
	0x68, 0x48, 0x8B, 0xC3, 0x48, 0x8B, 0x5C, 0x24, 0x60, 0x48, 0x83, 0xC4,
	0x30, 0x41, 0x5E, 0x5F, 0x5E, 0xC3, 0xE8, 0xD5, 0x90, 0xFF, 0xFF, 0xCC,
	0xE8, 0x2F, 0x90, 0xFF, 0xFF, 0xCC, 0xCC, 0xCC, 0xCC, 0xCC, 0xCC, 0xCC,
	0xCC, 0xCC, 0xCC, 0xCC, 0xCC, 0xCC, 0xCC, 0xCC, 0x48, 0x89, 0x5C, 0x24,
	0x08, 0x57, 0x48, 0x83, 0xEC, 0x20, 0x80, 0xB9, 0xC1, 0x00, 0x00, 0x00,
	0x00, 0x48, 0x8D, 0x05, 0x98, 0xB2, 0x00, 0x00, 0x48, 0x89, 0x01, 0x8B,
	0xFA, 0x48, 0x8B, 0xD9, 0x74, 0x13, 0x83, 0xB9, 0xBC, 0x00, 0x00, 0x00,
	0x00, 0x75, 0x0A, 0x48, 0x83, 0xC1, 0x20, 0xFF, 0x15, 0xE3, 0x7C, 0x00,
	0x00, 0x48, 0x8D, 0x4B, 0x10, 0xFF, 0x15, 0x21, 0x7C, 0x00, 0x00, 0x40,
	0xF6, 0xC7, 0x01, 0x74, 0x0D, 0xBA, 0xD0, 0x00, 0x00, 0x00, 0x48, 0x8B,
	0xCB, 0xE8, 0xBA, 0x4C, 0x00, 0x00, 0x48, 0x8B, 0xC3, 0x48, 0x8B, 0x5C,
	0x24, 0x30, 0x48, 0x83, 0xC4, 0x20, 0x5F, 0xC3, 0x48, 0x89, 0x5C, 0x24,
	0x08, 0x48, 0x89, 0x74, 0x24, 0x18, 0x57, 0x48, 0x83, 0xEC, 0x20, 0x8B,
	0xF2, 0x48, 0x8B, 0xD9, 0x48, 0x8D, 0x05, 0xC5, 0xB3, 0x00, 0x00, 0x48,
	0x89, 0x01, 0x48, 0x8B, 0x91, 0x80, 0x00, 0x00, 0x00, 0x48, 0x85, 0xD2,
	0x74, 0x30, 0x48, 0x8B, 0x49, 0x78, 0xE8, 0xAD, 0x95, 0xFF, 0xFF, 0x48,
	0x8B, 0x8B, 0x80, 0x00, 0x00, 0x00, 0xB8, 0xFF, 0xFF, 0xFF, 0xFF, 0xF0,
	0x0F, 0xC1, 0x41, 0x08, 0x83, 0xF8, 0x01, 0x75, 0x06, 0x48, 0x8B, 0x01,
	0xFF, 0x50, 0x08, 0x48, 0xC7, 0x83, 0x80, 0x00, 0x00, 0x00, 0x00, 0x00,
	0x00, 0x00, 0x48, 0x8D, 0xBB, 0x78, 0x01, 0x00, 0x00, 0x48, 0x8B, 0x4F,
	0x38, 0x48, 0x85, 0xC9, 0x74, 0x14, 0x48, 0x3B, 0xCF, 0x0F, 0x95, 0xC2,
	0x48, 0x8B, 0x01, 0xFF, 0x50, 0x20, 0x48, 0xC7, 0x47, 0x38, 0x00, 0x00,
	0x00, 0x00, 0x48, 0x8B, 0xCB, 0xE8, 0x4A, 0x9D, 0xFF, 0xFF, 0x90, 0x40,
	0xF6, 0xC6, 0x01, 0x74, 0x0D, 0xBA, 0xB8, 0x01, 0x00, 0x00, 0x48, 0x8B,
	0xCB, 0xE8, 0x12, 0x4C, 0x00, 0x00, 0x48, 0x8B, 0xC3, 0x48, 0x8B, 0x5C,
	0x24, 0x30, 0x48, 0x8B, 0x74, 0x24, 0x40, 0x48, 0x83, 0xC4, 0x20, 0x5F,
	0xC3, 0xCC, 0xCC, 0xCC, 0x48, 0x89, 0x5C, 0x24, 0x08, 0x57, 0x48, 0x83,
	0xEC, 0x20, 0x48, 0x8B, 0xD9, 0x8B, 0xFA, 0x48, 0x8B, 0x89, 0xC8, 0x00,
	0x00, 0x00, 0x48, 0x85, 0xC9, 0x74, 0x15, 0xB8, 0xFF, 0xFF, 0xFF, 0xFF,
	0xF0, 0x0F, 0xC1, 0x41, 0x0C, 0x83, 0xF8, 0x01, 0x75, 0x06, 0x48, 0x8B,
	0x01, 0xFF, 0x50, 0x08, 0x48, 0x8D, 0x05, 0x91, 0xB0, 0x00, 0x00, 0x48,
	0x89, 0x03, 0x40, 0xF6, 0xC7, 0x01, 0x74, 0x0D, 0xBA, 0xD0, 0x00, 0x00,
	0x00, 0x48, 0x8B, 0xCB, 0xE8, 0xAF, 0x4B, 0x00, 0x00, 0x48, 0x8B, 0xC3,
	0x48, 0x8B, 0x5C, 0x24, 0x30, 0x48, 0x83, 0xC4, 0x20, 0x5F, 0xC3, 0xCC,
	0xCC, 0xCC, 0xCC, 0xCC, 0x48, 0x89, 0x5C, 0x24, 0x10, 0x48, 0x89, 0x4C,
	0x24, 0x08, 0x56, 0x57, 0x41, 0x54, 0x41, 0x56, 0x41, 0x57, 0x48, 0x83,
	0xEC, 0x30, 0x4D, 0x8B, 0xF8, 0x4C, 0x8B, 0xE2, 0x48, 0x8B, 0xF1, 0x33,
	0xDB, 0x89, 0x5C, 0x24, 0x78, 0x48, 0x8B, 0x01, 0x4C, 0x63, 0x48, 0x04,
	0x49, 0x8B, 0x7C, 0x09, 0x28, 0x48, 0x85, 0xFF, 0x7E, 0x0A, 0x49, 0x3B,
	0xF8, 0x76, 0x05, 0x49, 0x2B, 0xF8, 0xEB, 0x02, 0x33, 0xFF, 0x4C, 0x8B,
	0xF6, 0x48, 0x89, 0x74, 0x24, 0x20, 0x49, 0x8B, 0x4C, 0x09, 0x48, 0x48,
	0x85, 0xC9, 0x74, 0x07, 0x48, 0x8B, 0x01, 0xFF, 0x50, 0x08, 0x90, 0x48,
	0x8B, 0x06, 0x48, 0x63, 0x48, 0x04, 0x48, 0x03, 0xCE, 0xFF, 0x15, 0x25,
	0x7B, 0x00, 0x00, 0x84, 0xC0, 0x75, 0x06, 0x88, 0x44, 0x24, 0x28, 0xEB,
	0x39, 0x48, 0x8B, 0x06, 0x48, 0x63, 0x48, 0x04, 0x48, 0x8B, 0x4C, 0x31,
	0x50, 0x48, 0x85, 0xC9, 0x74, 0x21, 0x48, 0x3B, 0xCE, 0x74, 0x1C, 0xFF,
	0x15, 0xCF, 0x7A, 0x00, 0x00, 0x48, 0x8B, 0x06, 0x48, 0x63, 0x48, 0x04,
	0x48, 0x03, 0xCE, 0xFF, 0x15, 0xEF, 0x7A, 0x00, 0x00, 0x88, 0x44, 0x24,
	0x28, 0xEB, 0x07, 0xC6, 0x44, 0x24, 0x28, 0x01, 0xB0, 0x01, 0x84, 0xC0,
	0x75, 0x0A, 0xBB, 0x04, 0x00, 0x00, 0x00, 0xE9, 0xBA, 0x00, 0x00, 0x00,
	0x48, 0x8B, 0x16, 0x48, 0x63, 0x42, 0x04, 0x8B, 0x4C, 0x30, 0x18, 0x81,
	0xE1, 0xC0, 0x01, 0x00, 0x00, 0x83, 0xF9, 0x40, 0x74, 0x70, 0x48, 0x85,
	0xFF, 0x74, 0x68, 0x48, 0x8B, 0x06, 0x48, 0x63, 0x48, 0x04, 0x0F, 0xB6,
	0x54, 0x31, 0x58, 0x48, 0x8B, 0x4C, 0x31, 0x48, 0xFF, 0x15, 0x5A, 0x7A,
	0x00, 0x00, 0x83, 0xF8, 0xFF, 0x75, 0x47, 0xBB, 0x04, 0x00, 0x00, 0x00,
	0x89, 0x5C, 0x24, 0x78, 0x0F, 0x1F, 0x40, 0x00, 0x48, 0x85, 0xFF, 0x74,
	0x23, 0x48, 0x8B, 0x06, 0x48, 0x63, 0x48, 0x04, 0x0F, 0xB6, 0x54, 0x31,
	0x58, 0x48, 0x8B, 0x4C, 0x31, 0x48, 0xFF, 0x15, 0x2C, 0x7A, 0x00, 0x00,
	0x83, 0xF8, 0xFF, 0x75, 0x42, 0x83, 0xCB, 0x04, 0x89, 0x5C, 0x24, 0x78,
	0x48, 0x8B, 0x06, 0x48, 0x63, 0x48, 0x04, 0x48, 0xC7, 0x44, 0x31, 0x28,
	0x00, 0x00, 0x00, 0x00, 0xEB, 0x3C, 0x48, 0xFF, 0xCF, 0xEB, 0x93, 0x48,
	0x8B, 0x16, 0x48, 0x63, 0x4A, 0x04, 0x4D, 0x8B, 0xC7, 0x49, 0x8B, 0xD4,
	0x48, 0x8B, 0x4C, 0x31, 0x48, 0xFF, 0x15, 0xF9, 0x79, 0x00, 0x00, 0x49,
	0x3B, 0xC7, 0x74, 0xA4, 0xBB, 0x04, 0x00, 0x00, 0x00, 0xEB, 0xC1, 0x48,
	0xFF, 0xCF, 0xEB, 0x98, 0x48, 0x8B, 0x74, 0x24, 0x60, 0x8B, 0x5C, 0x24,
	0x78, 0x4C, 0x8B, 0x74, 0x24, 0x20, 0x48, 0x8B, 0x06, 0x48, 0x63, 0x48,
	0x04, 0x48, 0x03, 0xCE, 0x45, 0x33, 0xC0, 0x8B, 0xD3, 0xFF, 0x15, 0xAD,
	0x79, 0x00, 0x00, 0x90, 0xFF, 0x15, 0x2E, 0x79, 0x00, 0x00, 0x84, 0xC0,
	0x75, 0x0A, 0x49, 0x8B, 0xCE, 0xFF, 0x15, 0x91, 0x79, 0x00, 0x00, 0x90,
	0x49, 0x8B, 0x06, 0x48, 0x63, 0x48, 0x04, 0x4A, 0x8B, 0x4C, 0x31, 0x48,
	0x48, 0x85, 0xC9, 0x74, 0x07, 0x48, 0x8B, 0x01, 0xFF, 0x50, 0x10, 0x90,
	0x48, 0x8B, 0xC6, 0x48, 0x8B, 0x5C, 0x24, 0x68, 0x48, 0x83, 0xC4, 0x30,
	0x41, 0x5F, 0x41, 0x5E, 0x41, 0x5C, 0x5F, 0x5E, 0xC3, 0xCC, 0xCC, 0xCC,
	0x48, 0x89, 0x5C, 0x24, 0x20, 0x55, 0x56, 0x57, 0x41, 0x56, 0x41, 0x57,
	0x48, 0x83, 0xEC, 0x30, 0x49, 0x8B, 0xF8, 0x4C, 0x8B, 0xF2, 0x48, 0x8B,
	0xF1, 0x45, 0x0F, 0xB6, 0x38, 0x48, 0xB8, 0x25, 0x23, 0x22, 0x84, 0xE4,
	0x9C, 0xF2, 0xCB, 0x4C, 0x33, 0xF8, 0x48, 0xB9, 0xB3, 0x01, 0x00, 0x00,
	0x00, 0x01, 0x00, 0x00, 0x4C, 0x0F, 0xAF, 0xF9, 0x41, 0x0F, 0xB6, 0x40,
	0x01, 0x4C, 0x33, 0xF8, 0x4C, 0x0F, 0xAF, 0xF9, 0x41, 0x0F, 0xB6, 0x40,
	0x02, 0x4C, 0x33, 0xF8, 0x4C, 0x0F, 0xAF, 0xF9, 0x41, 0x0F, 0xB6, 0x40,
	0x03, 0x4C, 0x33, 0xF8, 0x4C, 0x0F, 0xAF, 0xF9, 0x41, 0x0F, 0xB6, 0x40,
	0x04, 0x4C, 0x33, 0xF8, 0x4C, 0x0F, 0xAF, 0xF9, 0x41, 0x0F, 0xB6, 0x40,
	0x05, 0x4C, 0x33, 0xF8, 0x4C, 0x0F, 0xAF, 0xF9, 0x41, 0x0F, 0xB6, 0x40,
	0x06, 0x4C, 0x33, 0xF8, 0x4C, 0x0F, 0xAF, 0xF9, 0x41, 0x0F, 0xB6, 0x40,
	0x07, 0x4C, 0x33, 0xF8, 0x4C, 0x0F, 0xAF, 0xF9, 0x49, 0x8B, 0xD7, 0x48,
	0x23, 0x56, 0x30, 0x48, 0x03, 0xD2, 0x48, 0x8B, 0x4E, 0x18, 0x48, 0x8B,
	0x44, 0xD1, 0x08, 0x4C, 0x8D, 0x46, 0x08, 0x49, 0x8B, 0x28, 0x48, 0x3B,
	0xC5, 0x74, 0x34, 0x48, 0x8B, 0x14, 0xD1, 0x48, 0x8B, 0x0F, 0x48, 0x3B,
	0x48, 0x10, 0x74, 0x0F, 0x48, 0x3B, 0xC2, 0x74, 0x1F, 0x48, 0x8B, 0x40,
	0x08, 0x48, 0x3B, 0x48, 0x10, 0x75, 0xF1, 0x48, 0x8B, 0x28, 0x48, 0x85,
	0xC0, 0x74, 0x10, 0x49, 0x89, 0x06, 0x41, 0xC6, 0x46, 0x08, 0x00, 0xE9,
	0xCE, 0x01, 0x00, 0x00, 0x48, 0x8B, 0xE8, 0x48, 0xB8, 0x92, 0x24, 0x49,
	0x92, 0x24, 0x49, 0x92, 0x04, 0x48, 0x39, 0x46, 0x10, 0x75, 0x0E, 0x48,
	0x8D, 0x0D, 0x6A, 0xAC, 0x00, 0x00, 0xFF, 0x15, 0x6C, 0x79, 0x00, 0x00,
	0xCC, 0x4C, 0x89, 0x44, 0x24, 0x20, 0x48, 0xC7, 0x44, 0x24, 0x28, 0x00,
	0x00, 0x00, 0x00, 0xB9, 0x38, 0x00, 0x00, 0x00, 0xE8, 0x73, 0x45, 0x00,
	0x00, 0x48, 0x8B, 0xD8, 0x48, 0x89, 0x44, 0x24, 0x28, 0x48, 0x8B, 0x0F,
	0x48, 0x89, 0x48, 0x10, 0x0F, 0x57, 0xC0, 0x0F, 0x11, 0x40, 0x18, 0x48,
	0xC7, 0x40, 0x28, 0x00, 0x00, 0x00, 0x00, 0x48, 0xC7, 0x40, 0x30, 0x0F,
	0x00, 0x00, 0x00, 0xC6, 0x40, 0x18, 0x00, 0xF3, 0x0F, 0x10, 0x1E, 0x48,
	0x8B, 0x7E, 0x38, 0x48, 0x8B, 0x4E, 0x10, 0x48, 0x83, 0xC1, 0x01, 0x0F,
	0x57, 0xC0, 0x78, 0x07, 0xF3, 0x48, 0x0F, 0x2A, 0xC1, 0xEB, 0x15, 0x48,
	0x8B, 0xC1, 0x48, 0xD1, 0xE8, 0x83, 0xE1, 0x01, 0x48, 0x0B, 0xC1, 0xF3,
	0x48, 0x0F, 0x2A, 0xC0, 0xF3, 0x0F, 0x58, 0xC0, 0x0F, 0x57, 0xD2, 0x48,
	0x85, 0xFF, 0x78, 0x07, 0xF3, 0x48, 0x0F, 0x2A, 0xD7, 0xEB, 0x18, 0x48,
	0x8B, 0xCF, 0x48, 0xD1, 0xE9, 0x48, 0x8B, 0xC7, 0x83, 0xE0, 0x01, 0x48,
	0x0B, 0xC8, 0xF3, 0x48, 0x0F, 0x2A, 0xD1, 0xF3, 0x0F, 0x58, 0xD2, 0x0F,
	0x28, 0xC8, 0xF3, 0x0F, 0x5E, 0xCA, 0x0F, 0x2F, 0xCB, 0x0F, 0x86, 0xAB,
	0x00, 0x00, 0x00, 0xF3, 0x0F, 0x5E, 0xC3, 0xE8, 0xCD, 0x54, 0x00, 0x00,
	0x33, 0xC9, 0xF3, 0x0F, 0x10, 0x0D, 0x4E, 0xB0, 0x00, 0x00, 0x0F, 0x2F,
	0xC1, 0x72, 0x16, 0xF3, 0x0F, 0x5C, 0xC1, 0x0F, 0x2F, 0xC1, 0x73, 0x0D,
	0x48, 0xB8, 0x00, 0x00, 0x00, 0x00, 0x00, 0x00, 0x00, 0x80, 0x48, 0x8B,
	0xC8, 0xF3, 0x48, 0x0F, 0x2C, 0xC0, 0x48, 0x03, 0xC1, 0xB9, 0x08, 0x00,
	0x00, 0x00, 0x48, 0x3B, 0xC1, 0x48, 0x0F, 0x47, 0xC8, 0x48, 0x3B, 0xF9,
	0x73, 0x1C, 0x48, 0x81, 0xFF, 0x00, 0x02, 0x00, 0x00, 0x73, 0x10, 0x48,
	0x8D, 0x04, 0xFD, 0x00, 0x00, 0x00, 0x00, 0x48, 0x8B, 0xF8, 0x48, 0x3B,
	0xC1, 0x73, 0x03, 0x48, 0x8B, 0xF9, 0x48, 0x8B, 0xD7, 0x48, 0x8B, 0xCE,
	0xE8, 0x9B, 0x2B, 0x00, 0x00, 0x48, 0x8B, 0x4E, 0x30, 0x49, 0x23, 0xCF,
	0x48, 0x03, 0xC9, 0x48, 0x8B, 0x56, 0x18, 0x48, 0x8B, 0x44, 0xCA, 0x08,
	0x48, 0x8B, 0x6E, 0x08, 0x48, 0x3B, 0xC5, 0x74, 0x21, 0x48, 0x8B, 0x14,
	0xCA, 0x48, 0x8B, 0x4B, 0x10, 0x48, 0x3B, 0x48, 0x10, 0x74, 0x10, 0x90,
	0x48, 0x3B, 0xC2, 0x74, 0x41, 0x48, 0x8B, 0x40, 0x08, 0x48, 0x3B, 0x48,
	0x10, 0x75, 0xF1, 0x48, 0x8B, 0x28, 0x48, 0x8B, 0x55, 0x08, 0x48, 0xFF,
	0x46, 0x10, 0x48, 0x89, 0x2B, 0x48, 0x89, 0x53, 0x08, 0x48, 0x89, 0x1A,
	0x48, 0x89, 0x5D, 0x08, 0x48, 0x8B, 0x46, 0x30, 0x49, 0x23, 0xC7, 0x48,
	0x03, 0xC0, 0x48, 0x8B, 0x4E, 0x18, 0x4C, 0x8B, 0x04, 0xC1, 0x4C, 0x3B,
	0x46, 0x08, 0x75, 0x0B, 0x48, 0x89, 0x1C, 0xC1, 0xEB, 0x17, 0x48, 0x8B,
	0xE8, 0xEB, 0xC7, 0x4C, 0x3B, 0xC5, 0x75, 0x06, 0x48, 0x89, 0x1C, 0xC1,
	0xEB, 0x0C, 0x48, 0x39, 0x54, 0xC1, 0x08, 0x75, 0x05, 0x48, 0x89, 0x5C,
	0xC1, 0x08, 0x49, 0x89, 0x1E, 0x41, 0xC6, 0x46, 0x08, 0x01, 0x49, 0x8B,
	0xC6, 0x48, 0x8B, 0x5C, 0x24, 0x78, 0x48, 0x83, 0xC4, 0x30, 0x41, 0x5F,
	0x41, 0x5E, 0x5F, 0x5E, 0x5D, 0xC3, 0xCC, 0xCC, 0x48, 0x89, 0x5C, 0x24,
	0x20, 0x55, 0x56, 0x57, 0x41, 0x54, 0x41, 0x55, 0x41, 0x56, 0x41, 0x57,
	0x48, 0x83, 0xEC, 0x40, 0x4D, 0x8B, 0xF0, 0x4C, 0x8B, 0xFA, 0x48, 0x89,
	0x54, 0x24, 0x20, 0x4C, 0x8B, 0xE9, 0x49, 0x8B, 0xD0, 0x49, 0x8B, 0x68,
	0x18, 0x48, 0x83, 0xFD, 0x0F, 0x76, 0x03, 0x49, 0x8B, 0x10, 0x49, 0xBC,
	0x25, 0x23, 0x22, 0x84, 0xE4, 0x9C, 0xF2, 0xCB, 0x49, 0x8B, 0x70, 0x10,
	0x33, 0xC9, 0x48, 0x85, 0xF6, 0x74, 0x1D, 0x49, 0xB8, 0xB3, 0x01, 0x00,
	0x00, 0x00, 0x01, 0x00, 0x00, 0x0F, 0xB6, 0x04, 0x0A, 0x4C, 0x33, 0xE0,
	0x4D, 0x0F, 0xAF, 0xE0, 0x48, 0xFF, 0xC1, 0x48, 0x3B, 0xCE, 0x72, 0xED,
	0x49, 0x8B, 0x45, 0x30, 0x49, 0x23, 0xC4, 0x48, 0x03, 0xC0, 0x49, 0x8B,
	0x4D, 0x18, 0x48, 0x8B, 0x5C, 0xC1, 0x08, 0x49, 0x8D, 0x55, 0x08, 0x48,
	0x8B, 0x3A, 0x48, 0x3B, 0xDF, 0x74, 0x60, 0x48, 0x8B, 0x3C, 0xC1, 0x66,
	0x0F, 0x1F, 0x84, 0x00, 0x00, 0x00, 0x00, 0x00, 0x48, 0x8D, 0x53, 0x10,
	0x48, 0x83, 0x7B, 0x28, 0x0F, 0x76, 0x03, 0x48, 0x8B, 0x12, 0x49, 0x8B,
	0xCE, 0x48, 0x83, 0xFD, 0x0F, 0x76, 0x03, 0x49, 0x8B, 0x0E, 0x48, 0x3B,
	0x73, 0x20, 0x75, 0x11, 0x48, 0x85, 0xF6, 0x74, 0x17, 0x4C, 0x8B, 0xC6,
	0xE8, 0xB5, 0x51, 0x00, 0x00, 0x85, 0xC0, 0x74, 0x0B, 0x48, 0x3B, 0xDF,
	0x74, 0x16, 0x48, 0x8B, 0x5B, 0x08, 0xEB, 0xC4, 0x49, 0x89, 0x1F, 0x41,
	0xC6, 0x47, 0x08, 0x00, 0x49, 0x8B, 0xC7, 0xE9, 0x91, 0x01, 0x00, 0x00,
	0x48, 0x8B, 0xFB, 0x49, 0x8D, 0x55, 0x08, 0x48, 0xB8, 0x8E, 0xE3, 0x38,
	0x8E, 0xE3, 0x38, 0x8E, 0x03, 0x49, 0x39, 0x45, 0x10, 0x75, 0x0E, 0x48,
	0x8D, 0x0D, 0xA6, 0xA9, 0x00, 0x00, 0xFF, 0x15, 0xA8, 0x76, 0x00, 0x00,
	0xCC, 0x48, 0x89, 0x54, 0x24, 0x28, 0x48, 0xC7, 0x44, 0x24, 0x30, 0x00,
	0x00, 0x00, 0x00, 0xB9, 0x48, 0x00, 0x00, 0x00, 0xE8, 0xAF, 0x42, 0x00,
	0x00, 0x4C, 0x8B, 0xF8, 0x48, 0x89, 0x44, 0x24, 0x30, 0x49, 0x8B, 0xD6,
	0x48, 0x8D, 0x48, 0x10, 0xE8, 0xA3, 0xF7, 0xFF, 0xFF, 0x33, 0xC0, 0x49,
	0x89, 0x47, 0x30, 0x49, 0x89, 0x47, 0x38, 0x49, 0x89, 0x47, 0x40, 0x49,
	0x8B, 0x4D, 0x10, 0x48, 0x83, 0xC1, 0x01, 0x0F, 0x57, 0xC0, 0x78, 0x07,
	0xF3, 0x48, 0x0F, 0x2A, 0xC1, 0xEB, 0x15, 0x48, 0x8B, 0xC1, 0x48, 0xD1,
	0xE8, 0x83, 0xE1, 0x01, 0x48, 0x0B, 0xC1, 0xF3, 0x48, 0x0F, 0x2A, 0xC0,
	0xF3, 0x0F, 0x58, 0xC0, 0x49, 0x8B, 0x4D, 0x38, 0x0F, 0x57, 0xC9, 0x48,
	0x85, 0xC9, 0x78, 0x07, 0xF3, 0x48, 0x0F, 0x2A, 0xC9, 0xEB, 0x15, 0x48,
	0x8B, 0xC1, 0x48, 0xD1, 0xE8, 0x83, 0xE1, 0x01, 0x48, 0x0B, 0xC1, 0xF3,
	0x48, 0x0F, 0x2A, 0xC8, 0xF3, 0x0F, 0x58, 0xC9, 0xF3, 0x0F, 0x5E, 0xC1,
	0x41, 0x0F, 0x2F, 0x45, 0x00, 0x76, 0x7F, 0x49, 0x8B, 0xCD, 0xE8, 0xC1,
	0x1E, 0x00, 0x00, 0x49, 0x8B, 0x45, 0x30, 0x49, 0x23, 0xC4, 0x48, 0x03,
	0xC0, 0x49, 0x8B, 0x4D, 0x18, 0x48, 0x8B, 0x5C, 0xC1, 0x08, 0x49, 0x8B,
	0x7D, 0x08, 0x48, 0x3B, 0xDF, 0x74, 0x5B, 0x48, 0x8B, 0x2C, 0xC1, 0x4D,
	0x8B, 0x77, 0x28, 0x49, 0x8B, 0x7F, 0x20, 0x66, 0x0F, 0x1F, 0x84, 0x00,
	0x00, 0x00, 0x00, 0x00, 0x48, 0x8D, 0x53, 0x10, 0x48, 0x83, 0x7B, 0x28,
	0x0F, 0x76, 0x03, 0x48, 0x8B, 0x12, 0x49, 0x8D, 0x4F, 0x10, 0x49, 0x83,
	0xFE, 0x0F, 0x76, 0x04, 0x49, 0x8B, 0x4F, 0x10, 0x48, 0x3B, 0x7B, 0x20,
	0x75, 0x11, 0x48, 0x85, 0xFF, 0x74, 0x17, 0x4C, 0x8B, 0xC7, 0xE8, 0x73,
	0x50, 0x00, 0x00, 0x85, 0xC0, 0x74, 0x0B, 0x48, 0x3B, 0xDD, 0x74, 0x0B,
	0x48, 0x8B, 0x5B, 0x08, 0xEB, 0xC2, 0x48, 0x8B, 0x3B, 0xEB, 0x03, 0x48,
	0x8B, 0xFB, 0x48, 0x8B, 0x57, 0x08, 0x49, 0xFF, 0x45, 0x10, 0x49, 0x89,
	0x3F, 0x49, 0x89, 0x57, 0x08, 0x4C, 0x89, 0x3A, 0x4C, 0x89, 0x7F, 0x08,
	0x49, 0x8B, 0x45, 0x30, 0x49, 0x23, 0xC4, 0x48, 0x03, 0xC0, 0x49, 0x8B,
	0x4D, 0x18, 0x4C, 0x8B, 0x04, 0xC1, 0x4D, 0x3B, 0x45, 0x08, 0x75, 0x06,
	0x4C, 0x89, 0x3C, 0xC1, 0xEB, 0x12, 0x4C, 0x3B, 0xC7, 0x75, 0x06, 0x4C,
	0x89, 0x3C, 0xC1, 0xEB, 0x0C, 0x48, 0x39, 0x54, 0xC1, 0x08, 0x75, 0x05,
	0x4C, 0x89, 0x7C, 0xC1, 0x08, 0x48, 0x8B, 0x44, 0x24, 0x20, 0x4C, 0x89,
	0x38, 0xC6, 0x40, 0x08, 0x01, 0x48, 0x8B, 0x9C, 0x24, 0x98, 0x00, 0x00,
	0x00, 0x48, 0x83, 0xC4, 0x40, 0x41, 0x5F, 0x41, 0x5E, 0x41, 0x5D, 0x41,
	0x5C, 0x5F, 0x5E, 0x5D, 0xC3, 0xCC, 0xCC, 0xCC, 0xCC, 0xCC, 0xCC, 0xCC,
	0xCC, 0xCC, 0xCC, 0xCC, 0x40, 0x53, 0x55, 0x57, 0x41, 0x56, 0x41, 0x57,
	0x48, 0x83, 0xEC, 0x30, 0x48, 0x8B, 0x39, 0x4C, 0x8B, 0xF1, 0x48, 0x8B,
	0x49, 0x10, 0x49, 0x8B, 0xE8, 0x48, 0x2B, 0xCF, 0x4C, 0x8B, 0xFA, 0x48,
	0xC1, 0xF9, 0x03, 0x4C, 0x3B, 0xC1, 0x0F, 0x86, 0xA5, 0x00, 0x00, 0x00,
	0x48, 0xBB, 0xFF, 0xFF, 0xFF, 0xFF, 0xFF, 0xFF, 0xFF, 0x1F, 0x4C, 0x3B,
	0xC3, 0x0F, 0x87, 0x06, 0x01, 0x00, 0x00, 0x48, 0x8B, 0xD1, 0x48, 0x8B,
	0xC3, 0x48, 0xD1, 0xEA, 0x48, 0x2B, 0xC2, 0x48, 0x3B, 0xC8, 0x77, 0x0B,
	0x48, 0x8D, 0x1C, 0x11, 0x49, 0x3B, 0xD8, 0x49, 0x0F, 0x42, 0xD8, 0x48,
	0x85, 0xFF, 0x74, 0x3E, 0x48, 0x8D, 0x14, 0xCD, 0x00, 0x00, 0x00, 0x00,
	0x48, 0x81, 0xFA, 0x00, 0x10, 0x00, 0x00, 0x72, 0x18, 0x48, 0x8B, 0x47,
	0xF8, 0x48, 0x83, 0xC2, 0x27, 0x48, 0x2B, 0xF8, 0x48, 0x83, 0xEF, 0x08,
	0x48, 0x83, 0xFF, 0x1F, 0x77, 0x33, 0x48, 0x8B, 0xF8, 0x48, 0x8B, 0xCF,
	0xE8, 0xEB, 0x43, 0x00, 0x00, 0x33, 0xC0, 0x49, 0x89, 0x06, 0x49, 0x89,
	0x46, 0x08, 0x49, 0x89, 0x46, 0x10, 0x48, 0x8B, 0xD3, 0x49, 0x8B, 0xCE,
	0xE8, 0x67, 0x2D, 0x00, 0x00, 0x49, 0x8B, 0x3E, 0x48, 0x8D, 0x1C, 0xED,
	0x00, 0x00, 0x00, 0x00, 0x49, 0x8B, 0xD7, 0xEB, 0x6D, 0x33, 0xC0, 0x45,
	0x33, 0xC9, 0x45, 0x33, 0xC0, 0x48, 0x89, 0x44, 0x24, 0x20, 0x33, 0xD2,
	0x33, 0xC9, 0xFF, 0x15, 0x58, 0x75, 0x00, 0x00, 0xCC, 0x49, 0x8B, 0x5E,
	0x08, 0x48, 0x2B, 0xDF, 0x48, 0xC1, 0xFB, 0x03, 0x48, 0x3B, 0xEB, 0x76,
	0x3D, 0x48, 0x89, 0x74, 0x24, 0x78, 0x48, 0x8B, 0xCF, 0x48, 0x8D, 0x34,
	0xDD, 0x00, 0x00, 0x00, 0x00, 0x4C, 0x8B, 0xC6, 0xE8, 0x2E, 0x50, 0x00,
	0x00, 0x49, 0x8B, 0x7E, 0x08, 0x4A, 0x8D, 0x14, 0x3E, 0x48, 0x2B, 0xEB,
	0x48, 0x8B, 0xCF, 0x48, 0x8D, 0x1C, 0xED, 0x00, 0x00, 0x00, 0x00, 0x4C,
	0x8B, 0xC3, 0xE8, 0x10, 0x50, 0x00, 0x00, 0x48, 0x8B, 0x74, 0x24, 0x78,
	0xEB, 0x13, 0x4A, 0x8D, 0x1C, 0xC5, 0x00, 0x00, 0x00, 0x00, 0x4C, 0x8B,
	0xC3, 0x48, 0x8B, 0xCF, 0xE8, 0xF6, 0x4F, 0x00, 0x00, 0x48, 0x8D, 0x04,
	0x3B, 0x49, 0x89, 0x46, 0x08, 0x48, 0x83, 0xC4, 0x30, 0x41, 0x5F, 0x41,
	0x5E, 0x5F, 0x5D, 0x5B, 0xC3, 0xE8, 0xF6, 0x26, 0x00, 0x00, 0xCC, 0xCC,
	0xCC, 0xCC, 0xCC, 0xCC, 0x40, 0x55, 0x56, 0x57, 0x41, 0x56, 0x48, 0x83,
	0xEC, 0x38, 0x48, 0xBD, 0xFF, 0xFF, 0xFF, 0xFF, 0xFF, 0xFF, 0xFF, 0x7F,
	0x49, 0x8B, 0xF8, 0x4C, 0x8B, 0xF2, 0x48, 0x8B, 0xF1, 0x4C, 0x3B, 0xC5,
	0x0F, 0x87, 0xDB, 0x00, 0x00, 0x00, 0x49, 0x83, 0xF8, 0x0F, 0x77, 0x1F,
	0x4C, 0x89, 0x41, 0x10, 0x48, 0xC7, 0x41, 0x18, 0x0F, 0x00, 0x00, 0x00,
	0xE8, 0x5B, 0x4E, 0x00, 0x00, 0xC6, 0x04, 0x37, 0x00, 0x48, 0x83, 0xC4,
	0x38, 0x41, 0x5E, 0x5F, 0x5E, 0x5D, 0xC3, 0x48, 0x8B, 0xC7, 0x48, 0x89,
	0x5C, 0x24, 0x30, 0x48, 0x83, 0xC8, 0x0F, 0x48, 0x3B, 0xC5, 0x76, 0x33,
	0x48, 0xB8, 0x00, 0x00, 0x00, 0x00, 0x00, 0x00, 0x00, 0x80, 0x48, 0x83,
	0xC0, 0x27, 0x48, 0x8B, 0xC8, 0xE8, 0x76, 0x3F, 0x00, 0x00, 0x48, 0x85,
	0xC0, 0x75, 0x48, 0x33, 0xDB, 0x45, 0x33, 0xC9, 0x45, 0x33, 0xC0, 0x48,
	0x89, 0x5C, 0x24, 0x20, 0x33, 0xD2, 0x33, 0xC9, 0xFF, 0x15, 0x4A, 0x74,
	0x00, 0x00, 0xCC, 0xB9, 0x16, 0x00, 0x00, 0x00, 0x48, 0x8B, 0xE8, 0x48,
	0x3B, 0xC1, 0x48, 0x0F, 0x42, 0xE9, 0x48, 0x8D, 0x4D, 0x01, 0x48, 0x85,
	0xC9, 0x75, 0x04, 0x33, 0xDB, 0xEB, 0x2A, 0x48, 0x81, 0xF9, 0x00, 0x10,
	0x00, 0x00, 0x72, 0x19, 0x48, 0x8D, 0x41, 0x27, 0x48, 0x3B, 0xC1, 0x76,
	0x4A, 0xEB, 0xAB, 0x48, 0x8D, 0x58, 0x27, 0x48, 0x83, 0xE3, 0xE0, 0x48,
	0x89, 0x43, 0xF8, 0xEB, 0x08, 0xE8, 0x16, 0x3F, 0x00, 0x00, 0x48, 0x8B,
	0xD8, 0x4C, 0x8B, 0xC7, 0x48, 0x89, 0x1E, 0x49, 0x8B, 0xD6, 0x48, 0x89,
	0x7E, 0x10, 0x48, 0x8B, 0xCB, 0x48, 0x89, 0x6E, 0x18, 0xE8, 0xAA, 0x4D,
	0x00, 0x00, 0xC6, 0x04, 0x1F, 0x00, 0x48, 0x8B, 0x5C, 0x24, 0x30, 0x48,
	0x83, 0xC4, 0x38, 0x41, 0x5E, 0x5F, 0x5E, 0x5D, 0xC3, 0xE8, 0xDA, 0x85,
	0xFF, 0xFF, 0xCC, 0xE8, 0x34, 0x85, 0xFF, 0xFF, 0xCC, 0xCC, 0xCC, 0xCC,
	0x48, 0x85, 0xC9, 0x74, 0x0C, 0x48, 0x8B, 0x01, 0xBA, 0x01, 0x00, 0x00,
	0x00, 0x48, 0xFF, 0x60, 0x10, 0xC3, 0xCC, 0xCC, 0xCC, 0xCC, 0xCC, 0xCC,
	0xCC, 0xCC, 0xCC, 0xCC, 0xCC, 0xCC, 0xCC, 0xCC, 0x48, 0x83, 0xC1, 0x10,
	0xE9, 0xF7, 0x8F, 0xFF, 0xFF, 0xCC, 0xCC, 0xCC, 0xCC, 0xCC, 0xCC, 0xCC,
	0x48, 0x89, 0x5C, 0x24, 0x18, 0x56, 0x48, 0x83, 0xEC, 0x30, 0x48, 0x8B,
	0x19, 0x48, 0x8B, 0xF1, 0x48, 0x85, 0xDB, 0x74, 0x65, 0x48, 0x89, 0x7C,
	0x24, 0x48, 0x48, 0x8B, 0x79, 0x08, 0x48, 0x3B, 0xDF, 0x74, 0x11, 0x48,
	0x8B, 0xCB, 0xE8, 0x25, 0x04, 0x00, 0x00, 0x48, 0x83, 0xC3, 0x20, 0x48,
	0x3B, 0xDF, 0x75, 0xEF, 0x48, 0x8B, 0x0E, 0x48, 0x8B, 0x56, 0x10, 0x48,
	0x8B, 0x7C, 0x24, 0x48, 0x48, 0x2B, 0xD1, 0x48, 0x83, 0xE2, 0xE0, 0x48,
	0x81, 0xFA, 0x00, 0x10, 0x00, 0x00, 0x72, 0x18, 0x48, 0x8B, 0x41, 0xF8,
	0x48, 0x83, 0xC2, 0x27, 0x48, 0x2B, 0xC8, 0x48, 0x83, 0xE9, 0x08, 0x48,
	0x83, 0xF9, 0x1F, 0x77, 0x20, 0x48, 0x8B, 0xC8, 0xE8, 0x7F, 0x41, 0x00,
	0x00, 0x33, 0xC0, 0x48, 0x89, 0x06, 0x48, 0x89, 0x46, 0x08, 0x48, 0x89,
	0x46, 0x10, 0x48, 0x8B, 0x5C, 0x24, 0x50, 0x48, 0x83, 0xC4, 0x30, 0x5E,
	0xC3, 0x33, 0xC0, 0x45, 0x33, 0xC9, 0x45, 0x33, 0xC0, 0x48, 0x89, 0x44,
	0x24, 0x20, 0x33, 0xD2, 0x33, 0xC9, 0xFF, 0x15, 0xFC, 0x72, 0x00, 0x00,
	0xCC, 0xCC, 0xCC, 0xCC, 0x48, 0x89, 0x5C, 0x24, 0x18, 0x48, 0x89, 0x74,
	0x24, 0x20, 0x57, 0x48, 0x83, 0xEC, 0x60, 0x48, 0x8B, 0x05, 0x0A, 0xFF,
	0x00, 0x00, 0x48, 0x33, 0xC4, 0x48, 0x89, 0x44, 0x24, 0x50, 0x48, 0x8B,
	0xF2, 0x48, 0x8B, 0xF9, 0x48, 0x89, 0x54, 0x24, 0x38, 0x0F, 0x57, 0xC0,
	0x0F, 0x11, 0x44, 0x24, 0x40, 0x48, 0x8D, 0x59, 0x20, 0x48, 0x89, 0x5C,
	0x24, 0x40, 0xC6, 0x44, 0x24, 0x48, 0x00, 0x48, 0x8B, 0xCB, 0xFF, 0x15,
	0x60, 0x70, 0x00, 0x00, 0x85, 0xC0, 0x74, 0x0C, 0xB9, 0x05, 0x00, 0x00,
	0x00, 0xFF, 0x15, 0x31, 0x70, 0x00, 0x00, 0xCC, 0x81, 0x7B, 0x4C, 0xFF,
	0xFF, 0xFF, 0x7F, 0x75, 0x13, 0xC7, 0x43, 0x4C, 0xFE, 0xFF, 0xFF, 0x7F,
	0xB9, 0x06, 0x00, 0x00, 0x00, 0xFF, 0x15, 0x15, 0x70, 0x00, 0x00, 0xCC,
	0xC6, 0x44, 0x24, 0x48, 0x01, 0x0F, 0x57, 0xC0, 0xF3, 0x0F, 0x7F, 0x44,
	0x24, 0x20, 0x48, 0x8B, 0xD6, 0x48, 0x8D, 0x4C, 0x24, 0x20, 0xFF, 0x15,
	0xB8, 0x70, 0x00, 0x00, 0x48, 0x8D, 0x44, 0x24, 0x20, 0x48, 0x89, 0x44,
	0x24, 0x30, 0x80, 0xBF, 0xC1, 0x00, 0x00, 0x00, 0x00, 0x75, 0x68, 0x48,
	0x8D, 0x4F, 0x10, 0x48, 0x8D, 0x54, 0x24, 0x20, 0xFF, 0x15, 0x26, 0x71,
	0x00, 0x00, 0x48, 0x8B, 0x07, 0x45, 0x33, 0xC0, 0x48, 0x8D, 0x54, 0x24,
	0x40, 0x48, 0x8B, 0xCF, 0xFF, 0x50, 0x28, 0x90, 0x48, 0x8D, 0x4C, 0x24,
	0x20, 0xFF, 0x15, 0xD1, 0x6F, 0x00, 0x00, 0x90, 0x80, 0x7C, 0x24, 0x48,
	0x00, 0x74, 0x0C, 0x48, 0x8B, 0x4C, 0x24, 0x40, 0xFF, 0x15, 0xEE, 0x6F,
	0x00, 0x00, 0x90, 0x48, 0x8B, 0xCE, 0xFF, 0x15, 0xB4, 0x6F, 0x00, 0x00,
	0x48, 0x8B, 0x4C, 0x24, 0x50, 0x48, 0x33, 0xCC, 0xE8, 0x07, 0x3C, 0x00,
	0x00, 0x4C, 0x8D, 0x5C, 0x24, 0x60, 0x49, 0x8B, 0x5B, 0x20, 0x49, 0x8B,
	0x73, 0x28, 0x49, 0x8B, 0xE3, 0x5F, 0xC3, 0xB9, 0x03, 0x00, 0x00, 0x00,
	0xE8, 0xFB, 0x9D, 0xFF, 0xFF, 0xCC, 0xCC, 0xCC, 0xCC, 0xCC, 0xCC, 0xCC,
	0xCC, 0xCC, 0xCC, 0xCC, 0x48, 0x89, 0x5C, 0x24, 0x10, 0x57, 0x48, 0x83,
	0xEC, 0x20, 0x48, 0x8B, 0x02, 0x48, 0x8B, 0xF9, 0x4C, 0x8B, 0x42, 0x08,
	0x33, 0xC9, 0x48, 0x89, 0x0A, 0x48, 0x89, 0x4A, 0x08, 0x48, 0x8B, 0x5F,
	0x08, 0x48, 0x89, 0x07, 0x4C, 0x89, 0x47, 0x08, 0x48, 0x85, 0xDB, 0x74,
	0x44, 0x48, 0x89, 0x74, 0x24, 0x30, 0xBE, 0xFF, 0xFF, 0xFF, 0xFF, 0x8B,
	0xC6, 0xF0, 0x0F, 0xC1, 0x43, 0x08, 0x83, 0xF8, 0x01, 0x75, 0x1B, 0x48,
	0x8B, 0x03, 0x48, 0x8B, 0xCB, 0xFF, 0x10, 0xF0, 0x0F, 0xC1, 0x73, 0x0C,
	0x83, 0xFE, 0x01, 0x75, 0x09, 0x48, 0x8B, 0x03, 0x48, 0x8B, 0xCB, 0xFF,
	0x50, 0x08, 0x48, 0x8B, 0x74, 0x24, 0x30, 0x48, 0x8B, 0xC7, 0x48, 0x8B,
	0x5C, 0x24, 0x38, 0x48, 0x83, 0xC4, 0x20, 0x5F, 0xC3, 0x48, 0x8B, 0x5C,
	0x24, 0x38, 0x48, 0x8B, 0xC7, 0x48, 0x83, 0xC4, 0x20, 0x5F, 0xC3, 0xCC,
	0x48, 0x89, 0x5C, 0x24, 0x08, 0x57, 0x48, 0x83, 0xEC, 0x20, 0x48, 0x8B,
	0xF9, 0x88, 0x91, 0x70, 0x01, 0x00, 0x00, 0x48, 0x83, 0xC1, 0x20, 0xFF,
	0x15, 0xEB, 0x6E, 0x00, 0x00, 0x85, 0xC0, 0x74, 0x0C, 0xB9, 0x05, 0x00,
	0x00, 0x00, 0xFF, 0x15, 0xBC, 0x6E, 0x00, 0x00, 0xCC, 0x81, 0x7F, 0x6C,
	0xFF, 0xFF, 0xFF, 0x7F, 0x75, 0x13, 0xB9, 0x06, 0x00, 0x00, 0x00, 0xC7,
	0x47, 0x6C, 0xFE, 0xFF, 0xFF, 0x7F, 0xFF, 0x15, 0xA0, 0x6E, 0x00, 0x00,
	0xCC, 0x8B, 0x47, 0x08, 0x48, 0x8D, 0x4F, 0x20, 0x83, 0xF8, 0x04, 0x75,
	0x11, 0x48, 0x8B, 0x5C, 0x24, 0x30, 0x48, 0x83, 0xC4, 0x20, 0x5F, 0x48,
	0xFF, 0x25, 0xCA, 0x6E, 0x00, 0x00, 0xC7, 0x47, 0x08, 0x03, 0x00, 0x00,
	0x00, 0xFF, 0x15, 0xBD, 0x6E, 0x00, 0x00, 0x48, 0x8D, 0x8F, 0x88, 0x00,
	0x00, 0x00, 0xE8, 0x01, 0x8B, 0xFF, 0xFF, 0x48, 0x8B, 0xCF, 0x48, 0x8B,
	0x5C, 0x24, 0x30, 0x48, 0x83, 0xC4, 0x20, 0x5F, 0xE9, 0x4F, 0x98, 0xFF,
	0xFF, 0xCC, 0xCC, 0xCC, 0xCC, 0xCC, 0xCC, 0xCC, 0xCC, 0xCC, 0xCC, 0xCC,
	0xCC, 0xCC, 0xCC, 0xCC, 0x40, 0x53, 0x55, 0x56, 0x57, 0x41, 0x54, 0x41,
	0x56, 0x41, 0x57, 0x48, 0x83, 0xEC, 0x50, 0x4D, 0x8B, 0xF0, 0x4C, 0x8B,
	0xE2, 0x48, 0x8B, 0xF9, 0x48, 0x89, 0x4C, 0x24, 0x20, 0x4C, 0x89, 0x44,
	0x24, 0x20, 0xB9, 0xC8, 0x01, 0x00, 0x00, 0xE8, 0x9C, 0x3B, 0x00, 0x00,
	0x4C, 0x8B, 0xF8, 0x48, 0x89, 0x44, 0x24, 0x20, 0x0F, 0x57, 0xC0, 0x0F,
	0x11, 0x00, 0xC7, 0x40, 0x08, 0x01, 0x00, 0x00, 0x00, 0xC7, 0x40, 0x0C,
	0x01, 0x00, 0x00, 0x00, 0x48, 0x8D, 0x05, 0x09, 0xA5, 0x00, 0x00, 0x49,
	0x89, 0x07, 0x49, 0x8B, 0x46, 0x08, 0x48, 0x85, 0xC0, 0x74, 0x04, 0xF0,
	0xFF, 0x40, 0x08, 0x49, 0x8B, 0x06, 0x49, 0x8B, 0x5E, 0x08, 0x49, 0x8B,
	0x4E, 0x10, 0x48, 0x85, 0xDB, 0x74, 0x04, 0xF0, 0xFF, 0x43, 0x08, 0x48,
	0x89, 0x44, 0x24, 0x30, 0x48, 0x89, 0x5C, 0x24, 0x38, 0x48, 0x89, 0x4C,
	0x24, 0x40, 0x4C, 0x8D, 0x44, 0x24, 0x30, 0x49, 0x8B, 0xD4, 0x49, 0x8D,
	0x4F, 0x10, 0xE8, 0xAD, 0x8D, 0xFF, 0xFF, 0x48, 0x8D, 0x05, 0xA6, 0xA5,
	0x00, 0x00, 0x49, 0x89, 0x47, 0x10, 0x49, 0xC7, 0x87, 0xC0, 0x01, 0x00,
	0x00, 0x00, 0x00, 0x00, 0x00, 0xBE, 0xFF, 0xFF, 0xFF, 0xFF, 0x48, 0x85,
	0xDB, 0x74, 0x29, 0x8B, 0xC6, 0xF0, 0x0F, 0xC1, 0x43, 0x08, 0x83, 0xF8,
	0x01, 0x75, 0x1D, 0x48, 0x8B, 0x03, 0x48, 0x8B, 0xCB, 0xFF, 0x10, 0x8B,
	0xC6, 0xF0, 0x0F, 0xC1, 0x43, 0x0C, 0x83, 0xF8, 0x01, 0x75, 0x09, 0x48,
	0x8B, 0x03, 0x48, 0x8B, 0xCB, 0xFF, 0x50, 0x08, 0x0F, 0x57, 0xC0, 0x0F,
	0x11, 0x07, 0x49, 0x8D, 0x47, 0x10, 0x48, 0x89, 0x07, 0x4C, 0x89, 0x7F,
	0x08, 0x49, 0x8B, 0x5E, 0x08, 0x48, 0x85, 0xDB, 0x74, 0x27, 0x8B, 0xC6,
	0xF0, 0x0F, 0xC1, 0x43, 0x08, 0x83, 0xF8, 0x01, 0x75, 0x1B, 0x48, 0x8B,
	0x13, 0x48, 0x8B, 0xCB, 0xFF, 0x12, 0xF0, 0x0F, 0xC1, 0x73, 0x0C, 0x83,
	0xFE, 0x01, 0x75, 0x09, 0x48, 0x8B, 0x13, 0x48, 0x8B, 0xCB, 0xFF, 0x52,
	0x08, 0x48, 0x8B, 0xC7, 0x48, 0x83, 0xC4, 0x50, 0x41, 0x5F, 0x41, 0x5E,
	0x41, 0x5C, 0x5F, 0x5E, 0x5D, 0x5B, 0xC3, 0xCC, 0x40, 0x53, 0x48, 0x83,
	0xEC, 0x20, 0x48, 0x8B, 0xD9, 0xFF, 0x15, 0xF1, 0x6C, 0x00, 0x00, 0x84,
	0xC0, 0x75, 0x0A, 0x48, 0x8B, 0x0B, 0xFF, 0x15, 0x54, 0x6D, 0x00, 0x00,
	0x90, 0x48, 0x8B, 0x13, 0x48, 0x8B, 0x02, 0x48, 0x63, 0x48, 0x04, 0x48,
	0x8B, 0x4C, 0x11, 0x48, 0x48, 0x85, 0xC9, 0x74, 0x07, 0x48, 0x8B, 0x01,
	0xFF, 0x50, 0x10, 0x90, 0x48, 0x83, 0xC4, 0x20, 0x5B, 0xC3, 0xCC, 0xCC,
	0x40, 0x53, 0x48, 0x83, 0xEC, 0x30, 0x48, 0x8B, 0x51, 0x18, 0x48, 0x8B,
	0xD9, 0x48, 0x83, 0xFA, 0x0F, 0x76, 0x2C, 0x48, 0x8B, 0x09, 0x48, 0xFF,
	0xC2, 0x48, 0x81, 0xFA, 0x00, 0x10, 0x00, 0x00, 0x72, 0x18, 0x48, 0x8B,
	0x41, 0xF8, 0x48, 0x83, 0xC2, 0x27, 0x48, 0x2B, 0xC8, 0x48, 0x83, 0xE9,
	0x08, 0x48, 0x83, 0xF9, 0x1F, 0x77, 0x21, 0x48, 0x8B, 0xC8, 0xE8, 0x5D,
	0x3D, 0x00, 0x00, 0x48, 0xC7, 0x43, 0x10, 0x00, 0x00, 0x00, 0x00, 0x48,
	0xC7, 0x43, 0x18, 0x0F, 0x00, 0x00, 0x00, 0xC6, 0x03, 0x00, 0x48, 0x83,
	0xC4, 0x30, 0x5B, 0xC3, 0x45, 0x33, 0xC9, 0x48, 0xC7, 0x44, 0x24, 0x20,
	0x00, 0x00, 0x00, 0x00, 0x45, 0x33, 0xC0, 0x33, 0xD2, 0x33, 0xC9, 0xFF,
	0x15, 0xD7, 0x6E, 0x00, 0x00, 0xCC, 0xCC, 0xCC, 0xCC, 0xCC, 0xCC, 0xCC,
	0xCC, 0xCC, 0xCC, 0xCC, 0xCC, 0xCC, 0xCC, 0xCC, 0x40, 0x53, 0x48, 0x83,
	0xEC, 0x20, 0x48, 0x8D, 0x05, 0xC3, 0xA4, 0x00, 0x00, 0x48, 0x8B, 0xD9,
	0x48, 0x89, 0x01, 0xF6, 0xC2, 0x01, 0x74, 0x0A, 0xBA, 0x48, 0x00, 0x00,
	0x00, 0xE8, 0xFA, 0x3C, 0x00, 0x00, 0x48, 0x8B, 0xC3, 0x48, 0x83, 0xC4,
	0x20, 0x5B, 0xC3, 0xCC, 0xCC, 0xCC, 0xCC, 0xCC, 0x48, 0x8B, 0x09, 0x48,
	0x85, 0xC9, 0x74, 0x0A, 0xBA, 0x48, 0x00, 0x00, 0x00, 0xE9, 0xDA, 0x3C,
	0x00, 0x00, 0xC3, 0xCC, 0xCC, 0xCC, 0xCC, 0xCC, 0xCC, 0xCC, 0xCC, 0xCC,
	0xCC, 0xCC, 0xCC, 0xCC, 0x48, 0x89, 0x5C, 0x24, 0x18, 0x55, 0x56, 0x57,
	0x41, 0x56, 0x41, 0x57, 0x48, 0x81, 0xEC, 0xC0, 0x00, 0x00, 0x00, 0x48,
	0x8B, 0x05, 0x86, 0xFA, 0x00, 0x00, 0x48, 0x33, 0xC4, 0x48, 0x89, 0x84,
	0x24, 0xB0, 0x00, 0x00, 0x00, 0x48, 0x8B, 0xEA, 0x4C, 0x8B, 0xF1, 0x48,
	0x89, 0x8C, 0x24, 0xA8, 0x00, 0x00, 0x00, 0x45, 0x33, 0xFF, 0xE8, 0x05,
	0xE8, 0xFF, 0xFF, 0x90, 0x48, 0x8D, 0x05, 0xAD, 0xA0, 0x00, 0x00, 0x49,
	0x89, 0x06, 0x49, 0x8D, 0xB6, 0xD0, 0x00, 0x00, 0x00, 0x48, 0x89, 0x74,
	0x24, 0x28, 0x4C, 0x89, 0x7E, 0x38, 0xB9, 0x30, 0x00, 0x00, 0x00, 0xE8,
	0x28, 0x39, 0x00, 0x00, 0x48, 0x8B, 0xD8, 0x48, 0x89, 0x44, 0x24, 0x38,
	0x48, 0x8D, 0x05, 0x41, 0xA1, 0x00, 0x00, 0x48, 0x89, 0x03, 0x48, 0x8B,
	0xD5, 0x48, 0x8D, 0x4B, 0x08, 0xE8, 0x12, 0xEE, 0xFF, 0xFF, 0x48, 0x8B,
	0x45, 0x20, 0x48, 0x89, 0x43, 0x28, 0x48, 0x89, 0x5E, 0x38, 0x48, 0x8D,
	0x05, 0x4F, 0xA2, 0x00, 0x00, 0x49, 0x89, 0x06, 0x49, 0x8D, 0x9E, 0x10,
	0x01, 0x00, 0x00, 0x4C, 0x89, 0x3B, 0x4C, 0x89, 0x7B, 0x08, 0x48, 0x8D,
	0x44, 0x24, 0x48, 0x48, 0x89, 0x44, 0x24, 0x20, 0xE8, 0xCF, 0x82, 0xFF,
	0xFF, 0x48, 0x8B, 0x48, 0x08, 0x48, 0x85, 0xC9, 0x74, 0x04, 0xF0, 0xFF,
	0x41, 0x08, 0x48, 0x8B, 0x08, 0x48, 0x8B, 0x40, 0x08, 0x48, 0x89, 0x4C,
	0x24, 0x48, 0x48, 0x89, 0x44, 0x24, 0x50, 0x48, 0x89, 0x4C, 0x24, 0x58,
	0x4C, 0x89, 0x7C, 0x24, 0x60, 0x48, 0x8D, 0x4C, 0x24, 0x68, 0xFF, 0x15,
	0xFC, 0x6B, 0x00, 0x00, 0x0F, 0x57, 0xC0, 0xF3, 0x0F, 0x7F, 0x84, 0x24,
	0x88, 0x00, 0x00, 0x00, 0x4C, 0x89, 0xBC, 0x24, 0x98, 0x00, 0x00, 0x00,
	0x4C, 0x89, 0xBC, 0x24, 0x80, 0x00, 0x00, 0x00, 0xC6, 0x44, 0x24, 0x78,
	0x00, 0x66, 0xC7, 0x84, 0x24, 0xA0, 0x00, 0x00, 0x00, 0x00, 0x00, 0x4C,
	0x8D, 0x44, 0x24, 0x48, 0x49, 0x8B, 0xD6, 0x48, 0x8D, 0x4C, 0x24, 0x28,
	0xE8, 0x1F, 0x18, 0x00, 0x00, 0x48, 0x3B, 0xD8, 0x74, 0x0B, 0x48, 0x8B,
	0xD0, 0x48, 0x8B, 0xCB, 0xE8, 0x6F, 0xFB, 0xFF, 0xFF, 0x48, 0x8B, 0x5C,
	0x24, 0x30, 0x48, 0x85, 0xDB, 0x74, 0x2C, 0xBF, 0xFF, 0xFF, 0xFF, 0xFF,
	0x8B, 0xC7, 0xF0, 0x0F, 0xC1, 0x43, 0x08, 0x83, 0xF8, 0x01, 0x75, 0x1B,
	0x48, 0x8B, 0x03, 0x48, 0x8B, 0xCB, 0xFF, 0x10, 0xF0, 0x0F, 0xC1, 0x7B,
	0x0C, 0x83, 0xFF, 0x01, 0x75, 0x09, 0x48, 0x8B, 0x13, 0x48, 0x8B, 0xCB,
	0xFF, 0x52, 0x08, 0x41, 0xC6, 0x86, 0xC2, 0x00, 0x00, 0x00, 0x01, 0x49,
	0x8B, 0xC6, 0x48, 0x8B, 0x8C, 0x24, 0xB0, 0x00, 0x00, 0x00, 0x48, 0x33,
	0xCC, 0xE8, 0xFE, 0x36, 0x00, 0x00, 0x48, 0x8B, 0x9C, 0x24, 0x00, 0x01,
	0x00, 0x00, 0x48, 0x81, 0xC4, 0xC0, 0x00, 0x00, 0x00, 0x41, 0x5F, 0x41,
	0x5E, 0x5F, 0x5E, 0x5D, 0xC3, 0xCC, 0xCC, 0xCC, 0xCC, 0xCC, 0xCC, 0xCC,
	0x4C, 0x8B, 0xDC, 0x53, 0x55, 0x41, 0x56, 0x41, 0x57, 0x48, 0x83, 0xEC,
	0x48, 0x48, 0x8B, 0x41, 0x08, 0x48, 0x8B, 0xDA, 0x48, 0x8B, 0x11, 0x4C,
	0x8B, 0xFB, 0x48, 0x2B, 0xC2, 0x49, 0x8B, 0xE8, 0x48, 0xC1, 0xF8, 0x04,
	0x4C, 0x2B, 0xFA, 0x49, 0xB8, 0xFF, 0xFF, 0xFF, 0xFF, 0xFF, 0xFF, 0xFF,
	0x0F, 0x4C, 0x8B, 0xF1, 0x49, 0x3B, 0xC0, 0x0F, 0x84, 0x2B, 0x02, 0x00,
	0x00, 0x48, 0x8B, 0x49, 0x10, 0x48, 0x2B, 0xCA, 0x49, 0x89, 0x73, 0x20,
	0x48, 0xC1, 0xF9, 0x04, 0x49, 0x89, 0x7B, 0xD8, 0x48, 0x8B, 0xD1, 0x4D,
	0x89, 0x63, 0xD0, 0x4C, 0x8D, 0x60, 0x01, 0x48, 0xD1, 0xEA, 0x49, 0x8B,
	0xC0, 0x48, 0x2B, 0xC2, 0x4D, 0x89, 0x6B, 0xC8, 0x48, 0x3B, 0xC8, 0x0F,
	0x87, 0xFD, 0x01, 0x00, 0x00, 0x48, 0x8D, 0x04, 0x0A, 0x49, 0x8B, 0xF4,
	0x49, 0x3B, 0xC4, 0x48, 0x0F, 0x43, 0xF0, 0x49, 0x3B, 0xF0, 0x0F, 0x87,
	0xE6, 0x01, 0x00, 0x00, 0x48, 0xC1, 0xE6, 0x04, 0x45, 0x33, 0xED, 0x48,
	0x85, 0xF6, 0x75, 0x05, 0x41, 0x8B, 0xFD, 0xEB, 0x3D, 0x48, 0x81, 0xFE,
	0x00, 0x10, 0x00, 0x00, 0x72, 0x29, 0x48, 0x8D, 0x4E, 0x27, 0x48, 0x3B,
	0xCE, 0x0F, 0x86, 0xBF, 0x01, 0x00, 0x00, 0xE8, 0x34, 0x37, 0x00, 0x00,
	0x48, 0x85, 0xC0, 0x0F, 0x84, 0x95, 0x01, 0x00, 0x00, 0x48, 0x8D, 0x78,
	0x27, 0x48, 0x83, 0xE7, 0xE0, 0x48, 0x89, 0x47, 0xF8, 0xEB, 0x0B, 0x48,
	0x8B, 0xCE, 0xE8, 0x15, 0x37, 0x00, 0x00, 0x48, 0x8B, 0xF8, 0x48, 0x8B,
	0x4D, 0x00, 0x49, 0x83, 0xE7, 0xF0, 0x4C, 0x03, 0xFF, 0x4C, 0x89, 0x6D,
	0x00, 0x49, 0x89, 0x0F, 0x49, 0x8D, 0x57, 0x10, 0x41, 0xC6, 0x47, 0x08,
	0x01, 0x4D, 0x8B, 0x46, 0x08, 0x49, 0x8B, 0x0E, 0x49, 0x3B, 0xD8, 0x75,
	0x30, 0x48, 0x8B, 0xD7, 0x49, 0x3B, 0xC8, 0x0F, 0x84, 0x82, 0x00, 0x00,
	0x00, 0x0F, 0x1F, 0x80, 0x00, 0x00, 0x00, 0x00, 0x48, 0x8B, 0x01, 0x48,
	0x8D, 0x52, 0x10, 0x4C, 0x89, 0x29, 0x48, 0x83, 0xC1, 0x10, 0x48, 0x89,
	0x42, 0xF0, 0xC6, 0x42, 0xF8, 0x01, 0x49, 0x3B, 0xC8, 0x75, 0xE5, 0xEB,
	0x5E, 0x4C, 0x8B, 0xC7, 0x48, 0x3B, 0xCB, 0x74, 0x27, 0x66, 0x66, 0x66,
	0x0F, 0x1F, 0x84, 0x00, 0x00, 0x00, 0x00, 0x00, 0x48, 0x8B, 0x01, 0x4D,
	0x8D, 0x40, 0x10, 0x4C, 0x89, 0x29, 0x48, 0x83, 0xC1, 0x10, 0x49, 0x89,
	0x40, 0xF0, 0x41, 0xC6, 0x40, 0xF8, 0x01, 0x48, 0x3B, 0xCB, 0x75, 0xE4,
	0x49, 0x8B, 0x4E, 0x08, 0x48, 0x3B, 0xD9, 0x74, 0x26, 0x66, 0x66, 0x66,
	0x0F, 0x1F, 0x84, 0x00, 0x00, 0x00, 0x00, 0x00, 0x48, 0x8B, 0x03, 0x48,
	0x8D, 0x52, 0x10, 0x4C, 0x89, 0x2B, 0x48, 0x83, 0xC3, 0x10, 0x48, 0x89,
	0x42, 0xF0, 0xC6, 0x42, 0xF8, 0x01, 0x48, 0x3B, 0xD9, 0x75, 0xE5, 0x49,
	0x8B, 0x1E, 0x48, 0x85, 0xDB, 0x0F, 0x84, 0x80, 0x00, 0x00, 0x00, 0x49,
	0x8B, 0x6E, 0x08, 0x48, 0x3B, 0xDD, 0x74, 0x43, 0x48, 0x8B, 0x0B, 0x48,
	0x85, 0xC9, 0x74, 0x32, 0xB8, 0xFF, 0xFF, 0xFF, 0xFF, 0xF0, 0x0F, 0xC1,
	0x41, 0x08, 0x83, 0xF8, 0x01, 0x75, 0x23, 0x4C, 0x8B, 0x81, 0xC8, 0x00,
	0x00, 0x00, 0x4D, 0x85, 0xC0, 0x74, 0x0D, 0x49, 0x8B, 0x00, 0x48, 0x8B,
	0xD1, 0x49, 0x8B, 0xC8, 0xFF, 0x10, 0xEB, 0x0A, 0x48, 0x8B, 0x01, 0xBA,
	0x01, 0x00, 0x00, 0x00, 0xFF, 0x10, 0x48, 0x83, 0xC3, 0x10, 0x48, 0x3B,
	0xDD, 0x75, 0xBD, 0x49, 0x8B, 0x0E, 0x49, 0x8B, 0x56, 0x10, 0x48, 0x2B,
	0xD1, 0x48, 0x83, 0xE2, 0xF0, 0x48, 0x81, 0xFA, 0x00, 0x10, 0x00, 0x00,
	0x72, 0x18, 0x48, 0x8B, 0x41, 0xF8, 0x48, 0x83, 0xC2, 0x27, 0x48, 0x2B,
	0xC8, 0x48, 0x83, 0xE9, 0x08, 0x48, 0x83, 0xF9, 0x1F, 0x77, 0x43, 0x48,
	0x8B, 0xC8, 0xE8, 0x15, 0x39, 0x00, 0x00, 0x4C, 0x8B, 0x6C, 0x24, 0x30,
	0x48, 0x8D, 0x0C, 0x3E, 0x48, 0x8B, 0xB4, 0x24, 0x88, 0x00, 0x00, 0x00,
	0x49, 0x8B, 0xC7, 0x49, 0x89, 0x3E, 0x49, 0xC1, 0xE4, 0x04, 0x4C, 0x03,
	0xE7, 0x48, 0x8B, 0x7C, 0x24, 0x40, 0x4D, 0x89, 0x66, 0x08, 0x4C, 0x8B,
	0x64, 0x24, 0x38, 0x49, 0x89, 0x4E, 0x10, 0x48, 0x83, 0xC4, 0x48, 0x41,
	0x5F, 0x41, 0x5E, 0x5D, 0x5B, 0xC3, 0x45, 0x33, 0xC9, 0x4C, 0x89, 0x6C,
	0x24, 0x20, 0x45, 0x33, 0xC0, 0x33, 0xD2, 0x33, 0xC9, 0xFF, 0x15, 0x71,
	0x6A, 0x00, 0x00, 0xCC, 0xE8, 0x83, 0x1C, 0x00, 0x00, 0xCC, 0xE8, 0xCD,
	0x7B, 0xFF, 0xFF, 0xCC, 0xCC, 0xCC, 0xCC, 0xCC, 0xCC, 0xCC, 0xCC, 0xCC,
	0xCC, 0xCC, 0xCC, 0xCC, 0x48, 0x89, 0x5C, 0x24, 0x20, 0x55, 0x56, 0x57,
	0x41, 0x54, 0x41, 0x55, 0x41, 0x56, 0x41, 0x57, 0x48, 0x83, 0xEC, 0x70,
	0x4C, 0x89, 0x44, 0x24, 0x30, 0x48, 0x8B, 0xEA, 0x4C, 0x8B, 0xF9, 0x4C,
	0x8B, 0x01, 0x4C, 0x8B, 0xCA, 0x4D, 0x2B, 0xC8, 0x49, 0xBA, 0xAB, 0xAA,
	0xAA, 0xAA, 0xAA, 0xAA, 0xAA, 0x2A, 0x49, 0x8B, 0xC2, 0x49, 0xF7, 0xE9,
	0x48, 0x8B, 0xF2, 0x48, 0xC1, 0xFE, 0x02, 0x48, 0x8B, 0xC6, 0x48, 0xC1,
	0xE8, 0x3F, 0x48, 0x03, 0xF0, 0x48, 0x8B, 0x49, 0x08, 0x49, 0x2B, 0xC8,
	0x49, 0x8B, 0xC2, 0x48, 0xF7, 0xE9, 0x48, 0xC1, 0xFA, 0x02, 0x48, 0x8B,
	0xC2, 0x48, 0xC1, 0xE8, 0x3F, 0x48, 0x03, 0xD0, 0x49, 0xB9, 0xAA, 0xAA,
	0xAA, 0xAA, 0xAA, 0xAA, 0xAA, 0x0A, 0x49, 0x3B, 0xD1, 0x0F, 0x84, 0xD5,
	0x02, 0x00, 0x00, 0x48, 0x8D, 0x7A, 0x01, 0x48, 0x89, 0x7C, 0x24, 0x38,
	0x49, 0x8B, 0x4F, 0x10, 0x49, 0x2B, 0xC8, 0x49, 0x8B, 0xC2, 0x48, 0xF7,
	0xE9, 0x48, 0xC1, 0xFA, 0x02, 0x48, 0x8B, 0xC2, 0x48, 0xC1, 0xE8, 0x3F,
	0x48, 0x03, 0xD0, 0x48, 0x8B, 0xCA, 0x48, 0xD1, 0xE9, 0x49, 0x8B, 0xC1,
	0x48, 0x2B, 0xC1, 0x48, 0x3B, 0xD0, 0x0F, 0x87, 0xA2, 0x02, 0x00, 0x00,
	0x48, 0x8D, 0x04, 0x11, 0x48, 0x8B, 0xDF, 0x48, 0x3B, 0xC7, 0x48, 0x0F,
	0x43, 0xD8, 0x49, 0x3B, 0xD9, 0x0F, 0x87, 0x8B, 0x02, 0x00, 0x00, 0x4C,
	0x8D, 0x24, 0x5B, 0x49, 0xC1, 0xE4, 0x03, 0x45, 0x33, 0xDB, 0x4D, 0x85,
	0xE4, 0x75, 0x05, 0x45, 0x8B, 0xF3, 0xEB, 0x55, 0x49, 0x81, 0xFC, 0x00,
	0x10, 0x00, 0x00, 0x72, 0x3E, 0x49, 0x8D, 0x4C, 0x24, 0x27, 0x49, 0x3B,
	0xCC, 0x0F, 0x86, 0x5F, 0x02, 0x00, 0x00, 0xE8, 0x70, 0x34, 0x00, 0x00,
	0x48, 0x85, 0xC0, 0x75, 0x18, 0x33, 0xDB, 0x48, 0x89, 0x5C, 0x24, 0x20,
	0x45, 0x33, 0xC9, 0x45, 0x33, 0xC0, 0x33, 0xD2, 0x33, 0xC9, 0xFF, 0x15,
	0x44, 0x69, 0x00, 0x00, 0xCC, 0x4C, 0x8D, 0x70, 0x27, 0x49, 0x83, 0xE6,
	0xE0, 0x49, 0x89, 0x46, 0xF8, 0xEB, 0x0B, 0x49, 0x8B, 0xCC, 0xE8, 0x3D,
	0x34, 0x00, 0x00, 0x4C, 0x8B, 0xF0, 0x45, 0x33, 0xDB, 0x48, 0x8D, 0x04,
	0x76, 0x4D, 0x8D, 0x2C, 0xC6, 0x49, 0x8D, 0x75, 0x18, 0x4C, 0x89, 0x7C,
	0x24, 0x40, 0x4C, 0x89, 0x74, 0x24, 0x48, 0x48, 0x89, 0x5C, 0x24, 0x50,
	0x48, 0x89, 0x74, 0x24, 0x58, 0x48, 0x89, 0x74, 0x24, 0x60, 0x4D, 0x89,
	0x5D, 0x00, 0x4D, 0x89, 0x5D, 0x08, 0x4D, 0x89, 0x5D, 0x10, 0x48, 0x8B,
	0x5C, 0x24, 0x30, 0x48, 0x8B, 0x53, 0x08, 0x48, 0x2B, 0x13, 0x74, 0x31,
	0x49, 0x8B, 0xCD, 0xE8, 0xD8, 0x0F, 0x00, 0x00, 0x49, 0x8B, 0x7D, 0x00,
	0x48, 0x8B, 0x13, 0x48, 0x8B, 0x5B, 0x08, 0x48, 0x2B, 0xDA, 0x4C, 0x8B,
	0xC3, 0x48, 0x8B, 0xCF, 0xE8, 0xC6, 0x43, 0x00, 0x00, 0x48, 0x8D, 0x04,
	0x3B, 0x49, 0x89, 0x45, 0x08, 0x48, 0x8B, 0x7C, 0x24, 0x38, 0x45, 0x33,
	0xDB, 0x4D, 0x8B, 0x57, 0x08, 0x49, 0x8B, 0x07, 0x49, 0x8B, 0xCE, 0x49,
	0x3B, 0xEA, 0x75, 0x4D, 0x49, 0x3B, 0xC2, 0x74, 0x39, 0x66, 0x66, 0x66,
	0x0F, 0x1F, 0x84, 0x00, 0x00, 0x00, 0x00, 0x00, 0x4C, 0x8B, 0x48, 0x10,
	0x4C, 0x89, 0x58, 0x10, 0x4C, 0x8B, 0x40, 0x08, 0x4C, 0x89, 0x58, 0x08,
	0x48, 0x8B, 0x10, 0x4C, 0x89, 0x18, 0x48, 0x89, 0x11, 0x4C, 0x89, 0x41,
	0x08, 0x4C, 0x89, 0x49, 0x10, 0x48, 0x83, 0xC1, 0x18, 0x48, 0x83, 0xC0,
	0x18, 0x49, 0x3B, 0xC2, 0x75, 0xD2, 0x48, 0x8B, 0xD1, 0xE8, 0x9A, 0x05,
	0x00, 0x00, 0x33, 0xDB, 0xE9, 0xA0, 0x00, 0x00, 0x00, 0x48, 0x3B, 0xC5,
	0x74, 0x3C, 0x0F, 0x1F, 0x40, 0x00, 0x66, 0x66, 0x0F, 0x1F, 0x84, 0x00,
	0x00, 0x00, 0x00, 0x00, 0x4C, 0x8B, 0x48, 0x10, 0x4C, 0x89, 0x58, 0x10,
	0x4C, 0x8B, 0x40, 0x08, 0x4C, 0x89, 0x58, 0x08, 0x48, 0x8B, 0x10, 0x4C,
	0x89, 0x18, 0x48, 0x89, 0x11, 0x4C, 0x89, 0x41, 0x08, 0x4C, 0x89, 0x49,
	0x10, 0x48, 0x83, 0xC1, 0x18, 0x48, 0x83, 0xC0, 0x18, 0x48, 0x3B, 0xC5,
	0x75, 0xD2, 0x48, 0x8B, 0xD1, 0xE8, 0x4A, 0x05, 0x00, 0x00, 0x49, 0x8B,
	0x4F, 0x08, 0x33, 0xDB, 0x48, 0x3B, 0xE9, 0x74, 0x41, 0x4C, 0x8D, 0x4D,
	0x08, 0x66, 0x66, 0x66, 0x0F, 0x1F, 0x84, 0x00, 0x00, 0x00, 0x00, 0x00,
	0x4D, 0x8B, 0x41, 0x08, 0x49, 0x89, 0x59, 0x08, 0x49, 0x8B, 0x11, 0x49,
	0x89, 0x19, 0x49, 0x8B, 0x41, 0xF8, 0x49, 0x89, 0x59, 0xF8, 0x48, 0x89,
	0x06, 0x48, 0x89, 0x56, 0x08, 0x4C, 0x89, 0x46, 0x10, 0x48, 0x83, 0xC6,
	0x18, 0x4D, 0x8D, 0x49, 0x18, 0x49, 0x8D, 0x41, 0xF8, 0x48, 0x3B, 0xC1,
	0x75, 0xCE, 0x48, 0x8B, 0xD6, 0x48, 0x8B, 0xCE, 0xE8, 0xF3, 0x04, 0x00,
	0x00, 0x49, 0x8B, 0x0F, 0x48, 0x85, 0xC9, 0x74, 0x5F, 0x49, 0x8B, 0x57,
	0x08, 0xE8, 0xE2, 0x04, 0x00, 0x00, 0x4D, 0x8B, 0x07, 0x49, 0x8B, 0x4F,
	0x10, 0x49, 0x2B, 0xC8, 0x48, 0xB8, 0xAB, 0xAA, 0xAA, 0xAA, 0xAA, 0xAA,
	0xAA, 0x2A, 0x48, 0xF7, 0xE9, 0x48, 0xC1, 0xFA, 0x02, 0x48, 0x8B, 0xC2,
	0x48, 0xC1, 0xE8, 0x3F, 0x48, 0x03, 0xD0, 0x48, 0x8D, 0x14, 0x52, 0x48,
	0xC1, 0xE2, 0x03, 0x48, 0x81, 0xFA, 0x00, 0x10, 0x00, 0x00, 0x72, 0x18,
	0x48, 0x83, 0xC2, 0x27, 0x49, 0x8B, 0x40, 0xF8, 0x4C, 0x2B, 0xC0, 0x49,
	0x83, 0xE8, 0x08, 0x49, 0x83, 0xF8, 0x1F, 0x77, 0x3D, 0x4C, 0x8B, 0xC0,
	0x49, 0x8B, 0xC8, 0xE8, 0xA8, 0x35, 0x00, 0x00, 0x4D, 0x89, 0x37, 0x48,
	0x8D, 0x0C, 0x7F, 0x49, 0x8D, 0x14, 0xCE, 0x49, 0x89, 0x57, 0x08, 0x4B,
	0x8D, 0x0C, 0x34, 0x49, 0x89, 0x4F, 0x10, 0x49, 0x8B, 0xC5, 0x48, 0x8B,
	0x9C, 0x24, 0xC8, 0x00, 0x00, 0x00, 0x48, 0x83, 0xC4, 0x70, 0x41, 0x5F,
	0x41, 0x5E, 0x41, 0x5D, 0x41, 0x5C, 0x5F, 0x5E, 0x5D, 0xC3, 0x48, 0x89,
	0x5C, 0x24, 0x20, 0x45, 0x33, 0xC9, 0x45, 0x33, 0xC0, 0x33, 0xD2, 0x33,
	0xC9, 0xFF, 0x15, 0x0D, 0x67, 0x00, 0x00, 0x90, 0xE8, 0x1F, 0x19, 0x00,
	0x00, 0xCC, 0xE8, 0x69, 0x78, 0xFF, 0xFF, 0xCC, 0xCC, 0xCC, 0xCC, 0xCC,
	0xCC, 0xCC, 0xCC, 0xCC, 0x40, 0x53, 0x55, 0x56, 0x41, 0x54, 0x41, 0x56,
	0x48, 0x83, 0xEC, 0x30, 0x4C, 0x8B, 0x31, 0x48, 0xBB, 0xFF, 0xFF, 0xFF,
	0xFF, 0xFF, 0xFF, 0xFF, 0x7F, 0x48, 0x8B, 0x41, 0x08, 0x4D, 0x8B, 0xE0,
	0x49, 0x2B, 0xC6, 0x48, 0x8B, 0xEA, 0x48, 0x8B, 0xF1, 0x48, 0x3B, 0xC3,
	0x0F, 0x84, 0x45, 0x01, 0x00, 0x00, 0x48, 0x8B, 0x49, 0x10, 0x49, 0x2B,
	0xCE, 0x48, 0x89, 0x7C, 0x24, 0x70, 0x48, 0x8B, 0xD1, 0x4C, 0x89, 0x7C,
	0x24, 0x78, 0x4C, 0x8D, 0x78, 0x01, 0x48, 0xD1, 0xEA, 0x48, 0x8B, 0xC3,
	0x48, 0x2B, 0xC2, 0x48, 0x3B, 0xC8, 0x76, 0x26, 0x48, 0xB9, 0x26, 0x00,
	0x00, 0x00, 0x00, 0x00, 0x00, 0x80, 0xE8, 0xA1, 0x31, 0x00, 0x00, 0x48,
	0x85, 0xC0, 0x0F, 0x84, 0xED, 0x00, 0x00, 0x00, 0x48, 0x8D, 0x78, 0x27,
	0x48, 0x83, 0xE7, 0xE0, 0x48, 0x89, 0x47, 0xF8, 0xEB, 0x3A, 0x48, 0x8D,
	0x04, 0x0A, 0x49, 0x8B, 0xDF, 0x49, 0x3B, 0xC7, 0x48, 0x0F, 0x43, 0xD8,
	0x48, 0x85, 0xDB, 0x75, 0x04, 0x33, 0xFF, 0xEB, 0x23, 0x48, 0x81, 0xFB,
	0x00, 0x10, 0x00, 0x00, 0x72, 0x0F, 0x48, 0x8D, 0x4B, 0x27, 0x48, 0x3B,
	0xCB, 0x0F, 0x86, 0xD2, 0x00, 0x00, 0x00, 0xEB, 0xB5, 0x48, 0x8B, 0xCB,
	0xE8, 0x53, 0x31, 0x00, 0x00, 0x48, 0x8B, 0xF8, 0x48, 0x8B, 0xCD, 0x49,
	0x2B, 0xCE, 0x4C, 0x8D, 0x34, 0x39, 0x41, 0x0F, 0xB6, 0x0C, 0x24, 0x41,
	0x88, 0x0E, 0x48, 0x8B, 0xCF, 0x4C, 0x8B, 0x46, 0x08, 0x48, 0x8B, 0x16,
	0x49, 0x3B, 0xE8, 0x75, 0x05, 0x4C, 0x2B, 0xC2, 0xEB, 0x19, 0x4C, 0x8B,
	0xC5, 0x4C, 0x2B, 0xC2, 0xE8, 0x0E, 0x41, 0x00, 0x00, 0x4C, 0x8B, 0x46,
	0x08, 0x49, 0x8D, 0x4E, 0x01, 0x4C, 0x2B, 0xC5, 0x48, 0x8B, 0xD5, 0xE8,
	0xFB, 0x40, 0x00, 0x00, 0x48, 0x8B, 0x0E, 0x48, 0x85, 0xC9, 0x74, 0x2D,
	0x48, 0x8B, 0x56, 0x10, 0x48, 0x2B, 0xD1, 0x48, 0x81, 0xFA, 0x00, 0x10,
	0x00, 0x00, 0x72, 0x18, 0x48, 0x8B, 0x41, 0xF8, 0x48, 0x83, 0xC2, 0x27,
	0x48, 0x2B, 0xC8, 0x48, 0x83, 0xE9, 0x08, 0x48, 0x83, 0xF9, 0x1F, 0x77,
	0x34, 0x48, 0x8B, 0xC8, 0xE8, 0x1B, 0x34, 0x00, 0x00, 0x4A, 0x8D, 0x0C,
	0x3F, 0x48, 0x89, 0x3E, 0x4C, 0x8B, 0x7C, 0x24, 0x78, 0x49, 0x8B, 0xC6,
	0x48, 0x89, 0x4E, 0x08, 0x48, 0x8D, 0x0C, 0x1F, 0x48, 0x8B, 0x7C, 0x24,
	0x70, 0x48, 0x89, 0x4E, 0x10, 0x48, 0x83, 0xC4, 0x30, 0x41, 0x5E, 0x41,
	0x5C, 0x5E, 0x5D, 0x5B, 0xC3, 0x45, 0x33, 0xC9, 0x48, 0xC7, 0x44, 0x24,
	0x20, 0x00, 0x00, 0x00, 0x00, 0x45, 0x33, 0xC0, 0x33, 0xD2, 0x33, 0xC9,
	0xFF, 0x15, 0x82, 0x65, 0x00, 0x00, 0xCC, 0xE8, 0x94, 0x17, 0x00, 0x00,
	0xCC, 0xE8, 0xDE, 0x76, 0xFF, 0xFF, 0xCC, 0xCC, 0xCC, 0xCC, 0xCC, 0xCC,
	0xCC, 0xCC, 0xCC, 0xCC, 0xCC, 0xCC, 0xCC, 0xCC, 0x48, 0x89, 0x5C, 0x24,
	0x20, 0x55, 0x56, 0x57, 0x41, 0x54, 0x41, 0x55, 0x41, 0x56, 0x41, 0x57,
	0x48, 0x83, 0xEC, 0x60, 0x4D, 0x8B, 0xE8, 0x48, 0x8B, 0xDA, 0x4C, 0x8B,
	0xF1, 0x48, 0x8B, 0x01, 0x48, 0x8B, 0xFA, 0x48, 0x2B, 0xF8, 0x4C, 0x8B,
	0x61, 0x08, 0x4C, 0x2B, 0xE0, 0x49, 0xC1, 0xFC, 0x05, 0x49, 0xB8, 0xFF,
	0xFF, 0xFF, 0xFF, 0xFF, 0xFF, 0xFF, 0x07, 0x4D, 0x3B, 0xE0, 0x0F, 0x84,
	0x4A, 0x02, 0x00, 0x00, 0x49, 0xFF, 0xC4, 0x48, 0x8B, 0x49, 0x10, 0x48,
	0x2B, 0xC8, 0x48, 0xC1, 0xF9, 0x05, 0x48, 0x8B, 0xD1, 0x48, 0xD1, 0xEA,
	0x49, 0x8B, 0xC0, 0x48, 0x2B, 0xC2, 0x48, 0x3B, 0xC8, 0x0F, 0x87, 0x2D,
	0x02, 0x00, 0x00, 0x48, 0x8D, 0x04, 0x0A, 0x49, 0x8B, 0xEC, 0x49, 0x3B,
	0xC4, 0x48, 0x0F, 0x43, 0xE8, 0x49, 0x3B, 0xE8, 0x0F, 0x87, 0x16, 0x02,
	0x00, 0x00, 0x4C, 0x8B, 0xFD, 0x49, 0xC1, 0xE7, 0x05, 0x4D, 0x85, 0xFF,
	0x75, 0x04, 0x33, 0xF6, 0xEB, 0x4F, 0x49, 0x81, 0xFF, 0x00, 0x10, 0x00,
	0x00, 0x72, 0x3B, 0x49, 0x8D, 0x4F, 0x27, 0x49, 0x3B, 0xCF, 0x0F, 0x86,
	0xF0, 0x01, 0x00, 0x00, 0xE8, 0xCF, 0x2F, 0x00, 0x00, 0x48, 0x85, 0xC0,
	0x75, 0x16, 0x48, 0x89, 0x44, 0x24, 0x20, 0x45, 0x33, 0xC9, 0x45, 0x33,
	0xC0, 0x33, 0xD2, 0x33, 0xC9, 0xFF, 0x15, 0xA5, 0x64, 0x00, 0x00, 0xCC,
	0x48, 0x8D, 0x70, 0x27, 0x48, 0x83, 0xE6, 0xE0, 0x48, 0x89, 0x46, 0xF8,
	0xEB, 0x0B, 0x49, 0x8B, 0xCF, 0xE8, 0x9E, 0x2F, 0x00, 0x00, 0x48, 0x8B,
	0xF0, 0x48, 0x83, 0xE7, 0xE0, 0x48, 0x8D, 0x04, 0x37, 0x48, 0x89, 0x44,
	0x24, 0x30, 0x48, 0x8D, 0x78, 0x20, 0x4C, 0x89, 0x74, 0x24, 0x38, 0x48,
	0x89, 0x74, 0x24, 0x40, 0x48, 0x89, 0x6C, 0x24, 0x48, 0x48, 0x89, 0x7C,
	0x24, 0x50, 0x48, 0x89, 0x7C, 0x24, 0x58, 0x49, 0x8B, 0xD5, 0x48, 0x8B,
	0xC8, 0xE8, 0x6E, 0xE4, 0xFF, 0xFF, 0x49, 0x8B, 0x56, 0x08, 0x49, 0x8B,
	0x06, 0x48, 0x8B, 0xCE, 0x33, 0xED, 0x48, 0x3B, 0xDA, 0x75, 0x47, 0x48,
	0x3B, 0xC2, 0x0F, 0x84, 0xBD, 0x00, 0x00, 0x00, 0x0F, 0x1F, 0x40, 0x00,
	0x0F, 0x57, 0xC0, 0x0F, 0x11, 0x01, 0x48, 0x89, 0x69, 0x10, 0x48, 0x89,
	0x69, 0x18, 0x0F, 0x10, 0x00, 0x0F, 0x11, 0x01, 0x0F, 0x10, 0x48, 0x10,
	0x0F, 0x11, 0x49, 0x10, 0x48, 0x89, 0x68, 0x10, 0x48, 0xC7, 0x40, 0x18,
	0x0F, 0x00, 0x00, 0x00, 0x40, 0x88, 0x28, 0x48, 0x8D, 0x49, 0x20, 0x48,
	0x83, 0xC0, 0x20, 0x48, 0x3B, 0xC2, 0x75, 0xC8, 0xEB, 0x7F, 0x48, 0x3B,
	0xC3, 0x74, 0x39, 0x90, 0x0F, 0x57, 0xC0, 0x0F, 0x11, 0x01, 0x48, 0x89,
	0x69, 0x10, 0x48, 0x89, 0x69, 0x18, 0x0F, 0x10, 0x00, 0x0F, 0x11, 0x01,
	0x0F, 0x10, 0x48, 0x10, 0x0F, 0x11, 0x49, 0x10, 0x48, 0x89, 0x68, 0x10,
	0x48, 0xC7, 0x40, 0x18, 0x0F, 0x00, 0x00, 0x00, 0x40, 0x88, 0x28, 0x48,
	0x8D, 0x49, 0x20, 0x48, 0x83, 0xC0, 0x20, 0x48, 0x3B, 0xC3, 0x75, 0xC8,
	0x49, 0x8B, 0x46, 0x08, 0x48, 0x3B, 0xD8, 0x74, 0x38, 0x0F, 0x57, 0xC0,
	0x0F, 0x11, 0x07, 0x48, 0x89, 0x6F, 0x10, 0x48, 0x89, 0x6F, 0x18, 0x0F,
	0x10, 0x03, 0x0F, 0x11, 0x07, 0x0F, 0x10, 0x4B, 0x10, 0x0F, 0x11, 0x4F,
	0x10, 0x48, 0x89, 0x6B, 0x10, 0x48, 0xC7, 0x43, 0x18, 0x0F, 0x00, 0x00,
	0x00, 0xC6, 0x03, 0x00, 0x48, 0x8D, 0x7F, 0x20, 0x48, 0x83, 0xC3, 0x20,
	0x48, 0x3B, 0xD8, 0x75, 0xC8, 0x49, 0x8B, 0x1E, 0x48, 0x85, 0xDB, 0x74,
	0x54, 0x49, 0x8B, 0x7E, 0x08, 0x48, 0x3B, 0xDF, 0x74, 0x17, 0x66, 0x0F,
	0x1F, 0x44, 0x00, 0x00, 0x48, 0x8B, 0xCB, 0xE8, 0x18, 0xF4, 0xFF, 0xFF,
	0x48, 0x83, 0xC3, 0x20, 0x48, 0x3B, 0xDF, 0x75, 0xEF, 0x49, 0x8B, 0x0E,
	0x49, 0x8B, 0x56, 0x10, 0x48, 0x2B, 0xD1, 0x48, 0x83, 0xE2, 0xE0, 0x48,
	0x81, 0xFA, 0x00, 0x10, 0x00, 0x00, 0x72, 0x18, 0x48, 0x83, 0xC2, 0x27,
	0x48, 0x8B, 0x41, 0xF8, 0x48, 0x2B, 0xC8, 0x48, 0x83, 0xE9, 0x08, 0x48,
	0x83, 0xF9, 0x1F, 0x77, 0x3B, 0x48, 0x8B, 0xC8, 0xE8, 0x77, 0x31, 0x00,
	0x00, 0x49, 0x89, 0x36, 0x49, 0xC1, 0xE4, 0x05, 0x4C, 0x03, 0xE6, 0x4D,
	0x89, 0x66, 0x08, 0x49, 0x8D, 0x0C, 0x37, 0x49, 0x89, 0x4E, 0x10, 0x48,
	0x8B, 0x44, 0x24, 0x30, 0x48, 0x8B, 0x9C, 0x24, 0xB8, 0x00, 0x00, 0x00,
	0x48, 0x83, 0xC4, 0x60, 0x41, 0x5F, 0x41, 0x5E, 0x41, 0x5D, 0x41, 0x5C,
	0x5F, 0x5E, 0x5D, 0xC3, 0x48, 0x89, 0x6C, 0x24, 0x20, 0x45, 0x33, 0xC9,
	0x45, 0x33, 0xC0, 0x33, 0xD2, 0x33, 0xC9, 0xFF, 0x15, 0xDB, 0x62, 0x00,
	0x00, 0x90, 0xE8, 0xED, 0x14, 0x00, 0x00, 0xCC, 0xE8, 0x37, 0x74, 0xFF,
	0xFF, 0xCC, 0xCC, 0xCC, 0xCC, 0xCC, 0xCC, 0xCC, 0x48, 0x3B, 0xCA, 0x74,
	0x73, 0x48, 0x89, 0x5C, 0x24, 0x18, 0x57, 0x48, 0x83, 0xEC, 0x30, 0x48,
	0x89, 0x74, 0x24, 0x48, 0x48, 0x8B, 0xFA, 0x33, 0xF6, 0x48, 0x8B, 0xD9,
	0x0F, 0x1F, 0x40, 0x00, 0x48, 0x8B, 0x0B, 0x48, 0x85, 0xC9, 0x74, 0x38,
	0x48, 0x8B, 0x53, 0x10, 0x48, 0x2B, 0xD1, 0x48, 0x81, 0xFA, 0x00, 0x10,
	0x00, 0x00, 0x72, 0x18, 0x48, 0x8B, 0x41, 0xF8, 0x48, 0x83, 0xC2, 0x27,
	0x48, 0x2B, 0xC8, 0x48, 0x83, 0xE9, 0x08, 0x48, 0x83, 0xF9, 0x1F, 0x77,
	0x2C, 0x48, 0x8B, 0xC8, 0xE8, 0xC7, 0x30, 0x00, 0x00, 0x48, 0x89, 0x33,
	0x48, 0x89, 0x73, 0x08, 0x48, 0x89, 0x73, 0x10, 0x48, 0x83, 0xC3, 0x18,
	0x48, 0x3B, 0xDF, 0x75, 0xB7, 0x48, 0x8B, 0x74, 0x24, 0x48, 0x48, 0x8B,
	0x5C, 0x24, 0x50, 0x48, 0x83, 0xC4, 0x30, 0x5F, 0xC3, 0x45, 0x33, 0xC9,
	0x48, 0x89, 0x74, 0x24, 0x20, 0x45, 0x33, 0xC0, 0x33, 0xD2, 0x33, 0xC9,
	0xFF, 0x15, 0x3A, 0x62, 0x00, 0x00, 0xCC, 0xCC, 0x40, 0x53, 0x55, 0x56,
	0x41, 0x57, 0x48, 0x83, 0xEC, 0x38, 0x48, 0xBB, 0xFF, 0xFF, 0xFF, 0xFF,
	0xFF, 0xFF, 0xFF, 0x7F, 0x4D, 0x8B, 0xF9, 0x48, 0x8B, 0xEA, 0x48, 0x8B,
	0xF1, 0x48, 0x3B, 0xD3, 0x0F, 0x87, 0x10, 0x01, 0x00, 0x00, 0x48, 0x89,
	0x7C, 0x24, 0x70, 0x4C, 0x89, 0x74, 0x24, 0x30, 0x4C, 0x8B, 0x71, 0x18,
	0x48, 0x8B, 0xCA, 0x48, 0x83, 0xC9, 0x0F, 0x48, 0x3B, 0xCB, 0x77, 0x44,
	0x49, 0x8B, 0xD6, 0x48, 0x8B, 0xC3, 0x48, 0xD1, 0xEA, 0x48, 0x2B, 0xC2,
	0x4C, 0x3B, 0xF0, 0x77, 0x33, 0x49, 0x8D, 0x04, 0x16, 0x48, 0x8B, 0xD9,
	0x48, 0x3B, 0xC8, 0x48, 0x0F, 0x42, 0xD8, 0x48, 0x8D, 0x4B, 0x01, 0x48,
	0x85, 0xC9, 0x75, 0x04, 0x33, 0xFF, 0xEB, 0x49, 0x48, 0x81, 0xF9, 0x00,
	0x10, 0x00, 0x00, 0x72, 0x38, 0x48, 0x8D, 0x41, 0x27, 0x48, 0x3B, 0xC1,
	0x0F, 0x86, 0xBA, 0x00, 0x00, 0x00, 0xEB, 0x0E, 0x48, 0xB8, 0x00, 0x00,
	0x00, 0x00, 0x00, 0x00, 0x00, 0x80, 0x48, 0x83, 0xC0, 0x27, 0x48, 0x8B,
	0xC8, 0xE8, 0xAE, 0x2C, 0x00, 0x00, 0x48, 0x85, 0xC0, 0x74, 0x7D, 0x48,
	0x8D, 0x78, 0x27, 0x48, 0x83, 0xE7, 0xE0, 0x48, 0x89, 0x47, 0xF8, 0xEB,
	0x08, 0xE8, 0x96, 0x2C, 0x00, 0x00, 0x48, 0x8B, 0xF8, 0x4C, 0x8B, 0xC5,
	0x48, 0x89, 0x6E, 0x10, 0x49, 0x8B, 0xD7, 0x48, 0x89, 0x5E, 0x18, 0x48,
	0x8B, 0xCF, 0xE8, 0x2D, 0x3B, 0x00, 0x00, 0xC6, 0x04, 0x2F, 0x00, 0x49,
	0x83, 0xFE, 0x0F, 0x76, 0x2D, 0x48, 0x8B, 0x0E, 0x49, 0x8D, 0x56, 0x01,
	0x48, 0x81, 0xFA, 0x00, 0x10, 0x00, 0x00, 0x72, 0x18, 0x48, 0x8B, 0x41,
	0xF8, 0x48, 0x83, 0xC2, 0x27, 0x48, 0x2B, 0xC8, 0x48, 0x83, 0xE9, 0x08,
	0x48, 0x83, 0xF9, 0x1F, 0x77, 0x22, 0x48, 0x8B, 0xC8, 0xE8, 0x8A, 0x2F,
	0x00, 0x00, 0x48, 0x89, 0x3E, 0x48, 0x8B, 0xC6, 0x48, 0x8B, 0x7C, 0x24,
	0x70, 0x4C, 0x8B, 0x74, 0x24, 0x30, 0x48, 0x83, 0xC4, 0x38, 0x41, 0x5F,
	0x5E, 0x5D, 0x5B, 0xC3, 0x45, 0x33, 0xC9, 0x48, 0xC7, 0x44, 0x24, 0x20,
	0x00, 0x00, 0x00, 0x00, 0x45, 0x33, 0xC0, 0x33, 0xD2, 0x33, 0xC9, 0xFF,
	0x15, 0x03, 0x61, 0x00, 0x00, 0xCC, 0xE8, 0x05, 0x73, 0xFF, 0xFF, 0xCC,
	0xE8, 0x5F, 0x72, 0xFF, 0xFF, 0xCC, 0xCC, 0xCC, 0xCC, 0xCC, 0xCC, 0xCC,
	0xCC, 0xCC, 0xCC, 0xCC, 0xCC, 0xCC, 0xCC, 0xCC, 0x40, 0x53, 0x55, 0x56,
	0x48, 0x83, 0xEC, 0x40, 0x48, 0x8B, 0x69, 0x10, 0x48, 0xBB, 0xFF, 0xFF,
	0xFF, 0xFF, 0xFF, 0xFF, 0xFF, 0x7F, 0x48, 0x8B, 0xC3, 0x48, 0x8B, 0xF1,
	0x48, 0x2B, 0xC5, 0x48, 0x3B, 0xC2, 0x0F, 0x82, 0x6D, 0x01, 0x00, 0x00,
	0x48, 0x89, 0x7C, 0x24, 0x70, 0x4C, 0x89, 0x64, 0x24, 0x78, 0x4C, 0x89,
	0x74, 0x24, 0x38, 0x4C, 0x8B, 0x71, 0x18, 0x4C, 0x89, 0x7C, 0x24, 0x30,
	0x4C, 0x8D, 0x3C, 0x2A, 0x49, 0x8B, 0xD7, 0x48, 0x83, 0xCA, 0x0F, 0x48,
	0x3B, 0xD3, 0x77, 0x44, 0x49, 0x8B, 0xCE, 0x48, 0x8B, 0xC3, 0x48, 0xD1,
	0xE9, 0x48, 0x2B, 0xC1, 0x4C, 0x3B, 0xF0, 0x77, 0x33, 0x49, 0x8D, 0x04,
	0x0E, 0x48, 0x8B, 0xDA, 0x48, 0x3B, 0xD0, 0x48, 0x0F, 0x42, 0xD8, 0x48,
	0x8D, 0x4B, 0x01, 0x48, 0x85, 0xC9, 0x75, 0x04, 0x33, 0xFF, 0xEB, 0x4D,
	0x48, 0x81, 0xF9, 0x00, 0x10, 0x00, 0x00, 0x72, 0x3C, 0x48, 0x8D, 0x41,
	0x27, 0x48, 0x3B, 0xC1, 0x0F, 0x86, 0x09, 0x01, 0x00, 0x00, 0xEB, 0x0E,
	0x48, 0xB8, 0x00, 0x00, 0x00, 0x00, 0x00, 0x00, 0x00, 0x80, 0x48, 0x83,
	0xC0, 0x27, 0x48, 0x8B, 0xC8, 0xE8, 0x4E, 0x2B, 0x00, 0x00, 0x48, 0x85,
	0xC0, 0x0F, 0x84, 0x87, 0x00, 0x00, 0x00, 0x48, 0x8D, 0x78, 0x27, 0x48,
	0x83, 0xE7, 0xE0, 0x48, 0x89, 0x47, 0xF8, 0xEB, 0x08, 0xE8, 0x32, 0x2B,
	0x00, 0x00, 0x48, 0x8B, 0xF8, 0x4C, 0x8B, 0xA4, 0x24, 0x80, 0x00, 0x00,
	0x00, 0x4C, 0x8B, 0xC5, 0x4C, 0x89, 0x7E, 0x10, 0x4C, 0x8D, 0x3C, 0x2F,
	0x48, 0x89, 0x5E, 0x18, 0x48, 0x8B, 0xCF, 0x49, 0x83, 0xFE, 0x0F, 0x76,
	0x6B, 0x48, 0x8B, 0x1E, 0x48, 0x8B, 0xD3, 0xE8, 0xB4, 0x39, 0x00, 0x00,
	0x4D, 0x8B, 0xC4, 0x48, 0x8D, 0x15, 0xBA, 0x8A, 0x00, 0x00, 0x49, 0x8B,
	0xCF, 0xE8, 0xA2, 0x39, 0x00, 0x00, 0x49, 0x8D, 0x56, 0x01, 0x43, 0xC6,
	0x04, 0x27, 0x00, 0x48, 0x81, 0xFA, 0x00, 0x10, 0x00, 0x00, 0x72, 0x18,
	0x48, 0x8B, 0x43, 0xF8, 0x48, 0x83, 0xC2, 0x27, 0x48, 0x2B, 0xD8, 0x48,
	0x83, 0xEB, 0x08, 0x48, 0x83, 0xFB, 0x1F, 0x77, 0x0D, 0x48, 0x8B, 0xD8,
	0x48, 0x8B, 0xCB, 0xE8, 0x04, 0x2E, 0x00, 0x00, 0xEB, 0x39, 0x45, 0x33,
	0xC9, 0x48, 0xC7, 0x44, 0x24, 0x20, 0x00, 0x00, 0x00, 0x00, 0x45, 0x33,
	0xC0, 0x33, 0xD2, 0x33, 0xC9, 0xFF, 0x15, 0x95, 0x5F, 0x00, 0x00, 0xCC,
	0x48, 0x8B, 0xD6, 0xE8, 0x4C, 0x39, 0x00, 0x00, 0x4D, 0x8B, 0xC4, 0x48,
	0x8D, 0x15, 0x52, 0x8A, 0x00, 0x00, 0x49, 0x8B, 0xCF, 0xE8, 0x3A, 0x39,
	0x00, 0x00, 0x43, 0xC6, 0x04, 0x27, 0x00, 0x48, 0x89, 0x3E, 0x48, 0x8B,
	0xC6, 0x4C, 0x8B, 0x74, 0x24, 0x38, 0x4C, 0x8B, 0x64, 0x24, 0x78, 0x48,
	0x8B, 0x7C, 0x24, 0x70, 0x4C, 0x8B, 0x7C, 0x24, 0x30, 0x48, 0x83, 0xC4,
	0x40, 0x5E, 0x5D, 0x5B, 0xC3, 0xE8, 0x56, 0x71, 0xFF, 0xFF, 0xCC, 0xE8,
	0xB0, 0x70, 0xFF, 0xFF, 0xCC, 0xCC, 0xCC, 0xCC, 0xCC, 0xCC, 0xCC, 0xCC,
	0xCC, 0xCC, 0xCC, 0xCC, 0xCC, 0xCC, 0xCC, 0xCC, 0x48, 0x89, 0x5C, 0x24,
	0x10, 0x57, 0x48, 0x83, 0xEC, 0x20, 0x48, 0x8B, 0x59, 0x08, 0x48, 0x8B,
	0xF9, 0x48, 0x85, 0xDB, 0x74, 0x12, 0x48, 0x8D, 0x4B, 0x30, 0xE8, 0x81,
	0xEB, 0xFF, 0xFF, 0x48, 0x8D, 0x4B, 0x10, 0xE8, 0xC8, 0xEF, 0xFF, 0xFF,
	0x48, 0x8B, 0x4F, 0x08, 0x48, 0x85, 0xC9, 0x74, 0x0A, 0xBA, 0x48, 0x00,
	0x00, 0x00, 0xE8, 0x51, 0x2D, 0x00, 0x00, 0x48, 0x8B, 0x5C, 0x24, 0x38,
	0x48, 0x83, 0xC4, 0x20, 0x5F, 0xC3, 0xCC, 0xCC, 0xCC, 0xCC, 0xCC, 0xCC,
	0xCC, 0xCC, 0xCC, 0xCC, 0x40, 0x53, 0x48, 0x83, 0xEC, 0x20, 0x48, 0x8B,
	0xD9, 0x48, 0x8B, 0x49, 0x08, 0x48, 0x85, 0xC9, 0x74, 0x09, 0x48, 0x83,
	0xC1, 0x18, 0xE8, 0x85, 0xEF, 0xFF, 0xFF, 0x48, 0x8B, 0x4B, 0x08, 0x48,
	0x85, 0xC9, 0x74, 0x0F, 0xBA, 0x38, 0x00, 0x00, 0x00, 0x48, 0x83, 0xC4,
	0x20, 0x5B, 0xE9, 0x09, 0x2D, 0x00, 0x00, 0x48, 0x83, 0xC4, 0x20, 0x5B,
	0xC3, 0xCC, 0xCC, 0xCC, 0xCC, 0xCC, 0xCC, 0xCC, 0x48, 0x89, 0x5C, 0x24,
	0x10, 0x48, 0x89, 0x74, 0x24, 0x18, 0x57, 0x48, 0x83, 0xEC, 0x50, 0x48,
	0x8B, 0x05, 0xBA, 0xEA, 0x00, 0x00, 0x48, 0x33, 0xC4, 0x48, 0x89, 0x44,
	0x24, 0x40, 0x0F, 0xB6, 0xF2, 0x48, 0x8B, 0xD9, 0x48, 0x8B, 0x89, 0x10,
	0x01, 0x00, 0x00, 0x48, 0x85, 0xC9, 0x0F, 0x84, 0x1B, 0x01, 0x00, 0x00,
	0xE8, 0xA7, 0x7E, 0xFF, 0xFF, 0x0F, 0x57, 0xC0, 0x0F, 0x11, 0x44, 0x24,
	0x30, 0x48, 0x8D, 0x7B, 0x20, 0x48, 0x89, 0x7C, 0x24, 0x30, 0xC6, 0x44,
	0x24, 0x38, 0x00, 0x48, 0x8B, 0xCF, 0xFF, 0x15, 0x00, 0x5C, 0x00, 0x00,
	0x85, 0xC0, 0x74, 0x0C, 0xB9, 0x05, 0x00, 0x00, 0x00, 0xFF, 0x15, 0xD1,
	0x5B, 0x00, 0x00, 0xCC, 0x81, 0x7F, 0x4C, 0xFF, 0xFF, 0xFF, 0x7F, 0x75,
	0x13, 0xC7, 0x47, 0x4C, 0xFE, 0xFF, 0xFF, 0x7F, 0xB9, 0x06, 0x00, 0x00,
	0x00, 0xFF, 0x15, 0xB5, 0x5B, 0x00, 0x00, 0xCC, 0xC6, 0x44, 0x24, 0x38,
	0x01, 0x40, 0x84, 0xF6, 0x74, 0x0D, 0x80, 0xBB, 0xB8, 0x00, 0x00, 0x00,
	0x00, 0x0F, 0x85, 0xBA, 0x00, 0x00, 0x00, 0x48, 0x8D, 0x4B, 0x10, 0xFF,
	0x15, 0xA3, 0x5B, 0x00, 0x00, 0x84, 0xC0, 0x0F, 0x85, 0xB3, 0x00, 0x00,
	0x00, 0xC6, 0x83, 0xB8, 0x00, 0x00, 0x00, 0x01, 0x38, 0x83, 0xC2, 0x00,
	0x00, 0x00, 0x75, 0x15, 0xC6, 0x83, 0xC2, 0x00, 0x00, 0x00, 0x01, 0x48,
	0x8B, 0x03, 0x48, 0x8D, 0x54, 0x24, 0x30, 0x48, 0x8B, 0xCB, 0xFF, 0x50,
	0x20, 0x83, 0xBB, 0xBC, 0x00, 0x00, 0x00, 0x00, 0x75, 0x1E, 0x66, 0x0F,
	0x1F, 0x44, 0x00, 0x00, 0x48, 0x8B, 0x54, 0x24, 0x30, 0x48, 0x8D, 0x4B,
	0x70, 0xFF, 0x15, 0x89, 0x5B, 0x00, 0x00, 0x83, 0xBB, 0xBC, 0x00, 0x00,
	0x00, 0x00, 0x74, 0xE8, 0x48, 0x8D, 0x4B, 0x10, 0xFF, 0x15, 0x46, 0x5B,
	0x00, 0x00, 0x84, 0xC0, 0x75, 0x32, 0x38, 0x44, 0x24, 0x38, 0x74, 0x0B,
	0x48, 0x8B, 0x4C, 0x24, 0x30, 0xFF, 0x15, 0x69, 0x5B, 0x00, 0x00, 0x48,
	0x8D, 0x43, 0x0C, 0x48, 0x8B, 0x4C, 0x24, 0x40, 0x48, 0x33, 0xCC, 0xE8,
	0x88, 0x27, 0x00, 0x00, 0x48, 0x8B, 0x5C, 0x24, 0x68, 0x48, 0x8B, 0x74,
	0x24, 0x70, 0x48, 0x83, 0xC4, 0x50, 0x5F, 0xC3, 0x48, 0x8D, 0x53, 0x10,
	0x48, 0x8D, 0x4C, 0x24, 0x20, 0xE8, 0x5A, 0x6E, 0xFF, 0xFF, 0x48, 0x8B,
	0xC8, 0xE8, 0xB2, 0x6E, 0xFF, 0xFF, 0x90, 0xE8, 0x4C, 0x78, 0xFF, 0xFF,
	0x90, 0xB9, 0x02, 0x00, 0x00, 0x00, 0xE8, 0x61, 0x89, 0xFF, 0xFF, 0xCC,
	0x48, 0x8D, 0x53, 0x10, 0x48, 0x8D, 0x4C, 0x24, 0x20, 0xE8, 0x32, 0x6E,
	0xFF, 0xFF, 0x48, 0x8B, 0xC8, 0xE8, 0x8A, 0x6E, 0xFF, 0xFF, 0xCC, 0xCC,
	0xCC, 0xCC, 0xCC, 0xCC, 0xCC, 0xCC, 0xCC, 0xCC, 0x48, 0x83, 0xEC, 0x28,
	0x48, 0x8B, 0x89, 0x10, 0x01, 0x00, 0x00, 0x48, 0x85, 0xC9, 0x74, 0x09,
	0x48, 0x83, 0xC4, 0x28, 0xE9, 0x47, 0x7D, 0xFF, 0xFF, 0xE8, 0x02, 0x78,
	0xFF, 0xFF, 0xCC, 0xCC, 0x48, 0x89, 0x5C, 0x24, 0x10, 0x48, 0x89, 0x74,
	0x24, 0x18, 0x57, 0x48, 0x83, 0xEC, 0x20, 0x48, 0x8D, 0x59, 0x08, 0x48,
	0x8B, 0xF9, 0x48, 0x8B, 0x4B, 0x38, 0x0F, 0xB6, 0xF2, 0x48, 0x85, 0xC9,
	0x74, 0x14, 0x48, 0x8B, 0x01, 0x48, 0x3B, 0xCB, 0x0F, 0x95, 0xC2, 0xFF,
	0x50, 0x20, 0x48, 0xC7, 0x43, 0x38, 0x00, 0x00, 0x00, 0x00, 0x40, 0x84,
	0xF6, 0x74, 0x0D, 0xBA, 0x48, 0x00, 0x00, 0x00, 0x48, 0x8B, 0xCF, 0xE8,
	0x14, 0x2B, 0x00, 0x00, 0x48, 0x8B, 0x5C, 0x24, 0x38, 0x48, 0x8B, 0x74,
	0x24, 0x40, 0x48, 0x83, 0xC4, 0x20, 0x5F, 0xC3, 0xCC, 0xCC, 0xCC, 0xCC,
	0xCC, 0xCC, 0xCC, 0xCC, 0x48, 0x8D, 0x41, 0x08, 0xC3, 0xCC, 0xCC, 0xCC,
	0xCC, 0xCC, 0xCC, 0xCC, 0xCC, 0xCC, 0xCC, 0xCC, 0x48, 0x8D, 0x05, 0x59,
	0xEB, 0x00, 0x00, 0xC3, 0xCC, 0xCC, 0xCC, 0xCC, 0xCC, 0xCC, 0xCC, 0xCC,
	0x48, 0x83, 0xEC, 0x28, 0x48, 0x8B, 0x49, 0x40, 0x48, 0x85, 0xC9, 0x75,
	0x07, 0xFF, 0x15, 0xFD, 0x59, 0x00, 0x00, 0xCC, 0x48, 0x8B, 0x01, 0xFF,
	0x50, 0x10, 0x32, 0xC0, 0x48, 0x83, 0xC4, 0x28, 0xC3, 0xCC, 0xCC, 0xCC,
	0xCC, 0xCC, 0xCC, 0xCC, 0xCC, 0xCC, 0xCC, 0xCC, 0xCC, 0xCC, 0xCC, 0xCC,
	0x48, 0x89, 0x5C, 0x24, 0x10, 0x48, 0x89, 0x74, 0x24, 0x18, 0x57, 0x48,
	0x83, 0xEC, 0x30, 0x48, 0x8B, 0xF9, 0xB9, 0x48, 0x00, 0x00, 0x00, 0xE8,
	0x4C, 0x27, 0x00, 0x00, 0x48, 0x8B, 0xD8, 0x48, 0x89, 0x44, 0x24, 0x28,
	0x48, 0x8D, 0x05, 0x6D, 0x8E, 0x00, 0x00, 0x48, 0x89, 0x03, 0x48, 0x8D,
	0x73, 0x08, 0x48, 0x89, 0x74, 0x24, 0x20, 0x48, 0x89, 0x74, 0x24, 0x20,
	0x48, 0xC7, 0x46, 0x38, 0x00, 0x00, 0x00, 0x00, 0x48, 0x8B, 0x4F, 0x40,
	0x48, 0x85, 0xC9, 0x74, 0x0C, 0x48, 0x8B, 0x01, 0x48, 0x8B, 0xD6, 0xFF,
	0x10, 0x48, 0x89, 0x46, 0x38, 0x48, 0x8B, 0xC3, 0x48, 0x8B, 0x5C, 0x24,
	0x48, 0x48, 0x8B, 0x74, 0x24, 0x50, 0x48, 0x83, 0xC4, 0x30, 0x5F, 0xC3,
	0xCC, 0xCC, 0xCC, 0xCC, 0x84, 0xD2, 0x74, 0x0A, 0xBA, 0x10, 0x00, 0x00,
	0x00, 0xE9, 0x2E, 0x2A, 0x00, 0x00, 0xC3, 0xCC, 0x48, 0x8D, 0x05, 0xE9,
	0xEE, 0x00, 0x00, 0xC3, 0xCC, 0xCC, 0xCC, 0xCC, 0xCC, 0xCC, 0xCC, 0xCC,
	0x48, 0x83, 0xC1, 0x08, 0xE9, 0x77, 0x81, 0xFF, 0xFF, 0xCC, 0xCC, 0xCC,
	0xCC, 0xCC, 0xCC, 0xCC, 0x48, 0x8D, 0x05, 0x69, 0x91, 0x00, 0x00, 0x48,
	0x89, 0x02, 0x48, 0x8B, 0x41, 0x08, 0x48, 0x89, 0x42, 0x08, 0x48, 0x8B,
	0xC2, 0xC3, 0xCC, 0xCC, 0xCC, 0xCC, 0xCC, 0xCC, 0xCC, 0xCC, 0xCC, 0xCC,
	0x40, 0x56, 0x48, 0x83, 0xEC, 0x20, 0x48, 0x89, 0x5C, 0x24, 0x38, 0x48,
	0x8B, 0xF1, 0x48, 0x8B, 0x59, 0x18, 0x48, 0x89, 0x6C, 0x24, 0x40, 0x0F,
	0xB6, 0xEA, 0x48, 0x85, 0xDB, 0x74, 0x36, 0x48, 0x89, 0x7C, 0x24, 0x48,
	0xBF, 0xFF, 0xFF, 0xFF, 0xFF, 0x8B, 0xC7, 0xF0, 0x0F, 0xC1, 0x43, 0x08,
	0x83, 0xF8, 0x01, 0x75, 0x1B, 0x48, 0x8B, 0x03, 0x48, 0x8B, 0xCB, 0xFF,
	0x10, 0xF0, 0x0F, 0xC1, 0x7B, 0x0C, 0x83, 0xFF, 0x01, 0x75, 0x09, 0x48,
	0x8B, 0x03, 0x48, 0x8B, 0xCB, 0xFF, 0x50, 0x08, 0x48, 0x8B, 0x7C, 0x24,
	0x48, 0x48, 0x8B, 0x5C, 0x24, 0x38, 0x40, 0x84, 0xED, 0x48, 0x8B, 0x6C,
	0x24, 0x40, 0x74, 0x12, 0xBA, 0x20, 0x00, 0x00, 0x00, 0x48, 0x8B, 0xCE,
	0x48, 0x83, 0xC4, 0x20, 0x5E, 0xE9, 0x76, 0x29, 0x00, 0x00, 0x48, 0x83,
	0xC4, 0x20, 0x5E, 0xC3, 0xCC, 0xCC, 0xCC, 0xCC, 0x48, 0x8D, 0x05, 0xE9,
	0xEB, 0x00, 0x00, 0xC3, 0xCC, 0xCC, 0xCC, 0xCC, 0xCC, 0xCC, 0xCC, 0xCC,
	0x48, 0x8B, 0x51, 0x08, 0x41, 0xB8, 0xFF, 0xFF, 0xFF, 0xFF, 0x48, 0x8B,
	0x49, 0x10, 0xE9, 0x3D, 0x7E, 0xFF, 0xFF, 0xCC, 0xCC, 0xCC, 0xCC, 0xCC,
	0xCC, 0xCC, 0xCC, 0xCC, 0xCC, 0xCC, 0xCC, 0xCC, 0x45, 0x33, 0xC0, 0x48,
	0x8D, 0x05, 0x2E, 0x90, 0x00, 0x00, 0x48, 0x89, 0x02, 0x48, 0x8B, 0x41,
	0x08, 0x48, 0x89, 0x42, 0x08, 0x4C, 0x89, 0x42, 0x10, 0x4C, 0x89, 0x42,
	0x18, 0x48, 0x8B, 0x41, 0x10, 0x48, 0x89, 0x42, 0x10, 0x48, 0x8B, 0x41,
	0x18, 0x48, 0x89, 0x42, 0x18, 0x48, 0x8B, 0xC2, 0x4C, 0x89, 0x41, 0x10,
	0x4C, 0x89, 0x41, 0x18, 0xC3, 0xCC, 0xCC, 0xCC, 0xCC, 0xCC, 0xCC, 0xCC,
	0x48, 0x8D, 0x05, 0xF1, 0x8F, 0x00, 0x00, 0x48, 0x89, 0x02, 0x48, 0x8B,
	0x41, 0x08, 0x48, 0x89, 0x42, 0x08, 0x33, 0xC0, 0x48, 0x89, 0x42, 0x10,
	0x48, 0x89, 0x42, 0x18, 0x48, 0x8B, 0x41, 0x18, 0x48, 0x85, 0xC0, 0x74,
	0x04, 0xF0, 0xFF, 0x40, 0x08, 0x48, 0x8B, 0x41, 0x10, 0x48, 0x89, 0x42,
	0x10, 0x48, 0x8B, 0x41, 0x18, 0x48, 0x89, 0x42, 0x18, 0x48, 0x8B, 0xC2,
	0xC3, 0xCC, 0xCC, 0xCC, 0x48, 0x89, 0x5C, 0x24, 0x20, 0x55, 0x57, 0x41,
	0x56, 0x48, 0x83, 0xEC, 0x30, 0x48, 0x8B, 0x39, 0x4C, 0x8B, 0xF1, 0x49,
	0x8B, 0xD8, 0x4C, 0x8B, 0x41, 0x08, 0x49, 0x8B, 0xC8, 0x48, 0x2B, 0xCF,
	0x48, 0x8B, 0xC1, 0x48, 0xC1, 0xF8, 0x03, 0x48, 0x3B, 0xC2, 0x0F, 0x83,
	0xF5, 0x00, 0x00, 0x00, 0x48, 0xB8, 0xFF, 0xFF, 0xFF, 0xFF, 0xFF, 0xFF,
	0xFF, 0x1F, 0x48, 0x89, 0x74, 0x24, 0x60, 0x48, 0x3B, 0xD0, 0x0F, 0x87,
	0x07, 0x01, 0x00, 0x00, 0x48, 0x8D, 0x34, 0xD5, 0x00, 0x00, 0x00, 0x00,
	0x33, 0xED, 0x48, 0x85, 0xF6, 0x75, 0x04, 0x8B, 0xFD, 0xEB, 0x3D, 0x48,
	0x81, 0xFE, 0x00, 0x10, 0x00, 0x00, 0x72, 0x29, 0x48, 0x8D, 0x4E, 0x27,
	0x48, 0x3B, 0xCE, 0x0F, 0x86, 0xDE, 0x00, 0x00, 0x00, 0xE8, 0x02, 0x25,
	0x00, 0x00, 0x48, 0x85, 0xC0, 0x0F, 0x84, 0x90, 0x00, 0x00, 0x00, 0x48,
	0x8D, 0x78, 0x27, 0x48, 0x83, 0xE7, 0xE0, 0x48, 0x89, 0x47, 0xF8, 0xEB,
	0x0B, 0x48, 0x8B, 0xCE, 0xE8, 0xE3, 0x24, 0x00, 0x00, 0x48, 0x8B, 0xF8,
	0x49, 0x8B, 0x0E, 0x49, 0x8B, 0x46, 0x10, 0x48, 0x2B, 0xC1, 0x48, 0xC1,
	0xF8, 0x03, 0x48, 0x85, 0xC0, 0x74, 0x2E, 0x48, 0x8D, 0x14, 0xC5, 0x00,
	0x00, 0x00, 0x00, 0x48, 0x81, 0xFA, 0x00, 0x10, 0x00, 0x00, 0x72, 0x18,
	0x48, 0x8B, 0x41, 0xF8, 0x48, 0x83, 0xC2, 0x27, 0x48, 0x2B, 0xC8, 0x48,
	0x83, 0xE9, 0x08, 0x48, 0x83, 0xF9, 0x1F, 0x77, 0x3E, 0x48, 0x8B, 0xC8,
	0xE8, 0xE3, 0x27, 0x00, 0x00, 0x48, 0x8D, 0x04, 0x3E, 0x49, 0x89, 0x3E,
	0x49, 0x89, 0x46, 0x08, 0x49, 0x89, 0x46, 0x10, 0x48, 0x3B, 0xF8, 0x74,
	0x0F, 0x0F, 0x1F, 0x00, 0x48, 0x89, 0x1F, 0x48, 0x83, 0xC7, 0x08, 0x48,
	0x3B, 0xF8, 0x75, 0xF4, 0x48, 0x8B, 0x74, 0x24, 0x60, 0x48, 0x8B, 0x5C,
	0x24, 0x68, 0x48, 0x83, 0xC4, 0x30, 0x41, 0x5E, 0x5F, 0x5D, 0xC3, 0x45,
	0x33, 0xC9, 0x48, 0x89, 0x6C, 0x24, 0x20, 0x45, 0x33, 0xC0, 0x33, 0xD2,
	0x33, 0xC9, 0xFF, 0x15, 0x44, 0x59, 0x00, 0x00, 0xCC, 0x48, 0x83, 0xC1,
	0x07, 0x33, 0xED, 0x48, 0xC1, 0xE9, 0x03, 0x49, 0x3B, 0xF8, 0x48, 0x0F,
	0x47, 0xCD, 0x48, 0x85, 0xC9, 0x74, 0xC6, 0x48, 0x8B, 0xC3, 0x48, 0x8B,
	0x5C, 0x24, 0x68, 0xF3, 0x48, 0xAB, 0x48, 0x83, 0xC4, 0x30, 0x41, 0x5E,
	0x5F, 0x5D, 0xC3, 0xE8, 0x7C, 0x6A, 0xFF, 0xFF, 0xCC, 0xCC, 0xCC, 0xCC,
	0xCC, 0xCC, 0xCC, 0xCC, 0xCC, 0xCC, 0xCC, 0xCC, 0x48, 0x89, 0x5C, 0x24,
	0x18, 0x57, 0x48, 0x83, 0xEC, 0x30, 0x48, 0xB8, 0xFF, 0xFF, 0xFF, 0xFF,
	0xFF, 0xFF, 0xFF, 0x7F, 0x48, 0x8B, 0xDA, 0x48, 0x8B, 0xF9, 0x48, 0x3B,
	0xD0, 0x77, 0x6D, 0x48, 0x85, 0xD2, 0x75, 0x04, 0x33, 0xC0, 0xEB, 0x4B,
	0x48, 0x81, 0xFB, 0x00, 0x10, 0x00, 0x00, 0x72, 0x3A, 0x48, 0x8D, 0x4A,
	0x27, 0x48, 0x3B, 0xCB, 0x76, 0x58, 0xE8, 0xD9, 0x23, 0x00, 0x00, 0x48,
	0x8B, 0xC8, 0x48, 0x85, 0xC0, 0x75, 0x16, 0x45, 0x33, 0xC9, 0x48, 0x89,
	0x44, 0x24, 0x20, 0x45, 0x33, 0xC0, 0x33, 0xD2, 0x33, 0xC9, 0xFF, 0x15,
	0xAC, 0x58, 0x00, 0x00, 0xCC, 0x48, 0x83, 0xC0, 0x27, 0x48, 0x83, 0xE0,
	0xE0, 0x48, 0x89, 0x48, 0xF8, 0xEB, 0x08, 0x48, 0x8B, 0xCB, 0xE8, 0xA5,
	0x23, 0x00, 0x00, 0x48, 0x89, 0x07, 0x48, 0x89, 0x47, 0x08, 0x48, 0x03,
	0xC3, 0x48, 0x8B, 0x5C, 0x24, 0x50, 0x48, 0x89, 0x47, 0x10, 0x48, 0x83,
	0xC4, 0x30, 0x5F, 0xC3, 0xE8, 0x8F, 0x0A, 0x00, 0x00, 0xCC, 0xE8, 0xD9,
	0x69, 0xFF, 0xFF, 0xCC, 0xCC, 0xCC, 0xCC, 0xCC, 0xCC, 0xCC, 0xCC, 0xCC,
	0x48, 0x8B, 0x09, 0x48, 0x85, 0xC9, 0x0F, 0x85, 0xC4, 0xE4, 0xFF, 0xFF,
	0xC3, 0xCC, 0xCC, 0xCC, 0x48, 0x89, 0x5C, 0x24, 0x08, 0x57, 0x48, 0x83,
	0xEC, 0x20, 0x48, 0x8B, 0x51, 0x10, 0x48, 0x8B, 0xF9, 0x48, 0x83, 0xC2,
	0x01, 0x48, 0x8B, 0x59, 0x38, 0x0F, 0x57, 0xC0, 0x78, 0x07, 0xF3, 0x48,
	0x0F, 0x2A, 0xC2, 0xEB, 0x15, 0x48, 0x8B, 0xC2, 0x83, 0xE2, 0x01, 0x48,
	0xD1, 0xE8, 0x48, 0x0B, 0xC2, 0xF3, 0x48, 0x0F, 0x2A, 0xC0, 0xF3, 0x0F,
	0x58, 0xC0, 0xF3, 0x0F, 0x5E, 0x01, 0xE8, 0x1A, 0x33, 0x00, 0x00, 0xF3,
	0x0F, 0x10, 0x0D, 0x9D, 0x8E, 0x00, 0x00, 0x33, 0xC9, 0x0F, 0x2F, 0xC1,
	0x72, 0x16, 0xF3, 0x0F, 0x5C, 0xC1, 0x0F, 0x2F, 0xC1, 0x73, 0x0D, 0x48,
	0xB8, 0x00, 0x00, 0x00, 0x00, 0x00, 0x00, 0x00, 0x80, 0x48, 0x8B, 0xC8,
	0xF3, 0x48, 0x0F, 0x2C, 0xC0, 0x48, 0x03, 0xC1, 0xB9, 0x08, 0x00, 0x00,
	0x00, 0x48, 0x3B, 0xC1, 0x48, 0x0F, 0x47, 0xC8, 0x48, 0x3B, 0xD9, 0x73,
	0x1C, 0x48, 0x81, 0xFB, 0x00, 0x02, 0x00, 0x00, 0x73, 0x10, 0x48, 0x8D,
	0x04, 0xDD, 0x00, 0x00, 0x00, 0x00, 0x48, 0x8B, 0xD8, 0x48, 0x3B, 0xC1,
	0x73, 0x03, 0x48, 0x8B, 0xD9, 0x48, 0x8B, 0xD3, 0x48, 0x8B, 0xCF, 0x48,
	0x8B, 0x5C, 0x24, 0x30, 0x48, 0x83, 0xC4, 0x20, 0x5F, 0xE9, 0xDE, 0x0C,
	0x00, 0x00, 0xCC, 0xCC, 0xCC, 0xCC, 0xCC, 0xCC, 0xCC, 0xCC, 0xCC, 0xCC,
	0xCC, 0xCC, 0xCC, 0xCC, 0x48, 0x89, 0x5C, 0x24, 0x18, 0x57, 0x48, 0x83,
	0xEC, 0x30, 0x48, 0xB8, 0xFF, 0xFF, 0xFF, 0xFF, 0xFF, 0xFF, 0xFF, 0x07,
	0x48, 0x8B, 0xDA, 0x48, 0x8B, 0xF9, 0x48, 0x3B, 0xD0, 0x77, 0x71, 0x48,
	0xC1, 0xE3, 0x05, 0x48, 0x85, 0xDB, 0x75, 0x04, 0x33, 0xC0, 0xEB, 0x4B,
	0x48, 0x81, 0xFB, 0x00, 0x10, 0x00, 0x00, 0x72, 0x3A, 0x48, 0x8D, 0x4B,
	0x27, 0x48, 0x3B, 0xCB, 0x76, 0x58, 0xE8, 0x65, 0x22, 0x00, 0x00, 0x48,
	0x8B, 0xC8, 0x48, 0x85, 0xC0, 0x75, 0x16, 0x45, 0x33, 0xC9, 0x48, 0x89,
	0x44, 0x24, 0x20, 0x45, 0x33, 0xC0, 0x33, 0xD2, 0x33, 0xC9, 0xFF, 0x15,
	0x38, 0x57, 0x00, 0x00, 0xCC, 0x48, 0x83, 0xC0, 0x27, 0x48, 0x83, 0xE0,
	0xE0, 0x48, 0x89, 0x48, 0xF8, 0xEB, 0x08, 0x48, 0x8B, 0xCB, 0xE8, 0x31,
	0x22, 0x00, 0x00, 0x48, 0x89, 0x07, 0x48, 0x89, 0x47, 0x08, 0x48, 0x03,
	0xC3, 0x48, 0x8B, 0x5C, 0x24, 0x50, 0x48, 0x89, 0x47, 0x10, 0x48, 0x83,
	0xC4, 0x30, 0x5F, 0xC3, 0xE8, 0x1B, 0x09, 0x00, 0x00, 0xCC, 0xE8, 0x65,
	0x68, 0xFF, 0xFF, 0xCC, 0xCC, 0xCC, 0xCC, 0xCC, 0x48, 0x83, 0xEC, 0x28,
	0x48, 0x8B, 0x11, 0x48, 0x8B, 0x02, 0x48, 0x63, 0x48, 0x04, 0x48, 0x8B,
	0x4C, 0x11, 0x48, 0x48, 0x85, 0xC9, 0x74, 0x07, 0x48, 0x8B, 0x01, 0xFF,
	0x50, 0x10, 0x90, 0x48, 0x83, 0xC4, 0x28, 0xC3, 0xCC, 0xCC, 0xCC, 0xCC,
	0xCC, 0xCC, 0xCC, 0xCC, 0xCC, 0xCC, 0xCC, 0xCC, 0x48, 0x89, 0x5C, 0x24,
	0x08, 0x57, 0x48, 0x83, 0xEC, 0x20, 0x48, 0x8D, 0xB9, 0xD0, 0x00, 0x00,
	0x00, 0x48, 0x8B, 0xD9, 0x48, 0x8B, 0x4F, 0x38, 0x48, 0x85, 0xC9, 0x74,
	0x14, 0x48, 0x8B, 0x01, 0x48, 0x3B, 0xCF, 0x0F, 0x95, 0xC2, 0xFF, 0x50,
	0x20, 0x48, 0xC7, 0x47, 0x38, 0x00, 0x00, 0x00, 0x00, 0x80, 0xBB, 0xC1,
	0x00, 0x00, 0x00, 0x00, 0x48, 0x8D, 0x05, 0x81, 0x8A, 0x00, 0x00, 0x48,
	0x89, 0x03, 0x74, 0x13, 0x83, 0xBB, 0xBC, 0x00, 0x00, 0x00, 0x00, 0x75,
	0x0A, 0x48, 0x8D, 0x4B, 0x20, 0xFF, 0x15, 0xD1, 0x54, 0x00, 0x00, 0x48,
	0x8D, 0x4B, 0x10, 0x48, 0x8B, 0x5C, 0x24, 0x30, 0x48, 0x83, 0xC4, 0x20,
	0x5F, 0x48, 0xFF, 0x25, 0x04, 0x54, 0x00, 0x00, 0xCC, 0xCC, 0xCC, 0xCC,
	0x48, 0x89, 0x5C, 0x24, 0x08, 0x48, 0x89, 0x6C, 0x24, 0x10, 0x48, 0x89,
	0x74, 0x24, 0x18, 0x57, 0x48, 0x83, 0xEC, 0x20, 0x8B, 0xEA, 0x48, 0x8B,
	0xF9, 0x48, 0x8D, 0x05, 0xA0, 0x8A, 0x00, 0x00, 0x48, 0x89, 0x01, 0x48,
	0x8B, 0x89, 0x10, 0x01, 0x00, 0x00, 0x48, 0x85, 0xC9, 0x74, 0x71, 0xE8,
	0x5C, 0x76, 0xFF, 0xFF, 0x48, 0x8B, 0x9F, 0x18, 0x01, 0x00, 0x00, 0x48,
	0x85, 0xDB, 0x74, 0x2C, 0xBE, 0xFF, 0xFF, 0xFF, 0xFF, 0x8B, 0xC6, 0xF0,
	0x0F, 0xC1, 0x43, 0x08, 0x83, 0xF8, 0x01, 0x75, 0x1B, 0x48, 0x8B, 0x03,
	0x48, 0x8B, 0xCB, 0xFF, 0x10, 0xF0, 0x0F, 0xC1, 0x73, 0x0C, 0x83, 0xFE,
	0x01, 0x75, 0x09, 0x48, 0x8B, 0x03, 0x48, 0x8B, 0xCB, 0xFF, 0x50, 0x08,
	0x48, 0x8B, 0xCF, 0xE8, 0x1C, 0xFF, 0xFF, 0xFF, 0x90, 0x40, 0xF6, 0xC5,
	0x01, 0x74, 0x0D, 0xBA, 0x20, 0x01, 0x00, 0x00, 0x48, 0x8B, 0xCF, 0xE8,
	0x24, 0x24, 0x00, 0x00, 0x48, 0x8B, 0xC7, 0x48, 0x8B, 0x5C, 0x24, 0x30,
	0x48, 0x8B, 0x6C, 0x24, 0x38, 0x48, 0x8B, 0x74, 0x24, 0x40, 0x48, 0x83,
	0xC4, 0x20, 0x5F, 0xC3, 0xE8, 0xAB, 0x70, 0xFF, 0xFF, 0xCC, 0xCC, 0xCC,
	0xCC, 0xCC, 0xCC, 0xCC, 0xCC, 0xCC, 0xCC, 0xCC, 0x48, 0x83, 0xEC, 0x38,
	0x48, 0x85, 0xC9, 0x75, 0x07, 0x33, 0xC0, 0x48, 0x83, 0xC4, 0x38, 0xC3,
	0x48, 0x81, 0xF9, 0x00, 0x10, 0x00, 0x00, 0x72, 0x3E, 0x48, 0x8D, 0x41,
	0x27, 0x48, 0x3B, 0xC1, 0x76, 0x3E, 0x48, 0x8B, 0xC8, 0xE8, 0x8E, 0x20,
	0x00, 0x00, 0x48, 0x8B, 0xC8, 0x48, 0x85, 0xC0, 0x75, 0x14, 0x45, 0x33,
	0xC9, 0x48, 0x89, 0x44, 0x24, 0x20, 0x45, 0x33, 0xC0, 0x33, 0xD2, 0xFF,
	0x15, 0x63, 0x55, 0x00, 0x00, 0xCC, 0x48, 0x83, 0xC0, 0x27, 0x48, 0x83,
	0xE0, 0xE0, 0x48, 0x89, 0x48, 0xF8, 0x48, 0x83, 0xC4, 0x38, 0xC3, 0x48,
	0x83, 0xC4, 0x38, 0xE9, 0x58, 0x20, 0x00, 0x00, 0xE8, 0xAB, 0x66, 0xFF,
	0xFF, 0xCC, 0xCC, 0xCC, 0xCC, 0xCC, 0xCC, 0xCC, 0xCC, 0xCC, 0xCC, 0xCC,
	0x48, 0x89, 0x5C, 0x24, 0x10, 0x55, 0x56, 0x57, 0x48, 0x83, 0xEC, 0x60,
	0x48, 0x8B, 0x05, 0x4D, 0xE1, 0x00, 0x00, 0x48, 0x33, 0xC4, 0x48, 0x89,
	0x44, 0x24, 0x50, 0x49, 0x8B, 0xE8, 0x48, 0x8B, 0xDA, 0x48, 0x8B, 0xF9,
	0x48, 0x89, 0x4C, 0x24, 0x48, 0x4C, 0x89, 0x44, 0x24, 0x48, 0x48, 0x8B,
	0x44, 0x24, 0x78, 0x0F, 0x57, 0xC0, 0x0F, 0x11, 0x44, 0x24, 0x28, 0x0F,
	0x11, 0x44, 0x24, 0x38, 0x0F, 0x57, 0xC9, 0xF3, 0x0F, 0x7F, 0x4C, 0x24,
	0x30, 0x48, 0xC7, 0x44, 0x24, 0x40, 0x00, 0x00, 0x00, 0x00, 0x48, 0x89,
	0x44, 0x24, 0x28, 0x41, 0xC6, 0x40, 0x30, 0x01, 0x49, 0x89, 0x40, 0x38,
	0x49, 0x8D, 0x70, 0x40, 0x48, 0x8D, 0x44, 0x24, 0x30, 0x48, 0x3B, 0xF0,
	0x74, 0x0E, 0x45, 0x33, 0xC0, 0x33, 0xD2, 0x48, 0x8B, 0xCE, 0xE8, 0x95,
	0xDE, 0xFF, 0xFF, 0x90, 0x48, 0x8D, 0x4C, 0x24, 0x30, 0xE8, 0x7A, 0xC6,
	0xFF, 0xFF, 0x0F, 0x57, 0xC0, 0x0F, 0x11, 0x07, 0x4C, 0x8B, 0xC5, 0x48,
	0x8B, 0xD3, 0x48, 0x8B, 0xCF, 0xE8, 0x96, 0x0D, 0x00, 0x00, 0x90, 0x48,
	0x8B, 0xCE, 0xE8, 0x5D, 0xC6, 0xFF, 0xFF, 0x90, 0x48, 0x8D, 0x4D, 0x20,
	0xFF, 0x15, 0x02, 0x53, 0x00, 0x00, 0x90, 0x48, 0x8B, 0x4D, 0x18, 0xBE,
	0xFF, 0xFF, 0xFF, 0xFF, 0x48, 0x85, 0xC9, 0x74, 0x12, 0x8B, 0xC6, 0xF0,
	0x0F, 0xC1, 0x41, 0x08, 0x83, 0xF8, 0x01, 0x75, 0x06, 0x48, 0x8B, 0x01,
	0xFF, 0x50, 0x08, 0x48, 0xC7, 0x45, 0x18, 0x00, 0x00, 0x00, 0x00, 0x48,
	0x8B, 0x5D, 0x08, 0x48, 0x85, 0xDB, 0x74, 0x27, 0x8B, 0xC6, 0xF0, 0x0F,
	0xC1, 0x43, 0x08, 0x83, 0xF8, 0x01, 0x75, 0x1B, 0x48, 0x8B, 0x13, 0x48,
	0x8B, 0xCB, 0xFF, 0x12, 0xF0, 0x0F, 0xC1, 0x73, 0x0C, 0x83, 0xFE, 0x01,
	0x75, 0x09, 0x48, 0x8B, 0x13, 0x48, 0x8B, 0xCB, 0xFF, 0x52, 0x08, 0x48,
	0x8B, 0xC7, 0x48, 0x8B, 0x4C, 0x24, 0x50, 0x48, 0x33, 0xCC, 0xE8, 0x29,
	0x1E, 0x00, 0x00, 0x48, 0x8B, 0x9C, 0x24, 0x88, 0x00, 0x00, 0x00, 0x48,
	0x83, 0xC4, 0x60, 0x5F, 0x5E, 0x5D, 0xC3, 0xCC, 0xCC, 0xCC, 0xCC, 0xCC,
	0xCC, 0xCC, 0xCC, 0xCC, 0x48, 0x89, 0x5C, 0x24, 0x18, 0x48, 0x89, 0x6C,
	0x24, 0x20, 0x56, 0x57, 0x41, 0x56, 0x48, 0x83, 0xEC, 0x40, 0x48, 0x8B,
	0xEA, 0x4C, 0x8B, 0xF1, 0x48, 0x89, 0x4C, 0x24, 0x28, 0xE8, 0xAE, 0xCD,
	0xFF, 0xFF, 0x90, 0x48, 0x8D, 0x05, 0x56, 0x86, 0x00, 0x00, 0x49, 0x89,
	0x06, 0x49, 0x8D, 0xB6, 0xD0, 0x00, 0x00, 0x00, 0x48, 0x89, 0x74, 0x24,
	0x30, 0x48, 0xC7, 0x46, 0x38, 0x00, 0x00, 0x00, 0x00, 0xB9, 0x48, 0x00,
	0x00, 0x00, 0xE8, 0xCD, 0x1E, 0x00, 0x00, 0x48, 0x8B, 0xD8, 0x48, 0x89,
	0x44, 0x24, 0x38, 0x48, 0x8D, 0x05, 0x1E, 0x87, 0x00, 0x00, 0x48, 0x89,
	0x03, 0x48, 0x8D, 0x7B, 0x08, 0x48, 0x89, 0x7C, 0x24, 0x20, 0x48, 0x8B,
	0xD5, 0x48, 0x8B, 0xCF, 0xE8, 0xAF, 0xD3, 0xFF, 0xFF, 0x90, 0x48, 0x8D,
	0x55, 0x20, 0x48, 0x8D, 0x4F, 0x20, 0xE8, 0xB1, 0xC9, 0xFF, 0xFF, 0x90,
	0x48, 0x8B, 0x4D, 0x38, 0x48, 0x89, 0x4F, 0x38, 0x48, 0x89, 0x5E, 0x38,
	0x49, 0x8B, 0xC6, 0x48, 0x8B, 0x5C, 0x24, 0x70, 0x48, 0x8B, 0x6C, 0x24,
	0x78, 0x48, 0x83, 0xC4, 0x40, 0x41, 0x5E, 0x5F, 0x5E, 0xC3, 0xCC, 0xCC,
	0xCC, 0xCC, 0xCC, 0xCC, 0xCC, 0xCC, 0xCC, 0xCC, 0xCC, 0xCC, 0xCC, 0xCC,
	0x48, 0x89, 0x5C, 0x24, 0x10, 0x55, 0x56, 0x57, 0x48, 0x83, 0xEC, 0x60,
	0x48, 0x8B, 0x05, 0x6D, 0xDF, 0x00, 0x00, 0x48, 0x33, 0xC4, 0x48, 0x89,
	0x44, 0x24, 0x50, 0x49, 0x8B, 0xE8, 0x48, 0x8B, 0xDA, 0x48, 0x8B, 0xF9,
	0x48, 0x89, 0x4C, 0x24, 0x48, 0x4C, 0x89, 0x44, 0x24, 0x48, 0x48, 0x8B,
	0x44, 0x24, 0x78, 0x0F, 0x57, 0xC0, 0x0F, 0x11, 0x44, 0x24, 0x28, 0x0F,
	0x11, 0x44, 0x24, 0x38, 0x0F, 0x57, 0xC9, 0xF3, 0x0F, 0x7F, 0x4C, 0x24,
	0x30, 0x48, 0xC7, 0x44, 0x24, 0x40, 0x00, 0x00, 0x00, 0x00, 0x48, 0x89,
	0x44, 0x24, 0x28, 0x41, 0xC6, 0x40, 0x30, 0x01, 0x49, 0x89, 0x40, 0x38,
	0x49, 0x8D, 0x70, 0x40, 0x48, 0x8D, 0x44, 0x24, 0x30, 0x48, 0x3B, 0xF0,
	0x74, 0x0E, 0x45, 0x33, 0xC0, 0x33, 0xD2, 0x48, 0x8B, 0xCE, 0xE8, 0xB5,
	0xDC, 0xFF, 0xFF, 0x90, 0x48, 0x8D, 0x4C, 0x24, 0x30, 0xE8, 0x9A, 0xC4,
	0xFF, 0xFF, 0x0F, 0x57, 0xC0, 0x0F, 0x11, 0x07, 0x4C, 0x8B, 0xC5, 0x48,
	0x8B, 0xD3, 0x48, 0x8B, 0xCF, 0xE8, 0xE6, 0x0E, 0x00, 0x00, 0x90, 0x48,
	0x8B, 0xCE, 0xE8, 0x7D, 0xC4, 0xFF, 0xFF, 0x90, 0x48, 0x8D, 0x4D, 0x20,
	0xFF, 0x15, 0x22, 0x51, 0x00, 0x00, 0x90, 0x48, 0x8B, 0x4D, 0x18, 0xBE,
	0xFF, 0xFF, 0xFF, 0xFF, 0x48, 0x85, 0xC9, 0x74, 0x12, 0x8B, 0xC6, 0xF0,
	0x0F, 0xC1, 0x41, 0x08, 0x83, 0xF8, 0x01, 0x75, 0x06, 0x48, 0x8B, 0x01,
	0xFF, 0x50, 0x08, 0x48, 0xC7, 0x45, 0x18, 0x00, 0x00, 0x00, 0x00, 0x48,
	0x8B, 0x5D, 0x08, 0x48, 0x85, 0xDB, 0x74, 0x27, 0x8B, 0xC6, 0xF0, 0x0F,
	0xC1, 0x43, 0x08, 0x83, 0xF8, 0x01, 0x75, 0x1B, 0x48, 0x8B, 0x13, 0x48,
	0x8B, 0xCB, 0xFF, 0x12, 0xF0, 0x0F, 0xC1, 0x73, 0x0C, 0x83, 0xFE, 0x01,
	0x75, 0x09, 0x48, 0x8B, 0x13, 0x48, 0x8B, 0xCB, 0xFF, 0x52, 0x08, 0x48,
	0x8B, 0xC7, 0x48, 0x8B, 0x4C, 0x24, 0x50, 0x48, 0x33, 0xCC, 0xE8, 0x49,
	0x1C, 0x00, 0x00, 0x48, 0x8B, 0x9C, 0x24, 0x88, 0x00, 0x00, 0x00, 0x48,
	0x83, 0xC4, 0x60, 0x5F, 0x5E, 0x5D, 0xC3, 0xCC, 0xCC, 0xCC, 0xCC, 0xCC,
	0xCC, 0xCC, 0xCC, 0xCC, 0x48, 0x89, 0x5C, 0x24, 0x20, 0x55, 0x56, 0x57,
	0x41, 0x54, 0x41, 0x55, 0x41, 0x56, 0x41, 0x57, 0x48, 0x83, 0xEC, 0x40,
	0x4D, 0x8B, 0xF0, 0x4C, 0x8B, 0xFA, 0x48, 0x89, 0x54, 0x24, 0x20, 0x4C,
	0x8B, 0xE9, 0x49, 0x8B, 0xD0, 0x49, 0x8B, 0x68, 0x18, 0x48, 0x83, 0xFD,
	0x0F, 0x76, 0x03, 0x49, 0x8B, 0x10, 0x49, 0xBC, 0x25, 0x23, 0x22, 0x84,
	0xE4, 0x9C, 0xF2, 0xCB, 0x49, 0x8B, 0x78, 0x10, 0x33, 0xC9, 0x48, 0x85,
	0xFF, 0x74, 0x1D, 0x49, 0xB8, 0xB3, 0x01, 0x00, 0x00, 0x00, 0x01, 0x00,
	0x00, 0x0F, 0xB6, 0x04, 0x0A, 0x4C, 0x33, 0xE0, 0x4D, 0x0F, 0xAF, 0xE0,
	0x48, 0xFF, 0xC1, 0x48, 0x3B, 0xCF, 0x72, 0xED, 0x49, 0x8B, 0x45, 0x30,
	0x49, 0x23, 0xC4, 0x48, 0x03, 0xC0, 0x49, 0x8B, 0x4D, 0x18, 0x48, 0x8B,
	0x5C, 0xC1, 0x08, 0x49, 0x8D, 0x55, 0x08, 0x48, 0x8B, 0x32, 0x48, 0x3B,
	0xDE, 0x74, 0x60, 0x48, 0x8B, 0x34, 0xC1, 0x66, 0x0F, 0x1F, 0x84, 0x00,
	0x00, 0x00, 0x00, 0x00, 0x48, 0x8D, 0x53, 0x10, 0x48, 0x83, 0x7B, 0x28,
	0x0F, 0x76, 0x03, 0x48, 0x8B, 0x12, 0x49, 0x8B, 0xCE, 0x48, 0x83, 0xFD,
	0x0F, 0x76, 0x03, 0x49, 0x8B, 0x0E, 0x48, 0x3B, 0x7B, 0x20, 0x75, 0x11,
	0x48, 0x85, 0xFF, 0x74, 0x17, 0x4C, 0x8B, 0xC7, 0xE8, 0x25, 0x2B, 0x00,
	0x00, 0x85, 0xC0, 0x74, 0x0B, 0x48, 0x3B, 0xDE, 0x74, 0x16, 0x48, 0x8B,
	0x5B, 0x08, 0xEB, 0xC4, 0x49, 0x89, 0x1F, 0x41, 0xC6, 0x47, 0x08, 0x00,
	0x49, 0x8B, 0xC7, 0xE9, 0x91, 0x01, 0x00, 0x00, 0x48, 0x8B, 0xF3, 0x49,
	0x8D, 0x55, 0x08, 0x48, 0xB8, 0x8E, 0xE3, 0x38, 0x8E, 0xE3, 0x38, 0x8E,
	0x03, 0x49, 0x39, 0x45, 0x10, 0x75, 0x0E, 0x48, 0x8D, 0x0D, 0x16, 0x83,
	0x00, 0x00, 0xFF, 0x15, 0x18, 0x50, 0x00, 0x00, 0xCC, 0x48, 0x89, 0x54,
	0x24, 0x28, 0x48, 0xC7, 0x44, 0x24, 0x30, 0x00, 0x00, 0x00, 0x00, 0xB9,
	0x48, 0x00, 0x00, 0x00, 0xE8, 0x1F, 0x1C, 0x00, 0x00, 0x4C, 0x8B, 0xF8,
	0x48, 0x89, 0x44, 0x24, 0x30, 0x48, 0x8D, 0x58, 0x10, 0x48, 0x89, 0x5C,
	0x24, 0x38, 0x49, 0x8B, 0xD6, 0x48, 0x8B, 0xCB, 0xE8, 0x0B, 0xD1, 0xFF,
	0xFF, 0x90, 0x49, 0x8D, 0x56, 0x20, 0x48, 0x8D, 0x4B, 0x20, 0xE8, 0x0D,
	0xC7, 0xFF, 0xFF, 0x90, 0x49, 0x8B, 0x4D, 0x10, 0x48, 0x83, 0xC1, 0x01,
	0x0F, 0x57, 0xC0, 0x78, 0x07, 0xF3, 0x48, 0x0F, 0x2A, 0xC1, 0xEB, 0x15,
	0x48, 0x8B, 0xC1, 0x48, 0xD1, 0xE8, 0x83, 0xE1, 0x01, 0x48, 0x0B, 0xC1,
	0xF3, 0x48, 0x0F, 0x2A, 0xC0, 0xF3, 0x0F, 0x58, 0xC0, 0x49, 0x8B, 0x4D,
	0x38, 0x0F, 0x57, 0xC9, 0x48, 0x85, 0xC9, 0x78, 0x07, 0xF3, 0x48, 0x0F,
	0x2A, 0xC9, 0xEB, 0x15, 0x48, 0x8B, 0xC1, 0x48, 0xD1, 0xE8, 0x83, 0xE1,
	0x01, 0x48, 0x0B, 0xC1, 0xF3, 0x48, 0x0F, 0x2A, 0xC8, 0xF3, 0x0F, 0x58,
	0xC9, 0xF3, 0x0F, 0x5E, 0xC1, 0x41, 0x0F, 0x2F, 0x45, 0x00, 0x76, 0x76,
	0x49, 0x8B, 0xCD, 0xE8, 0x28, 0xF8, 0xFF, 0xFF, 0x49, 0x8B, 0x45, 0x30,
	0x49, 0x23, 0xC4, 0x48, 0x03, 0xC0, 0x49, 0x8B, 0x4D, 0x18, 0x48, 0x8B,
	0x5C, 0xC1, 0x08, 0x49, 0x8B, 0x75, 0x08, 0x48, 0x3B, 0xDE, 0x74, 0x52,
	0x48, 0x8B, 0x34, 0xC1, 0x49, 0x8B, 0x6F, 0x28, 0x49, 0x8B, 0x7F, 0x20,
	0x48, 0x8D, 0x53, 0x10, 0x48, 0x83, 0x7B, 0x28, 0x0F, 0x76, 0x03, 0x48,
	0x8B, 0x12, 0x49, 0x8D, 0x4F, 0x10, 0x48, 0x83, 0xFD, 0x0F, 0x76, 0x04,
	0x49, 0x8B, 0x4F, 0x10, 0x48, 0x3B, 0x7B, 0x20, 0x75, 0x11, 0x48, 0x85,
	0xFF, 0x74, 0x17, 0x4C, 0x8B, 0xC7, 0xE8, 0xE3, 0x29, 0x00, 0x00, 0x85,
	0xC0, 0x74, 0x0B, 0x48, 0x3B, 0xDE, 0x74, 0x0B, 0x48, 0x8B, 0x5B, 0x08,
	0xEB, 0xC2, 0x48, 0x8B, 0x33, 0xEB, 0x03, 0x48, 0x8B, 0xF3, 0x48, 0x8B,
	0x56, 0x08, 0x49, 0xFF, 0x45, 0x10, 0x49, 0x89, 0x37, 0x49, 0x89, 0x57,
	0x08, 0x4C, 0x89, 0x3A, 0x4C, 0x89, 0x7E, 0x08, 0x49, 0x8B, 0x45, 0x30,
	0x49, 0x23, 0xC4, 0x48, 0x03, 0xC0, 0x49, 0x8B, 0x4D, 0x18, 0x4C, 0x8B,
	0x04, 0xC1, 0x4D, 0x3B, 0x45, 0x08, 0x75, 0x06, 0x4C, 0x89, 0x3C, 0xC1,
	0xEB, 0x12, 0x4C, 0x3B, 0xC6, 0x75, 0x06, 0x4C, 0x89, 0x3C, 0xC1, 0xEB,
	0x0C, 0x48, 0x39, 0x54, 0xC1, 0x08, 0x75, 0x05, 0x4C, 0x89, 0x7C, 0xC1,
	0x08, 0x48, 0x8B, 0x44, 0x24, 0x20, 0x4C, 0x89, 0x38, 0xC6, 0x40, 0x08,
	0x01, 0x48, 0x8B, 0x9C, 0x24, 0x98, 0x00, 0x00, 0x00, 0x48, 0x83, 0xC4,
	0x40, 0x41, 0x5F, 0x41, 0x5E, 0x41, 0x5D, 0x41, 0x5C, 0x5F, 0x5E, 0x5D,
	0xC3, 0xCC, 0xCC, 0xCC, 0xCC, 0xCC, 0xCC, 0xCC, 0xCC, 0xCC, 0xCC, 0xCC,
	0x48, 0x8B, 0x41, 0x10, 0x48, 0x83, 0xC1, 0x10, 0x33, 0xD2, 0x48, 0xFF,
	0x20, 0xCC, 0xCC, 0xCC, 0x48, 0x8D, 0x05, 0x69, 0xDD, 0x00, 0x00, 0xC3,
	0xCC, 0xCC, 0xCC, 0xCC, 0xCC, 0xCC, 0xCC, 0xCC, 0x48, 0x8B, 0x49, 0x08,
	0xE9, 0xF7, 0x76, 0xFF, 0xFF, 0xCC, 0xCC, 0xCC, 0xCC, 0xCC, 0xCC, 0xCC,
	0x48, 0x8D, 0x05, 0x91, 0x85, 0x00, 0x00, 0x48, 0x89, 0x02, 0x48, 0x8B,
	0x41, 0x08, 0x48, 0x89, 0x42, 0x08, 0x48, 0x8B, 0xC2, 0xC3, 0xCC, 0xCC,
	0xCC, 0xCC, 0xCC, 0xCC, 0xCC, 0xCC, 0xCC, 0xCC, 0x48, 0x89, 0x5C, 0x24,
	0x08, 0x57, 0x48, 0x83, 0xEC, 0x20, 0x48, 0x8B, 0x79, 0x08, 0x48, 0x8B,
	0x19, 0x48, 0x3B, 0xDF, 0x74, 0x11, 0x48, 0x8B, 0xCB, 0xE8, 0xE2, 0xDF,
	0xFF, 0xFF, 0x48, 0x83, 0xC3, 0x20, 0x48, 0x3B, 0xDF, 0x75, 0xEF, 0x48,
	0x8B, 0x5C, 0x24, 0x30, 0x48, 0x83, 0xC4, 0x20, 0x5F, 0xC3, 0xCC, 0xCC,
	0xCC, 0xCC, 0xCC, 0xCC, 0xCC, 0xCC, 0xCC, 0xCC, 0xCC, 0xCC, 0xCC, 0xCC,
	0x48, 0x8B, 0x49, 0x08, 0x48, 0x85, 0xC9, 0x74, 0x0A, 0xBA, 0x48, 0x00,
	0x00, 0x00, 0xE9, 0x49, 0x1D, 0x00, 0x00, 0xC3, 0xCC, 0xCC, 0xCC, 0xCC,
	0xCC, 0xCC, 0xCC, 0xCC, 0xCC, 0xCC, 0xCC, 0xCC, 0x48, 0x8B, 0x49, 0x08,
	0x48, 0x85, 0xC9, 0x74, 0x0A, 0xBA, 0x38, 0x00, 0x00, 0x00, 0xE9, 0x29,
	0x1D, 0x00, 0x00, 0xC3, 0xCC, 0xCC, 0xCC, 0xCC, 0xCC, 0xCC, 0xCC, 0xCC,
	0xCC, 0xCC, 0xCC, 0xCC, 0x48, 0x89, 0x5C, 0x24, 0x10, 0x57, 0x48, 0x83,
	0xEC, 0x40, 0x48, 0x8B, 0x05, 0xDF, 0xDA, 0x00, 0x00, 0x48, 0x33, 0xC4,
	0x48, 0x89, 0x44, 0x24, 0x38, 0x48, 0x8B, 0xD9, 0x48, 0x89, 0x4C, 0x24,
	0x20, 0x48, 0x8B, 0x89, 0x08, 0x01, 0x00, 0x00, 0x48, 0x85, 0xC9, 0x75,
	0x06, 0xFF, 0x15, 0x1D, 0x4C, 0x00, 0x00, 0x48, 0x8B, 0x01, 0xFF, 0x50,
	0x10, 0x0F, 0x57, 0xC0, 0x0F, 0x11, 0x44, 0x24, 0x28, 0x48, 0x8D, 0x7B,
	0x20, 0x48, 0x89, 0x7C, 0x24, 0x28, 0xC6, 0x44, 0x24, 0x30, 0x00, 0x48,
	0x8B, 0xCF, 0xFF, 0x15, 0x20, 0x4C, 0x00, 0x00, 0x85, 0xC0, 0x74, 0x0B,
	0xB9, 0x05, 0x00, 0x00, 0x00, 0xFF, 0x15, 0xF1, 0x4B, 0x00, 0x00, 0x81,
	0x7F, 0x4C, 0xFF, 0xFF, 0xFF, 0x7F, 0x75, 0x12, 0xC7, 0x47, 0x4C, 0xFE,
	0xFF, 0xFF, 0x7F, 0xB9, 0x06, 0x00, 0x00, 0x00, 0xFF, 0x15, 0xD6, 0x4B,
	0x00, 0x00, 0xC6, 0x44, 0x24, 0x30, 0x01, 0x80, 0xBB, 0xC1, 0x00, 0x00,
	0x00, 0x00, 0x75, 0x44, 0xC7, 0x43, 0x0C, 0x01, 0x00, 0x00, 0x00, 0x48,
	0x8B, 0x03, 0x45, 0x33, 0xC0, 0x48, 0x8D, 0x54, 0x24, 0x28, 0x48, 0x8B,
	0xCB, 0xFF, 0x50, 0x28, 0x90, 0x80, 0x7C, 0x24, 0x30, 0x00, 0x74, 0x0C,
	0x48, 0x8B, 0x4C, 0x24, 0x28, 0xFF, 0x15, 0xE5, 0x4B, 0x00, 0x00, 0x90,
	0x48, 0x8B, 0x4C, 0x24, 0x38, 0x48, 0x33, 0xCC, 0xE8, 0x07, 0x18, 0x00,
	0x00, 0x48, 0x8B, 0x5C, 0x24, 0x58, 0x48, 0x83, 0xC4, 0x40, 0x5F, 0xC3,
	0xB9, 0x03, 0x00, 0x00, 0x00, 0xE8, 0x02, 0x7A, 0xFF, 0xFF, 0xCC, 0xCC,
	0x48, 0x83, 0xEC, 0x28, 0x48, 0x8D, 0x0D, 0xE5, 0x7F, 0x00, 0x00, 0xFF,
	0x15, 0xC7, 0x4C, 0x00, 0x00, 0xCC, 0xCC, 0xCC, 0xCC, 0xCC, 0xCC, 0xCC,
	0xCC, 0xCC, 0xCC, 0xCC, 0xCC, 0xCC, 0xCC, 0xCC, 0x40, 0x56, 0x57, 0x48,
	0x83, 0xEC, 0x28, 0x48, 0xB8, 0xFF, 0xFF, 0xFF, 0xFF, 0xFF, 0xFF, 0xFF,
	0x0F, 0x48, 0x8B, 0xF1, 0x48, 0x0F, 0xBD, 0xC8, 0xBF, 0x01, 0x00, 0x00,
	0x00, 0x8B, 0xC7, 0x48, 0xD3, 0xE0, 0x48, 0x3B, 0xD0, 0x76, 0x0E, 0x48,
	0x8D, 0x0D, 0xB2, 0x7F, 0x00, 0x00, 0xFF, 0x15, 0x84, 0x4C, 0x00, 0x00,
	0xCC, 0x48, 0x8D, 0x42, 0xFF, 0x48, 0x89, 0x5C, 0x24, 0x50, 0x48, 0x8B,
	0x5E, 0x08, 0x48, 0x0B, 0xC7, 0x48, 0x0F, 0xBD, 0xC8, 0x4C, 0x8B, 0xC3,
	0x4C, 0x89, 0x74, 0x24, 0x20, 0xFF, 0xC1, 0x48, 0xD3, 0xE7, 0x48, 0x8D,
	0x4E, 0x18, 0x48, 0x8D, 0x14, 0x3F, 0xE8, 0xFD, 0xF2, 0xFF, 0xFF, 0x48,
	0x8B, 0x4E, 0x08, 0x48, 0x8D, 0x47, 0xFF, 0x48, 0x89, 0x46, 0x30, 0x48,
	0x89, 0x7E, 0x38, 0x48, 0x8B, 0x09, 0x48, 0x8B, 0xD1, 0x48, 0x3B, 0xCB,
	0x0F, 0x84, 0x22, 0x01, 0x00, 0x00, 0x48, 0x89, 0x6C, 0x24, 0x58, 0x48,
	0xBF, 0xB3, 0x01, 0x00, 0x00, 0x00, 0x01, 0x00, 0x00, 0x48, 0xBD, 0x25,
	0x23, 0x22, 0x84, 0xE4, 0x9C, 0xF2, 0xCB, 0x0F, 0x1F, 0x44, 0x00, 0x00,
	0x0F, 0xB6, 0x41, 0x11, 0x44, 0x0F, 0xB6, 0x59, 0x10, 0x48, 0x8B, 0x12,
	0x4C, 0x33, 0xDD, 0x4C, 0x0F, 0xAF, 0xDF, 0x4C, 0x33, 0xD8, 0x0F, 0xB6,
	0x41, 0x12, 0x4C, 0x0F, 0xAF, 0xDF, 0x4C, 0x33, 0xD8, 0x0F, 0xB6, 0x41,
	0x13, 0x4C, 0x0F, 0xAF, 0xDF, 0x4C, 0x33, 0xD8, 0x0F, 0xB6, 0x41, 0x14,
	0x4C, 0x0F, 0xAF, 0xDF, 0x4C, 0x33, 0xD8, 0x0F, 0xB6, 0x41, 0x15, 0x4C,
	0x0F, 0xAF, 0xDF, 0x4C, 0x33, 0xD8, 0x0F, 0xB6, 0x41, 0x16, 0x4C, 0x0F,
	0xAF, 0xDF, 0x4C, 0x33, 0xD8, 0x0F, 0xB6, 0x41, 0x17, 0x4C, 0x0F, 0xAF,
	0xDF, 0x4C, 0x33, 0xD8, 0x4C, 0x0F, 0xAF, 0xDF, 0x4C, 0x23, 0x5E, 0x30,
	0x49, 0xC1, 0xE3, 0x04, 0x4C, 0x03, 0x5E, 0x18, 0x4D, 0x8B, 0x0B, 0x4C,
	0x3B, 0xCB, 0x75, 0x09, 0x49, 0x89, 0x0B, 0x49, 0x89, 0x4B, 0x08, 0xEB,
	0x7A, 0x49, 0x8B, 0x43, 0x08, 0x4C, 0x8B, 0x41, 0x10, 0x4C, 0x3B, 0x40,
	0x10, 0x75, 0x2F, 0x4C, 0x8B, 0x10, 0x4C, 0x3B, 0xD1, 0x74, 0x21, 0x4C,
	0x8B, 0x49, 0x08, 0x49, 0x89, 0x11, 0x4C, 0x8B, 0x42, 0x08, 0x4D, 0x89,
	0x10, 0x49, 0x8B, 0x42, 0x08, 0x48, 0x89, 0x08, 0x4D, 0x89, 0x42, 0x08,
	0x4C, 0x89, 0x4A, 0x08, 0x48, 0x89, 0x41, 0x08, 0x49, 0x89, 0x4B, 0x08,
	0xEB, 0x3D, 0x4C, 0x3B, 0xC8, 0x74, 0x14, 0x0F, 0x1F, 0x44, 0x00, 0x00,
	0x48, 0x8B, 0x40, 0x08, 0x4C, 0x3B, 0x40, 0x10, 0x74, 0x4B, 0x4C, 0x3B,
	0xC8, 0x75, 0xF1, 0x4C, 0x8B, 0x51, 0x08, 0x49, 0x89, 0x12, 0x4C, 0x8B,
	0x4A, 0x08, 0x49, 0x89, 0x01, 0x4C, 0x8B, 0x40, 0x08, 0x49, 0x89, 0x08,
	0x4C, 0x89, 0x48, 0x08, 0x4C, 0x89, 0x52, 0x08, 0x4C, 0x89, 0x41, 0x08,
	0x49, 0x89, 0x0B, 0x48, 0x8B, 0xCA, 0x48, 0x3B, 0xD3, 0x0F, 0x85, 0x01,
	0xFF, 0xFF, 0xFF, 0x48, 0x8B, 0x6C, 0x24, 0x58, 0x48, 0x8B, 0x5C, 0x24,
	0x50, 0x4C, 0x8B, 0x74, 0x24, 0x20, 0x48, 0x83, 0xC4, 0x28, 0x5F, 0x5E,
	0xC3, 0x4C, 0x8B, 0x10, 0x4C, 0x8B, 0x49, 0x08, 0x49, 0x89, 0x11, 0x4C,
	0x8B, 0x42, 0x08, 0x4D, 0x89, 0x10, 0x49, 0x8B, 0x42, 0x08, 0x48, 0x89,
	0x08, 0x4D, 0x89, 0x42, 0x08, 0x4C, 0x89, 0x4A, 0x08, 0x48, 0x89, 0x41,
	0x08, 0xEB, 0xB8, 0xCC, 0xCC, 0xCC, 0xCC, 0xCC, 0x40, 0x53, 0x48, 0x83,
	0xEC, 0x30, 0x48, 0x83, 0x79, 0x08, 0x00, 0x48, 0x8B, 0xD9, 0x74, 0x48,
	0x48, 0x8B, 0x51, 0x20, 0x48, 0x8B, 0x49, 0x18, 0xE8, 0x03, 0xE9, 0xFF,
	0xFF, 0x48, 0x8B, 0x43, 0x10, 0x48, 0x8B, 0x4B, 0x08, 0x48, 0x8D, 0x14,
	0x40, 0x48, 0xC1, 0xE2, 0x03, 0x48, 0x81, 0xFA, 0x00, 0x10, 0x00, 0x00,
	0x72, 0x18, 0x48, 0x8B, 0x41, 0xF8, 0x48, 0x83, 0xC2, 0x27, 0x48, 0x2B,
	0xC8, 0x48, 0x83, 0xE9, 0x08, 0x48, 0x83, 0xF9, 0x1F, 0x77, 0x13, 0x48,
	0x8B, 0xC8, 0x48, 0x83, 0xC4, 0x30, 0x5B, 0xE9, 0xE4, 0x19, 0x00, 0x00,
	0x48, 0x83, 0xC4, 0x30, 0x5B, 0xC3, 0x45, 0x33, 0xC9, 0x48, 0xC7, 0x44,
	0x24, 0x20, 0x00, 0x00, 0x00, 0x00, 0x45, 0x33, 0xC0, 0x33, 0xD2, 0x33,
	0xC9, 0xFF, 0x15, 0x71, 0x4B, 0x00, 0x00, 0xCC, 0xCC, 0xCC, 0xCC, 0xCC,
	0xCC, 0xCC, 0xCC, 0xCC, 0x40, 0x56, 0x48, 0x83, 0xEC, 0x30, 0x48, 0x83,
	0x79, 0x08, 0x00, 0x48, 0x8B, 0xF1, 0x74, 0x69, 0x48, 0x89, 0x5C, 0x24,
	0x48, 0x48, 0x8B, 0x59, 0x18, 0x48, 0x89, 0x7C, 0x24, 0x50, 0x48, 0x8B,
	0x79, 0x20, 0x48, 0x3B, 0xDF, 0x74, 0x11, 0x48, 0x8B, 0xCB, 0xE8, 0xF1,
	0xDB, 0xFF, 0xFF, 0x48, 0x83, 0xC3, 0x20, 0x48, 0x3B, 0xDF, 0x75, 0xEF,
	0x48, 0x8B, 0x56, 0x10, 0x48, 0x8B, 0x4E, 0x08, 0x48, 0x8B, 0x7C, 0x24,
	0x50, 0x48, 0x8B, 0x5C, 0x24, 0x48, 0x48, 0xC1, 0xE2, 0x05, 0x48, 0x81,
	0xFA, 0x00, 0x10, 0x00, 0x00, 0x72, 0x18, 0x48, 0x8B, 0x41, 0xF8, 0x48,
	0x83, 0xC2, 0x27, 0x48, 0x2B, 0xC8, 0x48, 0x83, 0xE9, 0x08, 0x48, 0x83,
	0xF9, 0x1F, 0x77, 0x13, 0x48, 0x8B, 0xC8, 0x48, 0x83, 0xC4, 0x30, 0x5E,
	0xE9, 0x43, 0x19, 0x00, 0x00, 0x48, 0x83, 0xC4, 0x30, 0x5E, 0xC3, 0x45,
	0x33, 0xC9, 0x48, 0xC7, 0x44, 0x24, 0x20, 0x00, 0x00, 0x00, 0x00, 0x45,
	0x33, 0xC0, 0x33, 0xD2, 0x33, 0xC9, 0xFF, 0x15, 0xD0, 0x4A, 0x00, 0x00,
	0xCC, 0xCC, 0xCC, 0xCC, 0xCC, 0xCC, 0xCC, 0xCC, 0x40, 0x53, 0x41, 0x57,
	0x48, 0x83, 0xEC, 0x68, 0x48, 0xB8, 0xFF, 0xFF, 0xFF, 0xFF, 0xFF, 0xFF,
	0xFF, 0x0F, 0x48, 0x89, 0x4C, 0x24, 0x28, 0x4C, 0x8B, 0xF9, 0xBB, 0x01,
	0x00, 0x00, 0x00, 0x48, 0x0F, 0xBD, 0xC8, 0x8B, 0xC3, 0x48, 0xD3, 0xE0,
	0x48, 0x3B, 0xD0, 0x76, 0x0E, 0x48, 0x8D, 0x0D, 0xAC, 0x7C, 0x00, 0x00,
	0xFF, 0x15, 0x7E, 0x49, 0x00, 0x00, 0xCC, 0x48, 0x89, 0xAC, 0x24, 0x90,
	0x00, 0x00, 0x00, 0x48, 0x8D, 0x42, 0xFF, 0x49, 0x8B, 0x6F, 0x08, 0x48,
	0x0B, 0xC3, 0x48, 0x0F, 0xBD, 0xC8, 0x48, 0x89, 0x74, 0x24, 0x60, 0x4C,
	0x8B, 0xC5, 0xFF, 0xC1, 0x48, 0x89, 0x7C, 0x24, 0x58, 0x48, 0xD3, 0xE3,
	0x4C, 0x89, 0x64, 0x24, 0x50, 0x4D, 0x8D, 0x67, 0x18, 0x49, 0x8B, 0xCC,
	0x4C, 0x89, 0x64, 0x24, 0x30, 0x48, 0x8D, 0x14, 0x1B, 0xE8, 0xE2, 0xEF,
	0xFF, 0xFF, 0x49, 0x8B, 0x7F, 0x08, 0x48, 0x8D, 0x43, 0xFF, 0x49, 0x89,
	0x47, 0x30, 0x49, 0x89, 0x5F, 0x38, 0x48, 0x8B, 0x3F, 0x48, 0x8B, 0xF7,
	0x48, 0x3B, 0xFD, 0x0F, 0x84, 0xE6, 0x01, 0x00, 0x00, 0x4C, 0x89, 0x6C,
	0x24, 0x48, 0x48, 0xB8, 0x25, 0x23, 0x22, 0x84, 0xE4, 0x9C, 0xF2, 0xCB,
	0x4C, 0x89, 0x74, 0x24, 0x40, 0x49, 0xBA, 0xB3, 0x01, 0x00, 0x00, 0x00,
	0x01, 0x00, 0x00, 0x0F, 0x1F, 0x44, 0x00, 0x00, 0x4C, 0x8B, 0x6F, 0x28,
	0x4C, 0x8D, 0x47, 0x10, 0x48, 0x8B, 0x36, 0x49, 0x83, 0xFD, 0x0F, 0x76,
	0x04, 0x4C, 0x8B, 0x47, 0x10, 0x4C, 0x8B, 0x4F, 0x20, 0x33, 0xC9, 0x48,
	0x8B, 0xD0, 0x4D, 0x85, 0xC9, 0x74, 0x21, 0x0F, 0x1F, 0x40, 0x00, 0x66,
	0x0F, 0x1F, 0x84, 0x00, 0x00, 0x00, 0x00, 0x00, 0x41, 0x0F, 0xB6, 0x04,
	0x08, 0x48, 0xFF, 0xC1, 0x48, 0x33, 0xD0, 0x49, 0x0F, 0xAF, 0xD2, 0x49,
	0x3B, 0xC9, 0x72, 0xEC, 0x4D, 0x8B, 0x4F, 0x30, 0x4C, 0x23, 0xCA, 0x49,
	0xC1, 0xE1, 0x04, 0x4D, 0x03, 0x0C, 0x24, 0x4C, 0x89, 0x4C, 0x24, 0x20,
	0x49, 0x39, 0x29, 0x75, 0x08, 0x49, 0x89, 0x39, 0xE9, 0x30, 0x01, 0x00,
	0x00, 0x49, 0x8B, 0x59, 0x08, 0x48, 0x83, 0x7B, 0x28, 0x0F, 0x48, 0x8D,
	0x53, 0x10, 0x76, 0x04, 0x48, 0x8B, 0x53, 0x10, 0x48, 0x8D, 0x4F, 0x10,
	0x4D, 0x8B, 0xE5, 0x49, 0x83, 0xFD, 0x0F, 0x76, 0x04, 0x48, 0x8B, 0x4F,
	0x10, 0x4C, 0x8B, 0x7F, 0x20, 0x4C, 0x3B, 0x7B, 0x20, 0x75, 0x21, 0x4D,
	0x85, 0xFF, 0x0F, 0x84, 0xC6, 0x00, 0x00, 0x00, 0x4D, 0x8B, 0xC7, 0xE8,
	0x1E, 0x23, 0x00, 0x00, 0x4C, 0x8B, 0x4C, 0x24, 0x20, 0x4D, 0x8B, 0xEC,
	0x85, 0xC0, 0x0F, 0x84, 0xAE, 0x00, 0x00, 0x00, 0x4D, 0x8B, 0x21, 0x4C,
	0x3B, 0xE3, 0x74, 0x46, 0x0F, 0x1F, 0x40, 0x00, 0x48, 0x8B, 0x5B, 0x08,
	0x48, 0x83, 0x7B, 0x28, 0x0F, 0x48, 0x8D, 0x53, 0x10, 0x76, 0x04, 0x48,
	0x8B, 0x53, 0x10, 0x48, 0x8D, 0x4F, 0x10, 0x49, 0x83, 0xFD, 0x0F, 0x76,
	0x04, 0x48, 0x8B, 0x4F, 0x10, 0x4C, 0x3B, 0x7B, 0x20, 0x75, 0x11, 0x4D,
	0x85, 0xFF, 0x74, 0x46, 0x4D, 0x8B, 0xC7, 0xE8, 0xCE, 0x22, 0x00, 0x00,
	0x85, 0xC0, 0x74, 0x3A, 0x4C, 0x3B, 0xE3, 0x75, 0xC3, 0x4C, 0x8B, 0x4C,
	0x24, 0x20, 0x48, 0x8B, 0x57, 0x08, 0x4C, 0x8B, 0x7C, 0x24, 0x28, 0x4C,
	0x8B, 0x64, 0x24, 0x30, 0x48, 0x89, 0x32, 0x48, 0x8B, 0x4E, 0x08, 0x48,
	0x89, 0x19, 0x48, 0x8B, 0x43, 0x08, 0x48, 0x89, 0x38, 0x48, 0x89, 0x4B,
	0x08, 0x48, 0x89, 0x56, 0x08, 0x48, 0x89, 0x47, 0x08, 0x49, 0x89, 0x39,
	0xEB, 0x67, 0x4C, 0x8B, 0x03, 0x48, 0x8B, 0x57, 0x08, 0x4C, 0x8B, 0x7C,
	0x24, 0x28, 0x4C, 0x8B, 0x64, 0x24, 0x30, 0x48, 0x89, 0x32, 0x48, 0x8B,
	0x4E, 0x08, 0x4C, 0x89, 0x01, 0x49, 0x8B, 0x40, 0x08, 0x48, 0x89, 0x38,
	0x49, 0x89, 0x48, 0x08, 0x48, 0x89, 0x56, 0x08, 0x48, 0x89, 0x47, 0x08,
	0xEB, 0x37, 0x4C, 0x8B, 0x03, 0x4C, 0x3B, 0xC7, 0x74, 0x21, 0x48, 0x8B,
	0x57, 0x08, 0x48, 0x89, 0x32, 0x48, 0x8B, 0x4E, 0x08, 0x4C, 0x89, 0x01,
	0x49, 0x8B, 0x40, 0x08, 0x48, 0x89, 0x38, 0x49, 0x89, 0x48, 0x08, 0x48,
	0x89, 0x56, 0x08, 0x48, 0x89, 0x47, 0x08, 0x4C, 0x8B, 0x7C, 0x24, 0x28,
	0x4C, 0x8B, 0x64, 0x24, 0x30, 0x49, 0x89, 0x79, 0x08, 0x48, 0x8B, 0xFE,
	0x48, 0xB8, 0x25, 0x23, 0x22, 0x84, 0xE4, 0x9C, 0xF2, 0xCB, 0x49, 0xBA,
	0xB3, 0x01, 0x00, 0x00, 0x00, 0x01, 0x00, 0x00, 0x48, 0x3B, 0xF5, 0x0F,
	0x85, 0x47, 0xFE, 0xFF, 0xFF, 0x4C, 0x8B, 0x74, 0x24, 0x40, 0x4C, 0x8B,
	0x6C, 0x24, 0x48, 0x48, 0x8B, 0x7C, 0x24, 0x58, 0x48, 0x8B, 0x74, 0x24,
	0x60, 0x48, 0x8B, 0xAC, 0x24, 0x90, 0x00, 0x00, 0x00, 0x4C, 0x8B, 0x64,
	0x24, 0x50, 0x48, 0x83, 0xC4, 0x68, 0x41, 0x5F, 0x5B, 0xC3, 0xCC, 0xCC,
	0xCC, 0xCC, 0xCC, 0xCC, 0xCC, 0xCC, 0xCC, 0xCC, 0xCC, 0xCC, 0xCC, 0xCC,
	0x48, 0x89, 0x5C, 0x24, 0x08, 0x57, 0x48, 0x83, 0xEC, 0x30, 0x48, 0xB8,
	0xFF, 0xFF, 0xFF, 0xFF, 0xFF, 0xFF, 0xFF, 0x1F, 0x48, 0x8B, 0xF9, 0x48,
	0x3B, 0xD0, 0x77, 0x75, 0x48, 0x8D, 0x1C, 0xD5, 0x00, 0x00, 0x00, 0x00,
	0x48, 0x85, 0xDB, 0x75, 0x04, 0x33, 0xC0, 0xEB, 0x4B, 0x48, 0x81, 0xFB,
	0x00, 0x10, 0x00, 0x00, 0x72, 0x3A, 0x48, 0x8D, 0x4B, 0x27, 0x48, 0x3B,
	0xCB, 0x76, 0x52, 0xE8, 0xE4, 0x12, 0x00, 0x00, 0x48, 0x8B, 0xC8, 0x48,
	0x85, 0xC0, 0x75, 0x16, 0x45, 0x33, 0xC9, 0x48, 0x89, 0x44, 0x24, 0x20,
	0x45, 0x33, 0xC0, 0x33, 0xD2, 0x33, 0xC9, 0xFF, 0x15, 0xB7, 0x47, 0x00,
	0x00, 0xCC, 0x48, 0x83, 0xC0, 0x27, 0x48, 0x83, 0xE0, 0xE0, 0x48, 0x89,
	0x48, 0xF8, 0xEB, 0x08, 0x48, 0x8B, 0xCB, 0xE8, 0xB0, 0x12, 0x00, 0x00,
	0x48, 0x89, 0x07, 0x48, 0x89, 0x47, 0x08, 0x48, 0x03, 0xC3, 0x48, 0x8B,
	0x5C, 0x24, 0x40, 0x48, 0x89, 0x47, 0x10, 0x48, 0x83, 0xC4, 0x30, 0x5F,
	0xC3, 0xE8, 0xEA, 0x58, 0xFF, 0xFF, 0xCC, 0xCC, 0xCC, 0xCC, 0xCC, 0xCC,
	0xCC, 0xCC, 0xCC, 0xCC, 0x48, 0x89, 0x5C, 0x24, 0x08, 0x57, 0x48, 0x83,
	0xEC, 0x20, 0x8B, 0xDA, 0x48, 0x8B, 0xF9, 0xE8, 0x9C, 0xF0, 0xFF, 0xFF,
	0xF6, 0xC3, 0x01, 0x74, 0x0D, 0xBA, 0x10, 0x01, 0x00, 0x00, 0x48, 0x8B,
	0xCF, 0xE8, 0xA6, 0x15, 0x00, 0x00, 0x48, 0x8B, 0x5C, 0x24, 0x30, 0x48,
	0x8B, 0xC7, 0x48, 0x83, 0xC4, 0x20, 0x5F, 0xC3, 0xCC, 0xCC, 0xCC, 0xCC,
	0xCC, 0xCC, 0xCC, 0xCC, 0xCC, 0xCC, 0xCC, 0xCC, 0x40, 0x53, 0x48, 0x83,
	0xEC, 0x20, 0x48, 0x8D, 0x05, 0xCB, 0x7B, 0x00, 0x00, 0x48, 0x8B, 0xD9,
	0x48, 0x89, 0x01, 0xF6, 0xC2, 0x01, 0x74, 0x0A, 0xBA, 0xC8, 0x01, 0x00,
	0x00, 0xE8, 0x6A, 0x15, 0x00, 0x00, 0x48, 0x8B, 0xC3, 0x48, 0x83, 0xC4,
	0x20, 0x5B, 0xC3, 0xCC, 0xCC, 0xCC, 0xCC, 0xCC, 0x48, 0x89, 0x5C, 0x24,
	0x10, 0x55, 0x56, 0x57, 0x41, 0x54, 0x41, 0x55, 0x41, 0x56, 0x41, 0x57,
	0x48, 0x8D, 0x6C, 0x24, 0xD9, 0x48, 0x81, 0xEC, 0xC0, 0x00, 0x00, 0x00,
	0x4D, 0x8B, 0xE8, 0x48, 0x8B, 0xDA, 0x4C, 0x8B, 0xE1, 0x48, 0x89, 0x4D,
	0x0F, 0x33, 0xC0, 0x89, 0x45, 0x87, 0x48, 0x89, 0x01, 0x48, 0x89, 0x41,
	0x08, 0x0F, 0x57, 0xC0, 0xF3, 0x0F, 0x7F, 0x45, 0x9F, 0x49, 0x8B, 0x40,
	0x08, 0x48, 0x85, 0xC0, 0x74, 0x04, 0xF0, 0xFF, 0x40, 0x08, 0x49, 0x8B,
	0x00, 0x48, 0x89, 0x45, 0x9F, 0x49, 0x8B, 0x48, 0x08, 0x48, 0x89, 0x4D,
	0xA7, 0x49, 0x8B, 0x40, 0x10, 0x48, 0x89, 0x45, 0xAF, 0x48, 0x8D, 0x45,
	0x9F, 0x48, 0x89, 0x45, 0x17, 0x49, 0x8B, 0x78, 0x18, 0x48, 0x85, 0xFF,
	0x74, 0x08, 0xF0, 0xFF, 0x47, 0x08, 0x48, 0x8B, 0x4D, 0xA7, 0x48, 0x89,
	0x7D, 0x1F, 0x48, 0x8B, 0xC7, 0x41, 0xBF, 0x02, 0x00, 0x00, 0x00, 0x48,
	0x85, 0xFF, 0x49, 0x0F, 0x44, 0xC7, 0x48, 0x89, 0x45, 0x87, 0xF3, 0x0F,
	0x7F, 0x45, 0xF7, 0x48, 0x85, 0xC9, 0x74, 0x04, 0xF0, 0xFF, 0x41, 0x08,
	0x0F, 0x10, 0x45, 0x9F, 0x0F, 0x11, 0x45, 0xF7, 0xF2, 0x0F, 0x10, 0x4D,
	0xAF, 0xF2, 0x0F, 0x11, 0x4D, 0x07, 0x4C, 0x8D, 0x45, 0xF7, 0x48, 0x8B,
	0xD0, 0x48, 0x8D, 0x4D, 0x8F, 0xE8, 0x8E, 0xD5, 0xFF, 0xFF, 0x48, 0x8B,
	0xD0, 0x49, 0x8B, 0xCC, 0xE8, 0x63, 0xD4, 0xFF, 0xFF, 0x41, 0xBE, 0xFF,
	0xFF, 0xFF, 0xFF, 0x48, 0x8B, 0x75, 0x97, 0x48, 0x85, 0xF6, 0x74, 0x2B,
	0x41, 0x8B, 0xC6, 0xF0, 0x0F, 0xC1, 0x46, 0x08, 0x83, 0xF8, 0x01, 0x75,
	0x1E, 0x48, 0x8B, 0x06, 0x48, 0x8B, 0xCE, 0xFF, 0x10, 0x41, 0x8B, 0xC6,
	0xF0, 0x0F, 0xC1, 0x46, 0x0C, 0x83, 0xF8, 0x01, 0x75, 0x09, 0x48, 0x8B,
	0x06, 0x48, 0x8B, 0xCE, 0xFF, 0x50, 0x08, 0x48, 0x83, 0x7D, 0x87, 0x02,
	0x74, 0x30, 0x0F, 0x57, 0xC0, 0xF3, 0x0F, 0x7F, 0x45, 0x8F, 0x49, 0x8B,
	0x4C, 0x24, 0x08, 0x48, 0x85, 0xC9, 0x74, 0x10, 0x49, 0x8B, 0x04, 0x24,
	0x48, 0x89, 0x45, 0x8F, 0x48, 0x89, 0x4D, 0x97, 0xF0, 0xFF, 0x41, 0x0C,
	0x48, 0x8D, 0x55, 0x8F, 0x49, 0x8B, 0x0C, 0x24, 0xE8, 0x93, 0x67, 0xFF,
	0xFF, 0x90, 0x48, 0x8B, 0x75, 0xA7, 0x48, 0x85, 0xF6, 0x74, 0x2C, 0x41,
	0x8B, 0xC6, 0xF0, 0x0F, 0xC1, 0x46, 0x08, 0x83, 0xF8, 0x01, 0x75, 0x1F,
	0x48, 0x8B, 0x06, 0x48, 0x8B, 0xCE, 0xFF, 0x10, 0x41, 0x8B, 0xC6, 0xF0,
	0x0F, 0xC1, 0x46, 0x0C, 0x83, 0xF8, 0x01, 0x75, 0x0A, 0x48, 0x8B, 0x06,
	0x48, 0x8B, 0xCE, 0xFF, 0x50, 0x08, 0x90, 0x48, 0x85, 0xFF, 0x74, 0x16,
	0xF0, 0x44, 0x0F, 0xC1, 0x77, 0x08, 0x41, 0x83, 0xFE, 0x01, 0x75, 0x0A,
	0x48, 0x8B, 0x07, 0x48, 0x8B, 0xCF, 0xFF, 0x50, 0x08, 0x90, 0x0F, 0x57,
	0xC0, 0x45, 0x33, 0xF6, 0x45, 0x38, 0x75, 0x30, 0x74, 0x74, 0x49, 0x8B,
	0x4D, 0x38, 0x48, 0x89, 0x4D, 0xB7, 0xF3, 0x0F, 0x7F, 0x45, 0xBF, 0x4C,
	0x89, 0x75, 0xCF, 0x49, 0x8B, 0x55, 0x48, 0x49, 0x2B, 0x55, 0x40, 0x48,
	0xC1, 0xFA, 0x03, 0x48, 0x85, 0xD2, 0x74, 0x46, 0x48, 0xB8, 0xFF, 0xFF,
	0xFF, 0xFF, 0xFF, 0xFF, 0xFF, 0x1F, 0x48, 0x3B, 0xD0, 0x0F, 0x87, 0x4F,
	0x01, 0x00, 0x00, 0x48, 0x8D, 0x4D, 0xBF, 0xE8, 0x18, 0xFD, 0xFF, 0xFF,
	0x49, 0x8B, 0x55, 0x40, 0x49, 0x8B, 0x75, 0x48, 0x48, 0x2B, 0xF2, 0x4C,
	0x8B, 0xC6, 0x48, 0x8B, 0x7D, 0xBF, 0x48, 0x8B, 0xCF, 0xE8, 0x15, 0x20,
	0x00, 0x00, 0x48, 0xC1, 0xFE, 0x03, 0x48, 0x8D, 0x04, 0xF7, 0x48, 0x89,
	0x45, 0xC7, 0x48, 0x8B, 0x4D, 0xB7, 0x41, 0xBF, 0x01, 0x00, 0x00, 0x00,
	0x4C, 0x8D, 0x45, 0xBF, 0xEB, 0x20, 0x48, 0x8B, 0x4D, 0x5F, 0x0F, 0x11,
	0x45, 0xD7, 0x0F, 0x11, 0x45, 0xE7, 0x0F, 0x57, 0xC9, 0xF3, 0x0F, 0x7F,
	0x4D, 0xDF, 0x4C, 0x89, 0x75, 0xEF, 0x48, 0x89, 0x4D, 0xD7, 0x4C, 0x8D,
	0x45, 0xDF, 0x44, 0x89, 0x7D, 0x87, 0x49, 0x8B, 0x04, 0x24, 0x48, 0x89,
	0x88, 0x40, 0x01, 0x00, 0x00, 0x48, 0x8D, 0x88, 0x48, 0x01, 0x00, 0x00,
	0x49, 0x3B, 0xC8, 0x74, 0x14, 0x49, 0x8B, 0x10, 0x4D, 0x8B, 0x40, 0x08,
	0x4C, 0x2B, 0xC2, 0x49, 0xC1, 0xF8, 0x03, 0xE8, 0x84, 0xCE, 0xFF, 0xFF,
	0x90, 0x41, 0xF6, 0xC7, 0x02, 0x74, 0x0E, 0x41, 0x83, 0xE7, 0xFD, 0x48,
	0x8D, 0x4D, 0xDF, 0xE8, 0x60, 0xB6, 0xFF, 0xFF, 0x90, 0x41, 0xF6, 0xC7,
	0x01, 0x74, 0x09, 0x48, 0x8D, 0x4D, 0xBF, 0xE8, 0x50, 0xB6, 0xFF, 0xFF,
	0x49, 0x8B, 0x04, 0x24, 0xC6, 0x40, 0x0C, 0x00, 0x49, 0x8B, 0x04, 0x24,
	0xC6, 0x40, 0x0D, 0x00, 0x49, 0x8B, 0x0C, 0x24, 0x48, 0x81, 0xC1, 0x60,
	0x01, 0x00, 0x00, 0x33, 0xD2, 0xFF, 0x15, 0xFD, 0x42, 0x00, 0x00, 0xB9,
	0x20, 0x00, 0x00, 0x00, 0xE8, 0x6B, 0x0F, 0x00, 0x00, 0x48, 0x89, 0x45,
	0x8F, 0x48, 0x8D, 0x0D, 0x20, 0x77, 0x00, 0x00, 0x48, 0x89, 0x08, 0x4C,
	0x89, 0x70, 0x08, 0x4C, 0x89, 0x70, 0x10, 0x49, 0x8B, 0x4C, 0x24, 0x08,
	0x48, 0x85, 0xC9, 0x74, 0x04, 0xF0, 0xFF, 0x41, 0x08, 0x49, 0x8B, 0x0C,
	0x24, 0x48, 0x89, 0x48, 0x08, 0x49, 0x8B, 0x4C, 0x24, 0x08, 0x48, 0x89,
	0x48, 0x10, 0x48, 0x8D, 0x0D, 0xBF, 0x79, 0x00, 0x00, 0x48, 0x89, 0x08,
	0x48, 0x89, 0x58, 0x18, 0x45, 0x33, 0xC0, 0x48, 0x8B, 0xD0, 0x49, 0x8B,
	0x0C, 0x24, 0xE8, 0x51, 0x67, 0xFF, 0xFF, 0x90, 0x49, 0x8B, 0xC4, 0x48,
	0x8B, 0x9C, 0x24, 0x08, 0x01, 0x00, 0x00, 0x48, 0x81, 0xC4, 0xC0, 0x00,
	0x00, 0x00, 0x41, 0x5F, 0x41, 0x5E, 0x41, 0x5D, 0x41, 0x5C, 0x5F, 0x5E,
	0x5D, 0xC3, 0xE8, 0xFD, 0xF5, 0xFF, 0xFF, 0x90, 0xCC, 0xCC, 0xCC, 0xCC,
	0xCC, 0xCC, 0xCC, 0xCC, 0xCC, 0xCC, 0xCC, 0xCC, 0x48, 0x89, 0x5C, 0x24,
	0x10, 0x55, 0x56, 0x57, 0x41, 0x54, 0x41, 0x55, 0x41, 0x56, 0x41, 0x57,
	0x48, 0x8D, 0x6C, 0x24, 0xD9, 0x48, 0x81, 0xEC, 0xC0, 0x00, 0x00, 0x00,
	0x4D, 0x8B, 0xE8, 0x48, 0x8B, 0xDA, 0x4C, 0x8B, 0xE1, 0x48, 0x89, 0x4D,
	0x0F, 0x33, 0xC0, 0x89, 0x45, 0x87, 0x48, 0x89, 0x01, 0x48, 0x89, 0x41,
	0x08, 0x0F, 0x57, 0xC0, 0xF3, 0x0F, 0x7F, 0x45, 0x9F, 0x49, 0x8B, 0x40,
	0x08, 0x48, 0x85, 0xC0, 0x74, 0x04, 0xF0, 0xFF, 0x40, 0x08, 0x49, 0x8B,
	0x00, 0x48, 0x89, 0x45, 0x9F, 0x49, 0x8B, 0x48, 0x08, 0x48, 0x89, 0x4D,
	0xA7, 0x49, 0x8B, 0x40, 0x10, 0x48, 0x89, 0x45, 0xAF, 0x48, 0x8D, 0x45,
	0x9F, 0x48, 0x89, 0x45, 0x17, 0x49, 0x8B, 0x78, 0x18, 0x48, 0x85, 0xFF,
	0x74, 0x08, 0xF0, 0xFF, 0x47, 0x08, 0x48, 0x8B, 0x4D, 0xA7, 0x48, 0x89,
	0x7D, 0x1F, 0x48, 0x8B, 0xC7, 0x41, 0xBF, 0x02, 0x00, 0x00, 0x00, 0x48,
	0x85, 0xFF, 0x49, 0x0F, 0x44, 0xC7, 0x48, 0x89, 0x45, 0x87, 0xF3, 0x0F,
	0x7F, 0x45, 0xF7, 0x48, 0x85, 0xC9, 0x74, 0x04, 0xF0, 0xFF, 0x41, 0x08,
	0x0F, 0x10, 0x45, 0x9F, 0x0F, 0x11, 0x45, 0xF7, 0xF2, 0x0F, 0x10, 0x4D,
	0xAF, 0xF2, 0x0F, 0x11, 0x4D, 0x07, 0x4C, 0x8D, 0x45, 0xF7, 0x48, 0x8B,
	0xD0, 0x48, 0x8D, 0x4D, 0x8F, 0xE8, 0x5E, 0xD2, 0xFF, 0xFF, 0x48, 0x8B,
	0xD0, 0x49, 0x8B, 0xCC, 0xE8, 0x33, 0xD1, 0xFF, 0xFF, 0x41, 0xBE, 0xFF,
	0xFF, 0xFF, 0xFF, 0x48, 0x8B, 0x75, 0x97, 0x48, 0x85, 0xF6, 0x74, 0x2B,
	0x41, 0x8B, 0xC6, 0xF0, 0x0F, 0xC1, 0x46, 0x08, 0x83, 0xF8, 0x01, 0x75,
	0x1E, 0x48, 0x8B, 0x06, 0x48, 0x8B, 0xCE, 0xFF, 0x10, 0x41, 0x8B, 0xC6,
	0xF0, 0x0F, 0xC1, 0x46, 0x0C, 0x83, 0xF8, 0x01, 0x75, 0x09, 0x48, 0x8B,
	0x06, 0x48, 0x8B, 0xCE, 0xFF, 0x50, 0x08, 0x48, 0x83, 0x7D, 0x87, 0x02,
	0x74, 0x30, 0x0F, 0x57, 0xC0, 0xF3, 0x0F, 0x7F, 0x45, 0x8F, 0x49, 0x8B,
	0x4C, 0x24, 0x08, 0x48, 0x85, 0xC9, 0x74, 0x10, 0x49, 0x8B, 0x04, 0x24,
	0x48, 0x89, 0x45, 0x8F, 0x48, 0x89, 0x4D, 0x97, 0xF0, 0xFF, 0x41, 0x0C,
	0x48, 0x8D, 0x55, 0x8F, 0x49, 0x8B, 0x0C, 0x24, 0xE8, 0x63, 0x64, 0xFF,
	0xFF, 0x90, 0x48, 0x8B, 0x75, 0xA7, 0x48, 0x85, 0xF6, 0x74, 0x2C, 0x41,
	0x8B, 0xC6, 0xF0, 0x0F, 0xC1, 0x46, 0x08, 0x83, 0xF8, 0x01, 0x75, 0x1F,
	0x48, 0x8B, 0x06, 0x48, 0x8B, 0xCE, 0xFF, 0x10, 0x41, 0x8B, 0xC6, 0xF0,
	0x0F, 0xC1, 0x46, 0x0C, 0x83, 0xF8, 0x01, 0x75, 0x0A, 0x48, 0x8B, 0x06,
	0x48, 0x8B, 0xCE, 0xFF, 0x50, 0x08, 0x90, 0x48, 0x85, 0xFF, 0x74, 0x16,
	0xF0, 0x44, 0x0F, 0xC1, 0x77, 0x08, 0x41, 0x83, 0xFE, 0x01, 0x75, 0x0A,
	0x48, 0x8B, 0x07, 0x48, 0x8B, 0xCF, 0xFF, 0x50, 0x08, 0x90, 0x0F, 0x57,
	0xC0, 0x45, 0x33, 0xF6, 0x45, 0x38, 0x75, 0x30, 0x74, 0x74, 0x49, 0x8B,
	0x4D, 0x38, 0x48, 0x89, 0x4D, 0xB7, 0xF3, 0x0F, 0x7F, 0x45, 0xBF, 0x4C,
	0x89, 0x75, 0xCF, 0x49, 0x8B, 0x55, 0x48, 0x49, 0x2B, 0x55, 0x40, 0x48,
	0xC1, 0xFA, 0x03, 0x48, 0x85, 0xD2, 0x74, 0x46, 0x48, 0xB8, 0xFF, 0xFF,
	0xFF, 0xFF, 0xFF, 0xFF, 0xFF, 0x1F, 0x48, 0x3B, 0xD0, 0x0F, 0x87, 0x4F,
	0x01, 0x00, 0x00, 0x48, 0x8D, 0x4D, 0xBF, 0xE8, 0xE8, 0xF9, 0xFF, 0xFF,
	0x49, 0x8B, 0x55, 0x40, 0x49, 0x8B, 0x75, 0x48, 0x48, 0x2B, 0xF2, 0x4C,
	0x8B, 0xC6, 0x48, 0x8B, 0x7D, 0xBF, 0x48, 0x8B, 0xCF, 0xE8, 0xE5, 0x1C,
	0x00, 0x00, 0x48, 0xC1, 0xFE, 0x03, 0x48, 0x8D, 0x04, 0xF7, 0x48, 0x89,
	0x45, 0xC7, 0x48, 0x8B, 0x4D, 0xB7, 0x41, 0xBF, 0x01, 0x00, 0x00, 0x00,
	0x4C, 0x8D, 0x45, 0xBF, 0xEB, 0x20, 0x48, 0x8B, 0x4D, 0x5F, 0x0F, 0x11,
	0x45, 0xD7, 0x0F, 0x11, 0x45, 0xE7, 0x0F, 0x57, 0xC9, 0xF3, 0x0F, 0x7F,
	0x4D, 0xDF, 0x4C, 0x89, 0x75, 0xEF, 0x48, 0x89, 0x4D, 0xD7, 0x4C, 0x8D,
	0x45, 0xDF, 0x44, 0x89, 0x7D, 0x87, 0x49, 0x8B, 0x04, 0x24, 0x48, 0x89,
	0x88, 0x40, 0x01, 0x00, 0x00, 0x48, 0x8D, 0x88, 0x48, 0x01, 0x00, 0x00,
	0x49, 0x3B, 0xC8, 0x74, 0x14, 0x49, 0x8B, 0x10, 0x4D, 0x8B, 0x40, 0x08,
	0x4C, 0x2B, 0xC2, 0x49, 0xC1, 0xF8, 0x03, 0xE8, 0x54, 0xCB, 0xFF, 0xFF,
	0x90, 0x41, 0xF6, 0xC7, 0x02, 0x74, 0x0E, 0x41, 0x83, 0xE7, 0xFD, 0x48,
	0x8D, 0x4D, 0xDF, 0xE8, 0x30, 0xB3, 0xFF, 0xFF, 0x90, 0x41, 0xF6, 0xC7,
	0x01, 0x74, 0x09, 0x48, 0x8D, 0x4D, 0xBF, 0xE8, 0x20, 0xB3, 0xFF, 0xFF,
	0x49, 0x8B, 0x04, 0x24, 0xC6, 0x40, 0x0C, 0x00, 0x49, 0x8B, 0x04, 0x24,
	0xC6, 0x40, 0x0D, 0x00, 0x49, 0x8B, 0x0C, 0x24, 0x48, 0x81, 0xC1, 0x60,
	0x01, 0x00, 0x00, 0x33, 0xD2, 0xFF, 0x15, 0xCD, 0x3F, 0x00, 0x00, 0xB9,
	0x20, 0x00, 0x00, 0x00, 0xE8, 0x3B, 0x0C, 0x00, 0x00, 0x48, 0x89, 0x45,
	0x8F, 0x48, 0x8D, 0x0D, 0x88, 0x77, 0x00, 0x00, 0x48, 0x89, 0x08, 0x4C,
	0x89, 0x70, 0x08, 0x4C, 0x89, 0x70, 0x10, 0x49, 0x8B, 0x4C, 0x24, 0x08,
	0x48, 0x85, 0xC9, 0x74, 0x04, 0xF0, 0xFF, 0x41, 0x08, 0x49, 0x8B, 0x0C,
	0x24, 0x48, 0x89, 0x48, 0x08, 0x49, 0x8B, 0x4C, 0x24, 0x08, 0x48, 0x89,
	0x48, 0x10, 0x48, 0x8D, 0x0D, 0xB7, 0x75, 0x00, 0x00, 0x48, 0x89, 0x08,
	0x48, 0x89, 0x58, 0x18, 0x45, 0x33, 0xC0, 0x48, 0x8B, 0xD0, 0x49, 0x8B,
	0x0C, 0x24, 0xE8, 0x21, 0x64, 0xFF, 0xFF, 0x90, 0x49, 0x8B, 0xC4, 0x48,
	0x8B, 0x9C, 0x24, 0x08, 0x01, 0x00, 0x00, 0x48, 0x81, 0xC4, 0xC0, 0x00,
	0x00, 0x00, 0x41, 0x5F, 0x41, 0x5E, 0x41, 0x5D, 0x41, 0x5C, 0x5F, 0x5E,
	0x5D, 0xC3, 0xE8, 0xCD, 0xF2, 0xFF, 0xFF, 0x90, 0xCC, 0xCC, 0xCC, 0xCC,
	0xCC, 0xCC, 0xCC, 0xCC, 0xCC, 0xCC, 0xCC, 0xCC, 0x48, 0x8B, 0x09, 0x48,
	0x85, 0xC9, 0x74, 0x0A, 0xBA, 0x30, 0x00, 0x00, 0x00, 0xE9, 0xEA, 0x0E,
	0x00, 0x00, 0xC3, 0xCC, 0xCC, 0xCC, 0xCC, 0xCC, 0xCC, 0xCC, 0xCC, 0xCC,
	0xCC, 0xCC, 0xCC, 0xCC, 0x48, 0x89, 0x5C, 0x24, 0x10, 0x48, 0x89, 0x74,
	0x24, 0x18, 0x57, 0x48, 0x83, 0xEC, 0x20, 0x48, 0x8B, 0xF1, 0x0F, 0xB6,
	0xFA, 0x48, 0x83, 0xC1, 0x28, 0xE8, 0xD2, 0xCC, 0xFF, 0xFF, 0x48, 0x8D,
	0x4E, 0x08, 0xE8, 0x19, 0xD1, 0xFF, 0xFF, 0x40, 0x84, 0xFF, 0x74, 0x0D,
	0xBA, 0x48, 0x00, 0x00, 0x00, 0x48, 0x8B, 0xCE, 0xE8, 0xA3, 0x0E, 0x00,
	0x00, 0x48, 0x8B, 0x5C, 0x24, 0x38, 0x48, 0x8B, 0x74, 0x24, 0x40, 0x48,
	0x83, 0xC4, 0x20, 0x5F, 0xC3, 0xCC, 0xCC, 0xCC, 0xCC, 0xCC, 0xCC, 0xCC,
	0x48, 0x8D, 0x05, 0x89, 0xD0, 0x00, 0x00, 0xC3, 0xCC, 0xCC, 0xCC, 0xCC,
	0xCC, 0xCC, 0xCC, 0xCC, 0x48, 0x83, 0xC1, 0x08, 0xE9, 0x87, 0x9F, 0xFF,
	0xFF, 0xCC, 0xCC, 0xCC, 0xCC, 0xCC, 0xCC, 0xCC, 0x48, 0x83, 0xEC, 0x28,
	0x48, 0x83, 0xC1, 0x08, 0xE8, 0x73, 0x00, 0x00, 0x00, 0xCC, 0xCC, 0xCC,
	0x48, 0x89, 0x5C, 0x24, 0x10, 0x57, 0x48, 0x83, 0xEC, 0x20, 0x48, 0x8B,
	0xF9, 0x0F, 0xB6, 0xDA, 0x48, 0x83, 0xC1, 0x08, 0xE8, 0xA7, 0xD0, 0xFF,
	0xFF, 0x84, 0xDB, 0x74, 0x0D, 0xBA, 0x30, 0x00, 0x00, 0x00, 0x48, 0x8B,
	0xCF, 0xE8, 0x32, 0x0E, 0x00, 0x00, 0x48, 0x8B, 0x5C, 0x24, 0x38, 0x48,
	0x83, 0xC4, 0x20, 0x5F, 0xC3, 0xCC, 0xCC, 0xCC, 0xCC, 0xCC, 0xCC, 0xCC,
	0xCC, 0xCC, 0xCC, 0xCC, 0x48, 0x8D, 0x05, 0x19, 0xCF, 0x00, 0x00, 0xC3,
	0xCC, 0xCC, 0xCC, 0xCC, 0xCC, 0xCC, 0xCC, 0xCC, 0x48, 0x83, 0xC1, 0x08,
	0xE9, 0xF7, 0x9A, 0xFF, 0xFF, 0xCC, 0xCC, 0xCC, 0xCC, 0xCC, 0xCC, 0xCC,
	0x48, 0x83, 0xEC, 0x28, 0x48, 0x83, 0xC1, 0x08, 0xE8, 0x33, 0x00, 0x00,
	0x00, 0xCC, 0xCC, 0xCC, 0x40, 0x53, 0x48, 0x83, 0xEC, 0x20, 0x48, 0x8B,
	0xD9, 0xB9, 0x48, 0x00, 0x00, 0x00, 0xE8, 0xDD, 0xE9, 0xFF, 0xFF, 0x48,
	0x89, 0x44, 0x24, 0x38, 0x48, 0x8B, 0xD0, 0xE8, 0x50, 0x4F, 0xFF, 0xFF,
	0x48, 0x8B, 0xC8, 0x48, 0x8B, 0xD3, 0xE8, 0x15, 0x05, 0x00, 0x00, 0xCC,
	0xCC, 0xCC, 0xCC, 0xCC, 0x40, 0x53, 0x48, 0x83, 0xEC, 0x20, 0x48, 0x8B,
	0xD9, 0xB9, 0x30, 0x00, 0x00, 0x00, 0xE8, 0xAD, 0xE9, 0xFF, 0xFF, 0x48,
	0x89, 0x44, 0x24, 0x38, 0x48, 0x8B, 0xD0, 0xE8, 0x20, 0x4F, 0xFF, 0xFF,
	0x48, 0x8B, 0xC8, 0x48, 0x8B, 0xD3, 0xE8, 0x05, 0x05, 0x00, 0x00, 0xCC,
	0xCC, 0xCC, 0xCC, 0xCC, 0x48, 0x89, 0x5C, 0x24, 0x10, 0x48, 0x89, 0x74,
	0x24, 0x18, 0x48, 0x89, 0x7C, 0x24, 0x20, 0x41, 0x56, 0x48, 0x81, 0xEC,
	0xE0, 0x00, 0x00, 0x00, 0x48, 0x8B, 0xD9, 0x48, 0x89, 0x4C, 0x24, 0x30,
	0x48, 0x8D, 0x79, 0x08, 0x48, 0x89, 0x7C, 0x24, 0x38, 0x48, 0x8B, 0x0F,
	0xE8, 0xEF, 0x04, 0x00, 0x00, 0x84, 0xC0, 0x75, 0x1F, 0x48, 0x8B, 0x0F,
	0x48, 0x8D, 0x51, 0x10, 0x48, 0x8B, 0x01, 0x48, 0x89, 0x54, 0x24, 0x20,
	0x45, 0x33, 0xC9, 0x45, 0x33, 0xC0, 0xB2, 0x01, 0xFF, 0x50, 0x08, 0xE9,
	0xB9, 0x00, 0x00, 0x00, 0x48, 0x8D, 0x05, 0xC5, 0x71, 0x00, 0x00, 0x48,
	0x89, 0x44, 0x24, 0x58, 0x48, 0x8B, 0x43, 0x18, 0x48, 0x89, 0x44, 0x24,
	0x60, 0x48, 0x8D, 0x44, 0x24, 0x58, 0x48, 0x89, 0x84, 0x24, 0x90, 0x00,
	0x00, 0x00, 0x48, 0x8D, 0x54, 0x24, 0x58, 0x48, 0x8D, 0x8C, 0x24, 0x98,
	0x00, 0x00, 0x00, 0xE8, 0x08, 0x68, 0xFF, 0xFF, 0x48, 0x8B, 0xF0, 0x48,
	0x89, 0x44, 0x24, 0x50, 0x48, 0x8B, 0x1F, 0x48, 0x81, 0xC3, 0x60, 0x01,
	0x00, 0x00, 0x48, 0x89, 0x5C, 0x24, 0x40, 0x48, 0x8B, 0xCB, 0xFF, 0x15,
	0x48, 0x3D, 0x00, 0x00, 0x90, 0x48, 0x8B, 0x4E, 0x38, 0x48, 0x85, 0xC9,
	0x75, 0x06, 0xFF, 0x15, 0x08, 0x3C, 0x00, 0x00, 0x48, 0x8B, 0x01, 0xFF,
	0x50, 0x10, 0x44, 0x0F, 0xB6, 0xF0, 0x48, 0x8B, 0xCB, 0xFF, 0x15, 0x2D,
	0x3D, 0x00, 0x00, 0x90, 0x48, 0x8B, 0x4E, 0x38, 0x48, 0x85, 0xC9, 0x74,
	0x14, 0x48, 0x3B, 0xCE, 0x0F, 0x95, 0xC2, 0x48, 0x8B, 0x01, 0xFF, 0x50,
	0x20, 0x48, 0xC7, 0x46, 0x38, 0x00, 0x00, 0x00, 0x00, 0x41, 0x0F, 0xB6,
	0xD6, 0x48, 0x8B, 0x0F, 0xE8, 0xEB, 0xCC, 0xFF, 0xFF, 0x90, 0xEB, 0x05,
	0x48, 0x8B, 0x7C, 0x24, 0x38, 0x48, 0x8B, 0x0F, 0x48, 0x81, 0xC1, 0x60,
	0x01, 0x00, 0x00, 0xFF, 0x15, 0xDB, 0x3C, 0x00, 0x00, 0x4C, 0x8D, 0x9C,
	0x24, 0xE0, 0x00, 0x00, 0x00, 0x49, 0x8B, 0x5B, 0x18, 0x49, 0x8B, 0x73,
	0x20, 0x49, 0x8B, 0x7B, 0x28, 0x49, 0x8B, 0xE3, 0x41, 0x5E, 0xC3, 0xEB,
	0xCF, 0xCC, 0xCC, 0xCC, 0xCC, 0xCC, 0xCC, 0xCC, 0x48, 0x89, 0x5C, 0x24,
	0x08, 0x48, 0x89, 0x74, 0x24, 0x10, 0x57, 0x48, 0x83, 0xEC, 0x20, 0x48,
	0x8B, 0xF9, 0x48, 0x8D, 0x05, 0x57, 0x74, 0x00, 0x00, 0x48, 0x89, 0x01,
	0x48, 0x8B, 0x49, 0x08, 0x48, 0x81, 0xC1, 0x60, 0x01, 0x00, 0x00, 0xFF,
	0x15, 0x83, 0x3C, 0x00, 0x00, 0x48, 0x8B, 0x5F, 0x10, 0x48, 0x85, 0xDB,
	0x74, 0x2C, 0xBE, 0xFF, 0xFF, 0xFF, 0xFF, 0x8B, 0xC6, 0xF0, 0x0F, 0xC1,
	0x43, 0x08, 0x83, 0xF8, 0x01, 0x75, 0x1B, 0x48, 0x8B, 0x03, 0x48, 0x8B,
	0xCB, 0xFF, 0x10, 0xF0, 0x0F, 0xC1, 0x73, 0x0C, 0x83, 0xFE, 0x01, 0x75,
	0x09, 0x48, 0x8B, 0x03, 0x48, 0x8B, 0xCB, 0xFF, 0x50, 0x08, 0x48, 0x8D,
	0x05, 0x7F, 0x72, 0x00, 0x00, 0x48, 0x89, 0x07, 0x48, 0x8B, 0x5C, 0x24,
	0x30, 0x48, 0x8B, 0x74, 0x24, 0x38, 0x48, 0x83, 0xC4, 0x20, 0x5F, 0xC3,
	0xCC, 0xCC, 0xCC, 0xCC, 0x48, 0x89, 0x5C, 0x24, 0x10, 0x48, 0x89, 0x74,
	0x24, 0x18, 0x48, 0x89, 0x7C, 0x24, 0x20, 0x41, 0x56, 0x48, 0x81, 0xEC,
	0xE0, 0x00, 0x00, 0x00, 0x48, 0x8B, 0xD9, 0x48, 0x89, 0x4C, 0x24, 0x30,
	0x48, 0x8D, 0x79, 0x08, 0x48, 0x89, 0x7C, 0x24, 0x38, 0x48, 0x8B, 0x0F,
	0xE8, 0x3F, 0x03, 0x00, 0x00, 0x84, 0xC0, 0x75, 0x1F, 0x48, 0x8B, 0x0F,
	0x48, 0x8D, 0x51, 0x10, 0x48, 0x8B, 0x01, 0x48, 0x89, 0x54, 0x24, 0x20,
	0x45, 0x33, 0xC9, 0x45, 0x33, 0xC0, 0xB2, 0x01, 0xFF, 0x50, 0x08, 0xE9,
	0xB9, 0x00, 0x00, 0x00, 0x48, 0x8D, 0x05, 0x5D, 0x71, 0x00, 0x00, 0x48,
	0x89, 0x44, 0x24, 0x58, 0x48, 0x8B, 0x43, 0x18, 0x48, 0x89, 0x44, 0x24,
	0x60, 0x48, 0x8D, 0x44, 0x24, 0x58, 0x48, 0x89, 0x84, 0x24, 0x90, 0x00,
	0x00, 0x00, 0x48, 0x8D, 0x54, 0x24, 0x58, 0x48, 0x8D, 0x8C, 0x24, 0x98,
	0x00, 0x00, 0x00, 0xE8, 0x58, 0x66, 0xFF, 0xFF, 0x48, 0x8B, 0xF0, 0x48,
	0x89, 0x44, 0x24, 0x50, 0x48, 0x8B, 0x1F, 0x48, 0x81, 0xC3, 0x60, 0x01,
	0x00, 0x00, 0x48, 0x89, 0x5C, 0x24, 0x40, 0x48, 0x8B, 0xCB, 0xFF, 0x15,
	0x98, 0x3B, 0x00, 0x00, 0x90, 0x48, 0x8B, 0x4E, 0x38, 0x48, 0x85, 0xC9,
	0x75, 0x06, 0xFF, 0x15, 0x58, 0x3A, 0x00, 0x00, 0x48, 0x8B, 0x01, 0xFF,
	0x50, 0x10, 0x44, 0x0F, 0xB6, 0xF0, 0x48, 0x8B, 0xCB, 0xFF, 0x15, 0x7D,
	0x3B, 0x00, 0x00, 0x90, 0x48, 0x8B, 0x4E, 0x38, 0x48, 0x85, 0xC9, 0x74,
	0x14, 0x48, 0x3B, 0xCE, 0x0F, 0x95, 0xC2, 0x48, 0x8B, 0x01, 0xFF, 0x50,
	0x20, 0x48, 0xC7, 0x46, 0x38, 0x00, 0x00, 0x00, 0x00, 0x41, 0x0F, 0xB6,
	0xD6, 0x48, 0x8B, 0x0F, 0xE8, 0x3B, 0xCB, 0xFF, 0xFF, 0x90, 0xEB, 0x05,
	0x48, 0x8B, 0x7C, 0x24, 0x38, 0x48, 0x8B, 0x0F, 0x48, 0x81, 0xC1, 0x60,
	0x01, 0x00, 0x00, 0xFF, 0x15, 0x2B, 0x3B, 0x00, 0x00, 0x4C, 0x8D, 0x9C,
	0x24, 0xE0, 0x00, 0x00, 0x00, 0x49, 0x8B, 0x5B, 0x18, 0x49, 0x8B, 0x73,
	0x20, 0x49, 0x8B, 0x7B, 0x28, 0x49, 0x8B, 0xE3, 0x41, 0x5E, 0xC3, 0xEB,
	0xCF, 0xCC, 0xCC, 0xCC, 0xCC, 0xCC, 0xCC, 0xCC, 0x48, 0x89, 0x5C, 0x24,
	0x08, 0x48, 0x89, 0x74, 0x24, 0x10, 0x57, 0x48, 0x83, 0xEC, 0x20, 0x48,
	0x8B, 0xF9, 0x48, 0x8D, 0x05, 0x0F, 0x6F, 0x00, 0x00, 0x48, 0x89, 0x01,
	0x48, 0x8B, 0x49, 0x08, 0x48, 0x81, 0xC1, 0x60, 0x01, 0x00, 0x00, 0xFF,
	0x15, 0xD3, 0x3A, 0x00, 0x00, 0x48, 0x8B, 0x5F, 0x10, 0x48, 0x85, 0xDB,
	0x74, 0x2C, 0xBE, 0xFF, 0xFF, 0xFF, 0xFF, 0x8B, 0xC6, 0xF0, 0x0F, 0xC1,
	0x43, 0x08, 0x83, 0xF8, 0x01, 0x75, 0x1B, 0x48, 0x8B, 0x03, 0x48, 0x8B,
	0xCB, 0xFF, 0x10, 0xF0, 0x0F, 0xC1, 0x73, 0x0C, 0x83, 0xFE, 0x01, 0x75,
	0x09, 0x48, 0x8B, 0x03, 0x48, 0x8B, 0xCB, 0xFF, 0x50, 0x08, 0x48, 0x8D,
	0x05, 0xCF, 0x70, 0x00, 0x00, 0x48, 0x89, 0x07, 0x48, 0x8B, 0x5C, 0x24,
	0x30, 0x48, 0x8B, 0x74, 0x24, 0x38, 0x48, 0x83, 0xC4, 0x20, 0x5F, 0xC3,
	0xCC, 0xCC, 0xCC, 0xCC, 0x48, 0x89, 0x5C, 0x24, 0x10, 0x57, 0x48, 0x83,
	0xEC, 0x20, 0x48, 0x8B, 0xDA, 0x48, 0x8B, 0xF9, 0xE8, 0xDB, 0xBB, 0xFF,
	0xFF, 0x48, 0x8B, 0x43, 0x20, 0x48, 0x8B, 0x5C, 0x24, 0x38, 0x48, 0x89,
	0x47, 0x20, 0x48, 0x8B, 0xC7, 0x48, 0x83, 0xC4, 0x20, 0x5F, 0xC3, 0xCC,
	0xCC, 0xCC, 0xCC, 0xCC, 0x48, 0x89, 0x5C, 0x24, 0x10, 0x48, 0x89, 0x4C,
	0x24, 0x08, 0x57, 0x48, 0x83, 0xEC, 0x20, 0x48, 0x8B, 0xDA, 0x48, 0x8B,
	0xF9, 0x48, 0x89, 0x4C, 0x24, 0x30, 0xE8, 0xA1, 0xBB, 0xFF, 0xFF, 0x90,
	0x48, 0x8D, 0x53, 0x20, 0x48, 0x8D, 0x4F, 0x20, 0xE8, 0xA3, 0xB1, 0xFF,
	0xFF, 0x90, 0x48, 0x8B, 0x43, 0x38, 0x48, 0x89, 0x47, 0x38, 0x48, 0x8B,
	0xC7, 0x48, 0x8B, 0x5C, 0x24, 0x38, 0x48, 0x83, 0xC4, 0x20, 0x5F, 0xC3,
	0xCC, 0xCC, 0xCC, 0xCC, 0xCC, 0xCC, 0xCC, 0xCC, 0xCC, 0xCC, 0xCC, 0xCC,
	0x48, 0x89, 0x5C, 0x24, 0x08, 0x57, 0x48, 0x83, 0xEC, 0x20, 0x8B, 0xDA,
	0x48, 0x8B, 0xF9, 0xE8, 0x3C, 0xFD, 0xFF, 0xFF, 0xF6, 0xC3, 0x01, 0x74,
	0x0D, 0xBA, 0x18, 0x00, 0x00, 0x00, 0x48, 0x8B, 0xCF, 0xE8, 0x86, 0x09,
	0x00, 0x00, 0x48, 0x8B, 0x5C, 0x24, 0x30, 0x48, 0x8B, 0xC7, 0x48, 0x83,
	0xC4, 0x20, 0x5F, 0xC3, 0xCC, 0xCC, 0xCC, 0xCC, 0xCC, 0xCC, 0xCC, 0xCC,
	0xCC, 0xCC, 0xCC, 0xCC, 0x48, 0x89, 0x5C, 0x24, 0x08, 0x57, 0x48, 0x83,
	0xEC, 0x20, 0x48, 0x8D, 0x05, 0xCF, 0x6F, 0x00, 0x00, 0x8B, 0xDA, 0x48,
	0x89, 0x01, 0x48, 0x8B, 0xF9, 0xE8, 0xF2, 0xFC, 0xFF, 0xFF, 0xF6, 0xC3,
	0x01, 0x74, 0x0D, 0xBA, 0x20, 0x00, 0x00, 0x00, 0x48, 0x8B, 0xCF, 0xE8,
	0x3C, 0x09, 0x00, 0x00, 0x48, 0x8B, 0x5C, 0x24, 0x30, 0x48, 0x8B, 0xC7,
	0x48, 0x83, 0xC4, 0x20, 0x5F, 0xC3, 0xCC, 0xCC, 0x48, 0x89, 0x5C, 0x24,
	0x08, 0x57, 0x48, 0x83, 0xEC, 0x20, 0x8B, 0xDA, 0x48, 0x8B, 0xF9, 0xE8,
	0x6C, 0xFE, 0xFF, 0xFF, 0xF6, 0xC3, 0x01, 0x74, 0x0D, 0xBA, 0x18, 0x00,
	0x00, 0x00, 0x48, 0x8B, 0xCF, 0xE8, 0x06, 0x09, 0x00, 0x00, 0x48, 0x8B,
	0x5C, 0x24, 0x30, 0x48, 0x8B, 0xC7, 0x48, 0x83, 0xC4, 0x20, 0x5F, 0xC3,
	0xCC, 0xCC, 0xCC, 0xCC, 0xCC, 0xCC, 0xCC, 0xCC, 0xCC, 0xCC, 0xCC, 0xCC,
	0x48, 0x89, 0x5C, 0x24, 0x08, 0x57, 0x48, 0x83, 0xEC, 0x20, 0x48, 0x8D,
	0x05, 0x27, 0x70, 0x00, 0x00, 0x8B, 0xDA, 0x48, 0x89, 0x01, 0x48, 0x8B,
	0xF9, 0xE8, 0x22, 0xFE, 0xFF, 0xFF, 0xF6, 0xC3, 0x01, 0x74, 0x0D, 0xBA,
	0x20, 0x00, 0x00, 0x00, 0x48, 0x8B, 0xCF, 0xE8, 0xBC, 0x08, 0x00, 0x00,
	0x48, 0x8B, 0x5C, 0x24, 0x30, 0x48, 0x8B, 0xC7, 0x48, 0x83, 0xC4, 0x20,
	0x5F, 0xC3, 0xCC, 0xCC, 0x48, 0x83, 0xEC, 0x28, 0x48, 0x8D, 0x05, 0xBD,
	0x6D, 0x00, 0x00, 0x48, 0x89, 0x01, 0x48, 0x83, 0xC1, 0x08, 0xE8, 0x99,
	0x00, 0x00, 0x00, 0xCC, 0xCC, 0xCC, 0xCC, 0xCC, 0xCC, 0xCC, 0xCC, 0xCC,
	0x48, 0x83, 0xEC, 0x28, 0x48, 0x8D, 0x05, 0x65, 0x6D, 0x00, 0x00, 0x48,
	0x89, 0x01, 0x48, 0x83, 0xC1, 0x08, 0xE8, 0x89, 0x00, 0x00, 0x00, 0xCC,
	0xCC, 0xCC, 0xCC, 0xCC, 0xCC, 0xCC, 0xCC, 0xCC, 0x48, 0x89, 0x5C, 0x24,
	0x08, 0x57, 0x48, 0x83, 0xEC, 0x20, 0x48, 0x8D, 0x79, 0x20, 0x48, 0x8B,
	0xD9, 0x48, 0x8B, 0xCF, 0xFF, 0x15, 0xAE, 0x37, 0x00, 0x00, 0x85, 0xC0,
	0x74, 0x0C, 0xB9, 0x05, 0x00, 0x00, 0x00, 0xFF, 0x15, 0x7F, 0x37, 0x00,
	0x00, 0xCC, 0x81, 0x7F, 0x4C, 0xFF, 0xFF, 0xFF, 0x7F, 0x75, 0x13, 0xB9,
	0x06, 0x00, 0x00, 0x00, 0xC7, 0x47, 0x4C, 0xFE, 0xFF, 0xFF, 0x7F, 0xFF,
	0x15, 0x63, 0x37, 0x00, 0x00, 0xCC, 0x8B, 0x43, 0x08, 0x83, 0xF8, 0x02,
	0x74, 0x07, 0xC7, 0x43, 0x08, 0x01, 0x00, 0x00, 0x00, 0x48, 0x8B, 0xCF,
	0x0F, 0x95, 0xC3, 0xFF, 0x15, 0x8F, 0x37, 0x00, 0x00, 0x0F, 0xB6, 0xC3,
	0x48, 0x8B, 0x5C, 0x24, 0x30, 0x48, 0x83, 0xC4, 0x20, 0x5F, 0xC3, 0xCC,
	0x48, 0x83, 0xEC, 0x28, 0xE8, 0xF7, 0xFD, 0xFF, 0xFF, 0xFF, 0x15, 0xA9,
	0x39, 0x00, 0x00, 0xCC, 0x48, 0x83, 0xEC, 0x28, 0xE8, 0xB7, 0xFD, 0xFF,
	0xFF, 0xFF, 0x15, 0x99, 0x39, 0x00, 0x00, 0xCC, 0x48, 0x8D, 0x05, 0x49,
	0xC6, 0x00, 0x00, 0xC3, 0xCC, 0xCC, 0xCC, 0xCC, 0xCC, 0xCC, 0xCC, 0xCC,
	0x48, 0x8B, 0x49, 0x08, 0xE9, 0xA7, 0xEA, 0xFF, 0xFF, 0xCC, 0xCC, 0xCC,
	0xCC, 0xCC, 0xCC, 0xCC, 0x48, 0x8D, 0x05, 0x91, 0x6D, 0x00, 0x00, 0x48,
	0x89, 0x02, 0x48, 0x8B, 0x41, 0x08, 0x48, 0x89, 0x42, 0x08, 0x48, 0x8B,
	0xC2, 0xC3, 0xCC, 0xCC, 0xCC, 0xCC, 0xCC, 0xCC, 0xCC, 0xCC, 0xCC, 0xCC,
	0x48, 0x8D, 0x05, 0x09, 0xCB, 0x00, 0x00, 0xC3, 0xCC, 0xCC, 0xCC, 0xCC,
	0xCC, 0xCC, 0xCC, 0xCC, 0x48, 0x8D, 0x05, 0x19, 0x6C, 0x00, 0x00, 0x48,
	0x89, 0x02, 0x48, 0x8B, 0x41, 0x08, 0x48, 0x89, 0x42, 0x08, 0x48, 0x8B,
	0xC2, 0xC3, 0xCC, 0xCC, 0xCC, 0xCC, 0xCC, 0xCC, 0xCC, 0xCC, 0xCC, 0xCC,
	0x48, 0x83, 0xEC, 0x28, 0xFF, 0x15, 0x1E, 0x39, 0x00, 0x00, 0xCC, 0xCC,
	0xCC, 0xCC, 0xCC, 0xCC, 0x8B, 0x05, 0xFE, 0xC4, 0x00, 0x00, 0x4C, 0x8B,
	0xCA, 0x4C, 0x2B, 0xC9, 0x4C, 0x8B, 0xD2, 0x49, 0x8B, 0xD1, 0x48, 0x83,
	0xE2, 0xE0, 0x0F, 0x84, 0x92, 0x00, 0x00, 0x00, 0xA8, 0x20, 0x0F, 0x84,
	0x8A, 0x00, 0x00, 0x00, 0x41, 0x0F, 0xBE, 0xC0, 0x48, 0x03, 0xD1, 0xC5,
	0xF9, 0x6E, 0xD8, 0xC5, 0xF9, 0xEF, 0xC0, 0xC4, 0xE2, 0x61, 0x00, 0xD8,
	0xC4, 0xE3, 0x65, 0x18, 0xDB, 0x01, 0x66, 0x90, 0xC5, 0xE5, 0x74, 0x09,
	0xC5, 0xFD, 0xD7, 0xC1, 0x85, 0xC0, 0x75, 0x55, 0x48, 0x83, 0xC1, 0x20,
	0x48, 0x3B, 0xCA, 0x75, 0xEB, 0x41, 0x83, 0xE1, 0x1C, 0x74, 0x2D, 0x41,
	0x8B, 0xD1, 0x48, 0x8D, 0x05, 0x1B, 0x5F, 0x00, 0x00, 0x48, 0x83, 0xE2,
	0xFC, 0x48, 0x2B, 0xC2, 0xC5, 0xFE, 0x6F, 0x10, 0xC4, 0xE2, 0x6D, 0x8C,
	0x01, 0xC5, 0xFD, 0x74, 0xCB, 0xC5, 0xF5, 0xDB, 0xD2, 0xC5, 0xFD, 0xD7,
	0xC2, 0x85, 0xC0, 0x75, 0x1C, 0x49, 0x03, 0xC9, 0xC5, 0xF8, 0x77, 0x49,
	0x3B, 0xCA, 0x74, 0x0D, 0x44, 0x38, 0x01, 0x74, 0x08, 0x48, 0xFF, 0xC1,
	0x49, 0x3B, 0xCA, 0x75, 0xF3, 0x48, 0x8B, 0xC1, 0xC3, 0xC5, 0xF8, 0x77,
	0xF3, 0x0F, 0xBC, 0xC0, 0x8B, 0xC0, 0x48, 0x03, 0xC1, 0xC3, 0x49, 0x83,
	0xE1, 0xF0, 0x74, 0xD7, 0xA8, 0x04, 0x74, 0xD3, 0x41, 0x0F, 0xB6, 0xC0,
	0x49, 0x8D, 0x14, 0x09, 0x0F, 0x57, 0xC0, 0x66, 0x0F, 0x6E, 0xC8, 0x66,
	0x0F, 0x38, 0x00, 0xC8, 0x0F, 0x1F, 0x40, 0x00, 0xF3, 0x0F, 0x6F, 0x01,
	0x66, 0x0F, 0x74, 0xC1, 0x66, 0x0F, 0xD7, 0xC0, 0x85, 0xC0, 0x75, 0x0B,
	0x48, 0x83, 0xC1, 0x10, 0x48, 0x3B, 0xCA, 0x75, 0xE7, 0xEB, 0xA0, 0x0F,
	0xBC, 0xC0, 0x48, 0x03, 0xC1, 0xC3, 0xCC, 0xCC, 0xCC, 0xCC, 0xCC, 0xCC,
	0xCC, 0xCC, 0xCC, 0xCC, 0xCC, 0xCC, 0xCC, 0xCC, 0x40, 0x53, 0x57, 0x41,
	0x56, 0x48, 0x83, 0xEC, 0x60, 0x48, 0x8B, 0x05, 0x20, 0xC4, 0x00, 0x00,
	0x48, 0x33, 0xC4, 0x48, 0x89, 0x44, 0x24, 0x30, 0x49, 0x8B, 0xF9, 0x4C,
	0x8B, 0xF2, 0x4D, 0x8B, 0xC8, 0x48, 0x8B, 0xD9, 0x48, 0x85, 0xFF, 0x75,
	0x08, 0x48, 0x8B, 0xC1, 0xE9, 0x52, 0x01, 0x00, 0x00, 0x48, 0x83, 0xFF,
	0x01, 0x75, 0x0E, 0x45, 0x0F, 0xB6, 0x00, 0xE8, 0xC0, 0xFE, 0xFF, 0xFF,
	0xE9, 0x3E, 0x01, 0x00, 0x00, 0x48, 0x89, 0x6C, 0x24, 0x58, 0x49, 0x8B,
	0xCE, 0x48, 0x2B, 0xCB, 0x48, 0x89, 0x74, 0x24, 0x50, 0x0F, 0x29, 0x74,
	0x24, 0x40, 0x48, 0x3B, 0xCF, 0x0F, 0x82, 0x0E, 0x01, 0x00, 0x00, 0xF6,
	0x05, 0x9A, 0xC3, 0x00, 0x00, 0x04, 0x0F, 0x84, 0x29, 0x01, 0x00, 0x00,
	0x48, 0x83, 0xF9, 0x10, 0x0F, 0x82, 0x1F, 0x01, 0x00, 0x00, 0x48, 0x83,
	0xFF, 0x10, 0x0F, 0x87, 0x82, 0x00, 0x00, 0x00, 0xBE, 0x10, 0x00, 0x00,
	0x00, 0x48, 0x8D, 0x4C, 0x24, 0x20, 0x2B, 0xF7, 0x4C, 0x8B, 0xC7, 0x49,
	0x8B, 0xD1, 0xE8, 0x2D, 0x11, 0x00, 0x00, 0x66, 0x0F, 0x6F, 0x74, 0x24,
	0x20, 0x4D, 0x8D, 0x46, 0xF0, 0xF3, 0x0F, 0x6F, 0x03, 0x8B, 0xC7, 0xBA,
	0x10, 0x00, 0x00, 0x00, 0x66, 0x0F, 0x3A, 0x61, 0xF0, 0x0C, 0x72, 0x05,
	0x48, 0x03, 0xDA, 0xEB, 0x0E, 0x48, 0x63, 0xC1, 0x48, 0x03, 0xD8, 0x3B,
	0xCE, 0x0F, 0x8E, 0x0C, 0x01, 0x00, 0x00, 0x49, 0x3B, 0xD8, 0x76, 0xD5,
	0x49, 0x8B, 0xF6, 0x48, 0x2B, 0xF3, 0x0F, 0x84, 0x95, 0x00, 0x00, 0x00,
	0x4C, 0x8B, 0xC6, 0x48, 0x8D, 0x4C, 0x24, 0x20, 0x48, 0x8B, 0xD3, 0xE8,
	0xDC, 0x10, 0x00, 0x00, 0x66, 0x0F, 0x6F, 0x44, 0x24, 0x20, 0x8B, 0xC7,
	0x8B, 0xD6, 0x66, 0x0F, 0x3A, 0x61, 0xF0, 0x0C, 0x73, 0x73, 0x48, 0x63,
	0xC1, 0x48, 0x03, 0xC3, 0xEB, 0x6E, 0xF3, 0x41, 0x0F, 0x6F, 0x30, 0x48,
	0x8B, 0xF3, 0x49, 0x8D, 0x68, 0x10, 0x48, 0x2B, 0xF7, 0x48, 0x03, 0xF1,
	0x0F, 0x1F, 0x84, 0x00, 0x00, 0x00, 0x00, 0x00, 0xF3, 0x0F, 0x6F, 0x03,
	0xB8, 0x10, 0x00, 0x00, 0x00, 0x8B, 0xD0, 0x66, 0x0F, 0x3A, 0x61, 0xF0,
	0x0C, 0x72, 0x05, 0x48, 0x03, 0xD8, 0xEB, 0x34, 0x85, 0xC9, 0x74, 0x19,
	0x48, 0x63, 0xC1, 0x48, 0x03, 0xD8, 0x48, 0x3B, 0xDE, 0x77, 0x2A, 0xF3,
	0x0F, 0x6F, 0x03, 0x0F, 0x57, 0xC6, 0x66, 0x0F, 0x38, 0x17, 0xC0, 0x75,
	0x14, 0x4C, 0x8D, 0x47, 0xF0, 0x48, 0x8B, 0xD5, 0x48, 0x8D, 0x4B, 0x10,
	0xE8, 0x5D, 0x10, 0x00, 0x00, 0x85, 0xC0, 0x74, 0x6E, 0x48, 0xFF, 0xC3,
	0x48, 0x3B, 0xDE, 0x76, 0xAF, 0x49, 0x8B, 0xC6, 0x48, 0x8B, 0x74, 0x24,
	0x50, 0x48, 0x8B, 0x6C, 0x24, 0x58, 0x0F, 0x28, 0x74, 0x24, 0x40, 0x48,
	0x8B, 0x4C, 0x24, 0x30, 0x48, 0x33, 0xCC, 0xE8, 0x80, 0x00, 0x00, 0x00,
	0x48, 0x83, 0xC4, 0x60, 0x41, 0x5E, 0x5F, 0x5B, 0xC3, 0x48, 0x8B, 0xD3,
	0x48, 0x2B, 0xD7, 0x48, 0xFF, 0xC2, 0x48, 0x03, 0xD1, 0x48, 0x3B, 0xDA,
	0x74, 0xC7, 0x45, 0x0F, 0xB6, 0x00, 0x4C, 0x2B, 0xCB, 0x44, 0x38, 0x03,
	0x75, 0x26, 0x48, 0x8D, 0x4B, 0x01, 0x66, 0x0F, 0x1F, 0x44, 0x00, 0x00,
	0x41, 0x0F, 0xB6, 0x04, 0x09, 0x38, 0x01, 0x75, 0x13, 0x48, 0xFF, 0xC1,
	0x48, 0x8B, 0xC1, 0x48, 0x2B, 0xC3, 0x48, 0x3B, 0xC7, 0x75, 0xE9, 0x48,
	0x8B, 0xC3, 0xEB, 0x98, 0x48, 0xFF, 0xC3, 0x49, 0xFF, 0xC9, 0x48, 0x3B,
	0xDA, 0x75, 0xCA, 0xEB, 0x88, 0xCC, 0xCC, 0xCC, 0xCC, 0xCC, 0xCC, 0xCC,
	0xE9, 0x0B, 0xFE, 0xFF, 0xFF, 0xCC, 0xCC, 0xCC, 0xCC, 0xCC, 0xCC, 0xCC,
	0xCC, 0xCC, 0xCC, 0xCC, 0xCC, 0xCC, 0xCC, 0xCC, 0xCC, 0xCC, 0x66, 0x66,
	0x0F, 0x1F, 0x84, 0x00, 0x00, 0x00, 0x00, 0x00, 0x48, 0x3B, 0x0D, 0x19,
	0xC2, 0x00, 0x00, 0x75, 0x10, 0x48, 0xC1, 0xC1, 0x10, 0x66, 0xF7, 0xC1,
	0xFF, 0xFF, 0x75, 0x01, 0xC3, 0x48, 0xC1, 0xC9, 0x10, 0xE9, 0x22, 0x0A,
	0x00, 0x00, 0xCC, 0xCC, 0x40, 0x53, 0x48, 0x83, 0xEC, 0x20, 0x48, 0x8B,
	0xD9, 0x48, 0x8D, 0x0D, 0xA8, 0xDB, 0x00, 0x00, 0xFF, 0x15, 0xA2, 0x32,
	0x00, 0x00, 0x8B, 0x05, 0xA4, 0xC1, 0x00, 0x00, 0x48, 0x8D, 0x0D, 0x95,
	0xDB, 0x00, 0x00, 0x8B, 0x15, 0x57, 0xE1, 0x00, 0x00, 0xFF, 0xC0, 0x89,
	0x05, 0x8F, 0xC1, 0x00, 0x00, 0x89, 0x03, 0x65, 0x48, 0x8B, 0x04, 0x25,
	0x58, 0x00, 0x00, 0x00, 0x41, 0xB9, 0x04, 0x00, 0x00, 0x00, 0x4C, 0x8B,
	0x04, 0xD0, 0x8B, 0x05, 0x74, 0xC1, 0x00, 0x00, 0x43, 0x89, 0x04, 0x01,
	0xFF, 0x15, 0x5A, 0x32, 0x00, 0x00, 0x48, 0x8D, 0x0D, 0x53, 0xDB, 0x00,
	0x00, 0x48, 0x83, 0xC4, 0x20, 0x5B, 0x48, 0xFF, 0x25, 0x57, 0x32, 0x00,
	0x00, 0xCC, 0xCC, 0xCC, 0x40, 0x53, 0x48, 0x83, 0xEC, 0x20, 0x48, 0x8B,
	0xD9, 0x48, 0x8D, 0x0D, 0x3C, 0xDB, 0x00, 0x00, 0xFF, 0x15, 0x36, 0x32,
	0x00, 0x00, 0x83, 0x3B, 0x00, 0x75, 0x25, 0xC7, 0x03, 0xFF, 0xFF, 0xFF,
	0xFF, 0xEB, 0x45, 0x45, 0x33, 0xC9, 0x48, 0x8D, 0x15, 0x1F, 0xDB, 0x00,
	0x00, 0x41, 0x83, 0xC8, 0xFF, 0x48, 0x8D, 0x0D, 0x0C, 0xDB, 0x00, 0x00,
	0xFF, 0x15, 0x1E, 0x32, 0x00, 0x00, 0xEB, 0xD6, 0x83, 0x3B, 0xFF, 0x74,
	0xDE, 0x65, 0x48, 0x8B, 0x04, 0x25, 0x58, 0x00, 0x00, 0x00, 0x8B, 0x0D,
	0xC0, 0xE0, 0x00, 0x00, 0x41, 0xB8, 0x04, 0x00, 0x00, 0x00, 0x48, 0x8B,
	0x14, 0xC8, 0x8B, 0x05, 0xF0, 0xC0, 0x00, 0x00, 0x41, 0x89, 0x04, 0x10,
	0x48, 0x8D, 0x0D, 0xDD, 0xDA, 0x00, 0x00, 0x48, 0x83, 0xC4, 0x20, 0x5B,
	0x48, 0xFF, 0x25, 0xC9, 0x31, 0x00, 0x00, 0xCC, 0x40, 0x53, 0x48, 0x83,
	0xEC, 0x20, 0x48, 0x8B, 0xD9, 0xEB, 0x0F, 0x48, 0x8B, 0xCB, 0xE8, 0xC1,
	0x0E, 0x00, 0x00, 0x85, 0xC0, 0x74, 0x13, 0x48, 0x8B, 0xCB, 0xE8, 0xBB,
	0x0E, 0x00, 0x00, 0x48, 0x85, 0xC0, 0x74, 0xE7, 0x48, 0x83, 0xC4, 0x20,
	0x5B, 0xC3, 0x48, 0x83, 0xFB, 0xFF, 0x74, 0x06, 0xE8, 0x6F, 0x0A, 0x00,
	0x00, 0xCC, 0xE8, 0x1D, 0x46, 0xFF, 0xFF, 0xCC, 0x48, 0x8B, 0xC4, 0x4C,
	0x89, 0x48, 0x20, 0x4C, 0x89, 0x40, 0x18, 0x48, 0x89, 0x50, 0x10, 0x53,
	0x56, 0x57, 0x41, 0x56, 0x48, 0x83, 0xEC, 0x38, 0x4D, 0x8B, 0xF1, 0x49,
	0x8B, 0xD8, 0x48, 0x8B, 0xF2, 0xC6, 0x40, 0xC8, 0x00, 0x48, 0x8B, 0xFA,
	0x49, 0x0F, 0xAF, 0xF8, 0x48, 0x03, 0xF9, 0x48, 0x89, 0x78, 0x08, 0x48,
	0x8B, 0xC3, 0x48, 0xFF, 0xCB, 0x48, 0x89, 0x5C, 0x24, 0x70, 0x48, 0x85,
	0xC0, 0x74, 0x19, 0x48, 0x2B, 0xFE, 0x48, 0x89, 0x7C, 0x24, 0x60, 0x48,
	0x8B, 0xCF, 0x49, 0x8B, 0xC6, 0x48, 0x8B, 0x15, 0x14, 0x35, 0x00, 0x00,
	0xFF, 0xD2, 0xEB, 0xD7, 0xC6, 0x44, 0x24, 0x20, 0x01, 0x48, 0x83, 0xC4,
	0x38, 0x41, 0x5E, 0x5F, 0x5E, 0x5B, 0xC3, 0xCC, 0x48, 0x89, 0x5C, 0x24,
	0x10, 0x48, 0x89, 0x74, 0x24, 0x18, 0x57, 0x41, 0x56, 0x41, 0x57, 0x48,
	0x83, 0xEC, 0x40, 0x4D, 0x8B, 0xF1, 0x49, 0x8B, 0xF0, 0x4C, 0x8B, 0xFA,
	0x48, 0x8B, 0xF9, 0x33, 0xDB, 0x48, 0x89, 0x5C, 0x24, 0x38, 0x48, 0x3B,
	0xDE, 0x74, 0x19, 0x49, 0x2B, 0xFF, 0x48, 0x89, 0x7C, 0x24, 0x60, 0x48,
	0x8B, 0xCF, 0x49, 0x8B, 0xC6, 0xFF, 0x15, 0xC1, 0x34, 0x00, 0x00, 0x48,
	0xFF, 0xC3, 0xEB, 0xDD, 0xEB, 0x00, 0x48, 0x8B, 0x5C, 0x24, 0x68, 0x48,
	0x8B, 0x74, 0x24, 0x70, 0x48, 0x83, 0xC4, 0x40, 0x41, 0x5F, 0x41, 0x5E,
	0x5F, 0xC3, 0xCC, 0xCC, 0x48, 0x83, 0xEC, 0x28, 0xE8, 0xBF, 0x09, 0x00,
	0x00, 0x85, 0xC0, 0x74, 0x21, 0x65, 0x48, 0x8B, 0x04, 0x25, 0x30, 0x00,
	0x00, 0x00, 0x48, 0x8B, 0x48, 0x08, 0xEB, 0x05, 0x48, 0x3B, 0xC8, 0x74,
	0x14, 0x33, 0xC0, 0xF0, 0x48, 0x0F, 0xB1, 0x0D, 0xB0, 0xD9, 0x00, 0x00,
	0x75, 0xEE, 0x32, 0xC0, 0x48, 0x83, 0xC4, 0x28, 0xC3, 0xB0, 0x01, 0xEB,
	0xF7, 0xCC, 0xCC, 0xCC, 0x48, 0x83, 0xEC, 0x28, 0x85, 0xC9, 0x75, 0x07,
	0xC6, 0x05, 0x99, 0xD9, 0x00, 0x00, 0x01, 0xE8, 0x18, 0x05, 0x00, 0x00,
	0xE8, 0x77, 0x0C, 0x00, 0x00, 0x84, 0xC0, 0x75, 0x04, 0x32, 0xC0, 0xEB,
	0x14, 0xE8, 0x6A, 0x0C, 0x00, 0x00, 0x84, 0xC0, 0x75, 0x09, 0x33, 0xC9,
	0xE8, 0x5F, 0x0C, 0x00, 0x00, 0xEB, 0xEA, 0xB0, 0x01, 0x48, 0x83, 0xC4,
	0x28, 0xC3, 0xCC, 0xCC, 0x40, 0x53, 0x48, 0x83, 0xEC, 0x20, 0x80, 0x3D,
	0x60, 0xD9, 0x00, 0x00, 0x00, 0x8B, 0xD9, 0x75, 0x67, 0x83, 0xF9, 0x01,
	0x77, 0x6A, 0xE8, 0x35, 0x09, 0x00, 0x00, 0x85, 0xC0, 0x74, 0x28, 0x85,
	0xDB, 0x75, 0x24, 0x48, 0x8D, 0x0D, 0x4A, 0xD9, 0x00, 0x00, 0xE8, 0x47,
	0x0D, 0x00, 0x00, 0x85, 0xC0, 0x75, 0x10, 0x48, 0x8D, 0x0D, 0x52, 0xD9,
	0x00, 0x00, 0xE8, 0x37, 0x0D, 0x00, 0x00, 0x85, 0xC0, 0x74, 0x2E, 0x32,
	0xC0, 0xEB, 0x33, 0x66, 0x0F, 0x6F, 0x05, 0xBD, 0x59, 0x00, 0x00, 0x48,
	0x83, 0xC8, 0xFF, 0xF3, 0x0F, 0x7F, 0x05, 0x19, 0xD9, 0x00, 0x00, 0x48,
	0x89, 0x05, 0x22, 0xD9, 0x00, 0x00, 0xF3, 0x0F, 0x7F, 0x05, 0x22, 0xD9,
	0x00, 0x00, 0x48, 0x89, 0x05, 0x2B, 0xD9, 0x00, 0x00, 0xC6, 0x05, 0xF5,
	0xD8, 0x00, 0x00, 0x01, 0xB0, 0x01, 0x48, 0x83, 0xC4, 0x20, 0x5B, 0xC3,
	0xB9, 0x05, 0x00, 0x00, 0x00, 0xE8, 0xDE, 0x08, 0x00, 0x00, 0xCC, 0xCC,
	0x48, 0x83, 0xEC, 0x18, 0x4C, 0x8B, 0xC1, 0xB8, 0x4D, 0x5A, 0x00, 0x00,
	0x66, 0x39, 0x05, 0xBD, 0x1E, 0xFF, 0xFF, 0x75, 0x78, 0x48, 0x63, 0x0D,
	0xF0, 0x1E, 0xFF, 0xFF, 0x48, 0x8D, 0x15, 0xAD, 0x1E, 0xFF, 0xFF, 0x48,
	0x03, 0xCA, 0x81, 0x39, 0x50, 0x45, 0x00, 0x00, 0x75, 0x5F, 0xB8, 0x0B,
	0x02, 0x00, 0x00, 0x66, 0x39, 0x41, 0x18, 0x75, 0x54, 0x4C, 0x2B, 0xC2,
	0x0F, 0xB7, 0x51, 0x14, 0x48, 0x83, 0xC2, 0x18, 0x48, 0x03, 0xD1, 0x0F,
	0xB7, 0x41, 0x06, 0x48, 0x8D, 0x0C, 0x80, 0x4C, 0x8D, 0x0C, 0xCA, 0x48,
	0x89, 0x14, 0x24, 0x49, 0x3B, 0xD1, 0x74, 0x18, 0x8B, 0x4A, 0x0C, 0x4C,
	0x3B, 0xC1, 0x72, 0x0A, 0x8B, 0x42, 0x08, 0x03, 0xC1, 0x4C, 0x3B, 0xC0,
	0x72, 0x08, 0x48, 0x83, 0xC2, 0x28, 0xEB, 0xDF, 0x33, 0xD2, 0x48, 0x85,
	0xD2, 0x75, 0x04, 0x32, 0xC0, 0xEB, 0x14, 0x83, 0x7A, 0x24, 0x00, 0x7D,
	0x04, 0x32, 0xC0, 0xEB, 0x0A, 0xB0, 0x01, 0xEB, 0x06, 0x32, 0xC0, 0xEB,
	0x02, 0x32, 0xC0, 0x48, 0x83, 0xC4, 0x18, 0xC3, 0x40, 0x53, 0x48, 0x83,
	0xEC, 0x20, 0x8A, 0xD9, 0xE8, 0x1F, 0x08, 0x00, 0x00, 0x33, 0xD2, 0x85,
	0xC0, 0x74, 0x0B, 0x84, 0xDB, 0x75, 0x07, 0x48, 0x87, 0x15, 0x22, 0xD8,
	0x00, 0x00, 0x48, 0x83, 0xC4, 0x20, 0x5B, 0xC3, 0x40, 0x53, 0x48, 0x83,
	0xEC, 0x20, 0x80, 0x3D, 0x17, 0xD8, 0x00, 0x00, 0x00, 0x8A, 0xD9, 0x74,
	0x04, 0x84, 0xD2, 0x75, 0x0C, 0xE8, 0xF2, 0x0A, 0x00, 0x00, 0x8A, 0xCB,
	0xE8, 0xEB, 0x0A, 0x00, 0x00, 0xB0, 0x01, 0x48, 0x83, 0xC4, 0x20, 0x5B,
	0xC3, 0xCC, 0xCC, 0xCC, 0x40, 0x53, 0x48, 0x83, 0xEC, 0x20, 0x48, 0x83,
	0x3D, 0xF2, 0xD7, 0x00, 0x00, 0xFF, 0x48, 0x8B, 0xD9, 0x75, 0x07, 0xE8,
	0xF6, 0x0B, 0x00, 0x00, 0xEB, 0x0F, 0x48, 0x8B, 0xD3, 0x48, 0x8D, 0x0D,
	0xDC, 0xD7, 0x00, 0x00, 0xE8, 0xDF, 0x0B, 0x00, 0x00, 0x33, 0xD2, 0x85,
	0xC0, 0x48, 0x0F, 0x44, 0xD3, 0x48, 0x8B, 0xC2, 0x48, 0x83, 0xC4, 0x20,
	0x5B, 0xC3, 0xCC, 0xCC, 0x48, 0x83, 0xEC, 0x28, 0xE8, 0xBB, 0xFF, 0xFF,
	0xFF, 0x48, 0xF7, 0xD8, 0x1B, 0xC0, 0xF7, 0xD8, 0xFF, 0xC8, 0x48, 0x83,
	0xC4, 0x28, 0xC3, 0xCC, 0xE9, 0xB7, 0x09, 0x00, 0x00, 0xCC, 0xCC, 0xCC,
	0x40, 0x53, 0x48, 0x83, 0xEC, 0x20, 0x48, 0x8D, 0x05, 0x47, 0x58, 0x00,
	0x00, 0x48, 0x8B, 0xD9, 0x48, 0x89, 0x01, 0xF6, 0xC2, 0x01, 0x74, 0x0A,
	0xBA, 0x18, 0x00, 0x00, 0x00, 0xE8, 0xD6, 0xFF, 0xFF, 0xFF, 0x48, 0x8B,
	0xC3, 0x48, 0x83, 0xC4, 0x20, 0x5B, 0xC3, 0xCC, 0x40, 0x53, 0x48, 0x83,
	0xEC, 0x20, 0xB9, 0x01, 0x00, 0x00, 0x00, 0xE8, 0x88, 0x0B, 0x00, 0x00,
	0xE8, 0x2B, 0x0A, 0x00, 0x00, 0x8B, 0xC8, 0xE8, 0xA6, 0x0B, 0x00, 0x00,
	0xE8, 0x9F, 0x44, 0xFF, 0xFF, 0x8B, 0xD8, 0xE8, 0xC4, 0x0B, 0x00, 0x00,
	0xB9, 0x01, 0x00, 0x00, 0x00, 0x89, 0x18, 0xE8, 0xD0, 0xFD, 0xFF, 0xFF,
	0x84, 0xC0, 0x74, 0x73, 0xE8, 0x67, 0x0A, 0x00, 0x00, 0x48, 0x8D, 0x0D,
	0x9C, 0x0A, 0x00, 0x00, 0xE8, 0x6B, 0xFF, 0xFF, 0xFF, 0xE8, 0xFE, 0x06,
	0x00, 0x00, 0x8B, 0xC8, 0xE8, 0x19, 0x0B, 0x00, 0x00, 0x85, 0xC0, 0x75,
	0x52, 0xE8, 0xEA, 0x09, 0x00, 0x00, 0xE8, 0x25, 0x0A, 0x00, 0x00, 0x85,
	0xC0, 0x74, 0x0C, 0x48, 0x8D, 0x0D, 0x52, 0x44, 0xFF, 0xFF, 0xE8, 0x2B,
	0x0B, 0x00, 0x00, 0xE8, 0x08, 0xA8, 0xFF, 0xFF, 0xE8, 0x03, 0xA8, 0xFF,
	0xFF, 0xE8, 0x3E, 0x44, 0xFF, 0xFF, 0x8B, 0xC8, 0xE8, 0x57, 0x0B, 0x00,
	0x00, 0xE8, 0xCA, 0x09, 0x00, 0x00, 0x84, 0xC0, 0x74, 0x05, 0xE8, 0xDD,
	0x0A, 0x00, 0x00, 0xE8, 0x24, 0x44, 0xFF, 0xFF, 0xE8, 0x17, 0x08, 0x00,
	0x00, 0x85, 0xC0, 0x75, 0x06, 0x48, 0x83, 0xC4, 0x20, 0x5B, 0xC3, 0xB9,
	0x07, 0x00, 0x00, 0x00, 0xE8, 0xB7, 0x06, 0x00, 0x00, 0xCC, 0xCC, 0xCC,
	0x48, 0x83, 0xEC, 0x28, 0xE8, 0xAB, 0x09, 0x00, 0x00, 0x33, 0xC0, 0x48,
	0x83, 0xC4, 0x28, 0xC3, 0x48, 0x83, 0xEC, 0x28, 0xE8, 0x43, 0x08, 0x00,
	0x00, 0xE8, 0xEA, 0x43, 0xFF, 0xFF, 0x8B, 0xC8, 0x48, 0x83, 0xC4, 0x28,
	0xE9, 0x05, 0x0B, 0x00, 0x00, 0xCC, 0xCC, 0xCC, 0x48, 0x89, 0x5C, 0x24,
	0x08, 0x48, 0x89, 0x74, 0x24, 0x10, 0x57, 0x48, 0x83, 0xEC, 0x30, 0xB9,
	0x01, 0x00, 0x00, 0x00, 0xE8, 0xCB, 0xFC, 0xFF, 0xFF, 0x84, 0xC0, 0x0F,
	0x84, 0x36, 0x01, 0x00, 0x00, 0x40, 0x32, 0xF6, 0x40, 0x88, 0x74, 0x24,
	0x20, 0xE8, 0x7A, 0xFC, 0xFF, 0xFF, 0x8A, 0xD8, 0x8B, 0x0D, 0x46, 0xD6,
	0x00, 0x00, 0x83, 0xF9, 0x01, 0x0F, 0x84, 0x23, 0x01, 0x00, 0x00, 0x85,
	0xC9, 0x75, 0x4A, 0xC7, 0x05, 0x2F, 0xD6, 0x00, 0x00, 0x01, 0x00, 0x00,
	0x00, 0x48, 0x8D, 0x15, 0x58, 0x31, 0x00, 0x00, 0x48, 0x8D, 0x0D, 0x39,
	0x31, 0x00, 0x00, 0xE8, 0x6C, 0x0A, 0x00, 0x00, 0x85, 0xC0, 0x74, 0x0A,
	0xB8, 0xFF, 0x00, 0x00, 0x00, 0xE9, 0xD9, 0x00, 0x00, 0x00, 0x48, 0x8D,
	0x15, 0x17, 0x31, 0x00, 0x00, 0x48, 0x8D, 0x0D, 0xF8, 0x30, 0x00, 0x00,
	0xE8, 0x45, 0x0A, 0x00, 0x00, 0xC7, 0x05, 0xF1, 0xD5, 0x00, 0x00, 0x02,
	0x00, 0x00, 0x00, 0xEB, 0x08, 0x40, 0xB6, 0x01, 0x40, 0x88, 0x74, 0x24,
	0x20, 0x8A, 0xCB, 0xE8, 0xA8, 0xFD, 0xFF, 0xFF, 0xE8, 0x0F, 0x09, 0x00,
	0x00, 0x48, 0x8B, 0xD8, 0x48, 0x83, 0x38, 0x00, 0x74, 0x1E, 0x48, 0x8B,
	0xC8, 0xE8, 0xFA, 0xFC, 0xFF, 0xFF, 0x84, 0xC0, 0x74, 0x12, 0x45, 0x33,
	0xC0, 0x41, 0x8D, 0x50, 0x02, 0x33, 0xC9, 0x48, 0x8B, 0x03, 0xFF, 0x15,
	0x84, 0x30, 0x00, 0x00, 0xE8, 0xEB, 0x08, 0x00, 0x00, 0x48, 0x8B, 0xD8,
	0x48, 0x83, 0x38, 0x00, 0x74, 0x14, 0x48, 0x8B, 0xC8, 0xE8, 0xCE, 0xFC,
	0xFF, 0xFF, 0x84, 0xC0, 0x74, 0x08, 0x48, 0x8B, 0x0B, 0xE8, 0x0C, 0x0A,
	0x00, 0x00, 0xE8, 0xD1, 0x09, 0x00, 0x00, 0x48, 0x8B, 0xF8, 0xE8, 0xF3,
	0x09, 0x00, 0x00, 0x48, 0x8B, 0x18, 0xE8, 0xE5, 0x09, 0x00, 0x00, 0x4C,
	0x8B, 0xC7, 0x48, 0x8B, 0xD3, 0x8B, 0x08, 0xE8, 0x00, 0x9B, 0xFF, 0xFF,
	0x8B, 0xD8, 0xE8, 0xC9, 0x06, 0x00, 0x00, 0x84, 0xC0, 0x74, 0x55, 0x40,
	0x84, 0xF6, 0x75, 0x05, 0xE8, 0x87, 0x09, 0x00, 0x00, 0x33, 0xD2, 0xB1,
	0x01, 0xE8, 0x3E, 0xFD, 0xFF, 0xFF, 0x8B, 0xC3, 0xEB, 0x19, 0x8B, 0xD8,
	0xE8, 0xA7, 0x06, 0x00, 0x00, 0x84, 0xC0, 0x74, 0x3B, 0x80, 0x7C, 0x24,
	0x20, 0x00, 0x75, 0x05, 0xE8, 0xAB, 0x09, 0x00, 0x00, 0x8B, 0xC3, 0x48,
	0x8B, 0x5C, 0x24, 0x40, 0x48, 0x8B, 0x74, 0x24, 0x48, 0x48, 0x83, 0xC4,
	0x30, 0x5F, 0xC3, 0xB9, 0x07, 0x00, 0x00, 0x00, 0xE8, 0x27, 0x05, 0x00,
	0x00, 0x90, 0xB9, 0x07, 0x00, 0x00, 0x00, 0xE8, 0x1C, 0x05, 0x00, 0x00,
	0x8B, 0xCB, 0xE8, 0x5F, 0x09, 0x00, 0x00, 0x90, 0x8B, 0xCB, 0xE8, 0x5D,
	0x09, 0x00, 0x00, 0x90, 0x48, 0x83, 0xEC, 0x28, 0xE8, 0x27, 0x07, 0x00,
	0x00, 0x48, 0x83, 0xC4, 0x28, 0xE9, 0x72, 0xFE, 0xFF, 0xFF, 0xCC, 0xCC,
	0x48, 0x83, 0xEC, 0x28, 0x4D, 0x8B, 0x41, 0x38, 0x48, 0x8B, 0xCA, 0x49,
	0x8B, 0xD1, 0xE8, 0x0D, 0x00, 0x00, 0x00, 0xB8, 0x01, 0x00, 0x00, 0x00,
	0x48, 0x83, 0xC4, 0x28, 0xC3, 0xCC, 0xCC, 0xCC, 0x40, 0x53, 0x45, 0x8B,
	0x18, 0x48, 0x8B, 0xDA, 0x41, 0x83, 0xE3, 0xF8, 0x4C, 0x8B, 0xC9, 0x41,
	0xF6, 0x00, 0x04, 0x4C, 0x8B, 0xD1, 0x74, 0x13, 0x41, 0x8B, 0x40, 0x08,
	0x4D, 0x63, 0x50, 0x04, 0xF7, 0xD8, 0x4C, 0x03, 0xD1, 0x48, 0x63, 0xC8,
	0x4C, 0x23, 0xD1, 0x49, 0x63, 0xC3, 0x4A, 0x8B, 0x14, 0x10, 0x48, 0x8B,
	0x43, 0x10, 0x8B, 0x48, 0x08, 0x48, 0x8B, 0x43, 0x08, 0xF6, 0x44, 0x01,
	0x03, 0x0F, 0x74, 0x10, 0x0F, 0xB6, 0x44, 0x01, 0x03, 0xB9, 0xF0, 0xFF,
	0xFF, 0xFF, 0x48, 0x23, 0xC1, 0x4C, 0x03, 0xC8, 0x4C, 0x33, 0xCA, 0x49,
	0x8B, 0xC9, 0x5B, 0xE9, 0x8C, 0xF8, 0xFF, 0xFF, 0x48, 0x89, 0x5C, 0x24,
	0x10, 0x48, 0x89, 0x6C, 0x24, 0x18, 0x48, 0x89, 0x74, 0x24, 0x20, 0x57,
	0x48, 0x83, 0xEC, 0x10, 0x33, 0xC0, 0x33, 0xC9, 0x0F, 0xA2, 0x81, 0xF1,
	0x6E, 0x74, 0x65, 0x6C, 0x81, 0xF2, 0x69, 0x6E, 0x65, 0x49, 0x0B, 0xD1,
	0x8B, 0xE8, 0xB8, 0x01, 0x00, 0x00, 0x00, 0x81, 0xF3, 0x47, 0x65, 0x6E,
	0x75, 0x0B, 0xD3, 0x8D, 0x48, 0xFF, 0x0F, 0xA2, 0x8B, 0xF9, 0x75, 0x5E,
	0x25, 0xF0, 0x3F, 0xFF, 0x0F, 0x48, 0xC7, 0x05, 0x34, 0xBA, 0x00, 0x00,
	0x00, 0x80, 0x00, 0x00, 0x48, 0xC7, 0x05, 0x31, 0xBA, 0x00, 0x00, 0xFF,
	0xFF, 0xFF, 0xFF, 0x3D, 0xC0, 0x06, 0x01, 0x00, 0x74, 0x28, 0x3D, 0x60,
	0x06, 0x02, 0x00, 0x74, 0x21, 0x3D, 0x70, 0x06, 0x02, 0x00, 0x74, 0x1A,
	0x05, 0xB0, 0xF9, 0xFC, 0xFF, 0x83, 0xF8, 0x20, 0x77, 0x24, 0x48, 0xB9,
	0x01, 0x00, 0x01, 0x00, 0x01, 0x00, 0x00, 0x00, 0x48, 0x0F, 0xA3, 0xC1,
	0x73, 0x14, 0x44, 0x8B, 0x05, 0x27, 0xD4, 0x00, 0x00, 0x41, 0x83, 0xC8,
	0x01, 0x44, 0x89, 0x05, 0x1C, 0xD4, 0x00, 0x00, 0xEB, 0x07, 0x44, 0x8B,
	0x05, 0x13, 0xD4, 0x00, 0x00, 0x45, 0x33, 0xC9, 0x41, 0x8B, 0xF1, 0x45,
	0x8B, 0xD1, 0x45, 0x8B, 0xD9, 0x83, 0xFD, 0x07, 0x7C, 0x40, 0x41, 0x8D,
	0x41, 0x07, 0x33, 0xC9, 0x0F, 0xA2, 0x8B, 0xF2, 0x44, 0x8B, 0xCB, 0x0F,
	0xBA, 0xE3, 0x09, 0x73, 0x0B, 0x41, 0x83, 0xC8, 0x02, 0x44, 0x89, 0x05,
	0xE4, 0xD3, 0x00, 0x00, 0x83, 0xF8, 0x01, 0x7C, 0x0D, 0xB8, 0x07, 0x00,
	0x00, 0x00, 0x8D, 0x48, 0xFA, 0x0F, 0xA2, 0x44, 0x8B, 0xD2, 0xB8, 0x24,
	0x00, 0x00, 0x00, 0x3B, 0xE8, 0x7C, 0x07, 0x33, 0xC9, 0x0F, 0xA2, 0x44,
	0x8B, 0xDB, 0x48, 0x8B, 0x05, 0x77, 0xB9, 0x00, 0x00, 0x48, 0x83, 0xE0,
	0xFE, 0xC7, 0x05, 0x71, 0xB9, 0x00, 0x00, 0x01, 0x00, 0x00, 0x00, 0xC7,
	0x05, 0x6B, 0xB9, 0x00, 0x00, 0x02, 0x00, 0x00, 0x00, 0x48, 0x89, 0x05,
	0x58, 0xB9, 0x00, 0x00, 0x0F, 0xBA, 0xE7, 0x14, 0x73, 0x1F, 0x48, 0x83,
	0xE0, 0xEF, 0xC7, 0x05, 0x4C, 0xB9, 0x00, 0x00, 0x02, 0x00, 0x00, 0x00,
	0x48, 0x89, 0x05, 0x3D, 0xB9, 0x00, 0x00, 0xC7, 0x05, 0x3F, 0xB9, 0x00,
	0x00, 0x06, 0x00, 0x00, 0x00, 0x0F, 0xBA, 0xE7, 0x1B, 0x0F, 0x83, 0x33,
	0x01, 0x00, 0x00, 0x33, 0xC9, 0x0F, 0x01, 0xD0, 0x48, 0xC1, 0xE2, 0x20,
	0x48, 0x0B, 0xD0, 0x48, 0x89, 0x54, 0x24, 0x20, 0x0F, 0xBA, 0xE7, 0x1C,
	0x0F, 0x83, 0xFC, 0x00, 0x00, 0x00, 0x48, 0x8B, 0x44, 0x24, 0x20, 0x24,
	0x06, 0x3C, 0x06, 0x0F, 0x85, 0xED, 0x00, 0x00, 0x00, 0x8B, 0x05, 0x05,
	0xB9, 0x00, 0x00, 0xB2, 0xE0, 0x83, 0xC8, 0x08, 0xC7, 0x05, 0xF2, 0xB8,
	0x00, 0x00, 0x03, 0x00, 0x00, 0x00, 0x89, 0x05, 0xF0, 0xB8, 0x00, 0x00,
	0x41, 0xF6, 0xC1, 0x20, 0x74, 0x62, 0x83, 0xC8, 0x20, 0xC7, 0x05, 0xD9,
	0xB8, 0x00, 0x00, 0x05, 0x00, 0x00, 0x00, 0x89, 0x05, 0xD7, 0xB8, 0x00,
	0x00, 0xB9, 0x00, 0x00, 0x03, 0xD0, 0x48, 0x8B, 0x05, 0xBF, 0xB8, 0x00,
	0x00, 0x44, 0x23, 0xC9, 0x48, 0x83, 0xE0, 0xFD, 0x48, 0x89, 0x05, 0xB1,
	0xB8, 0x00, 0x00, 0x44, 0x3B, 0xC9, 0x75, 0x37, 0x48, 0x8B, 0x44, 0x24,
	0x20, 0x22, 0xC2, 0x3A, 0xC2, 0x75, 0x25, 0x48, 0x8B, 0x05, 0x9A, 0xB8,
	0x00, 0x00, 0x83, 0x0D, 0x9F, 0xB8, 0x00, 0x00, 0x40, 0x48, 0x83, 0xE0,
	0xDB, 0xC7, 0x05, 0x8D, 0xB8, 0x00, 0x00, 0x06, 0x00, 0x00, 0x00, 0x48,
	0x89, 0x05, 0x7E, 0xB8, 0x00, 0x00, 0xEB, 0x07, 0x48, 0x8B, 0x05, 0x75,
	0xB8, 0x00, 0x00, 0x0F, 0xBA, 0xE6, 0x17, 0x73, 0x0C, 0x48, 0x0F, 0xBA,
	0xF0, 0x18, 0x48, 0x89, 0x05, 0x63, 0xB8, 0x00, 0x00, 0x41, 0x0F, 0xBA,
	0xE2, 0x13, 0x73, 0x4A, 0x48, 0x8B, 0x44, 0x24, 0x20, 0x22, 0xC2, 0x3A,
	0xC2, 0x75, 0x3F, 0x41, 0x8B, 0xCB, 0x41, 0x8B, 0xC3, 0x48, 0xC1, 0xE9,
	0x10, 0x25, 0xFF, 0x00, 0x04, 0x00, 0x83, 0xE1, 0x06, 0x89, 0x05, 0x79,
	0xD2, 0x00, 0x00, 0x48, 0x81, 0xC9, 0x29, 0x00, 0x00, 0x01, 0x48, 0xF7,
	0xD1, 0x48, 0x23, 0x0D, 0x28, 0xB8, 0x00, 0x00, 0x48, 0x89, 0x0D, 0x21,
	0xB8, 0x00, 0x00, 0x3C, 0x01, 0x76, 0x0B, 0x48, 0x83, 0xE1, 0xBF, 0x48,
	0x89, 0x0D, 0x12, 0xB8, 0x00, 0x00, 0x41, 0x0F, 0xBA, 0xE2, 0x15, 0x73,
	0x15, 0x48, 0x8B, 0x44, 0x24, 0x20, 0x48, 0x0F, 0xBA, 0xE0, 0x13, 0x73,
	0x09, 0x48, 0x0F, 0xBA, 0x35, 0xF6, 0xB7, 0x00, 0x00, 0x07, 0x48, 0x8B,
	0x5C, 0x24, 0x28, 0x33, 0xC0, 0x48, 0x8B, 0x6C, 0x24, 0x30, 0x48, 0x8B,
	0x74, 0x24, 0x38, 0x48, 0x83, 0xC4, 0x10, 0x5F, 0xC3, 0xCC, 0xCC, 0xCC,
	0x40, 0x53, 0x48, 0x83, 0xEC, 0x20, 0x48, 0x8B, 0xD9, 0x33, 0xC9, 0xFF,
	0x15, 0xF3, 0x28, 0x00, 0x00, 0x48, 0x8B, 0xCB, 0xFF, 0x15, 0xE2, 0x28,
	0x00, 0x00, 0xFF, 0x15, 0x8C, 0x28, 0x00, 0x00, 0x48, 0x8B, 0xC8, 0xBA,
	0x09, 0x04, 0x00, 0xC0, 0x48, 0x83, 0xC4, 0x20, 0x5B, 0x48, 0xFF, 0x25,
	0xD8, 0x28, 0x00, 0x00, 0x48, 0x89, 0x4C, 0x24, 0x08, 0x48, 0x83, 0xEC,
	0x38, 0xB9, 0x17, 0x00, 0x00, 0x00, 0xFF, 0x15, 0xCC, 0x28, 0x00, 0x00,
	0x85, 0xC0, 0x74, 0x07, 0xB9, 0x02, 0x00, 0x00, 0x00, 0xCD, 0x29, 0x48,
	0x8D, 0x0D, 0x6A, 0xD2, 0x00, 0x00, 0xE8, 0xA9, 0x00, 0x00, 0x00, 0x48,
	0x8B, 0x44, 0x24, 0x38, 0x48, 0x89, 0x05, 0x51, 0xD3, 0x00, 0x00, 0x48,
	0x8D, 0x44, 0x24, 0x38, 0x48, 0x83, 0xC0, 0x08, 0x48, 0x89, 0x05, 0xE1,
	0xD2, 0x00, 0x00, 0x48, 0x8B, 0x05, 0x3A, 0xD3, 0x00, 0x00, 0x48, 0x89,
	0x05, 0xAB, 0xD1, 0x00, 0x00, 0x48, 0x8B, 0x44, 0x24, 0x40, 0x48, 0x89,
	0x05, 0xAF, 0xD2, 0x00, 0x00, 0xC7, 0x05, 0x85, 0xD1, 0x00, 0x00, 0x09,
	0x04, 0x00, 0xC0, 0xC7, 0x05, 0x7F, 0xD1, 0x00, 0x00, 0x01, 0x00, 0x00,
	0x00, 0xC7, 0x05, 0x89, 0xD1, 0x00, 0x00, 0x01, 0x00, 0x00, 0x00, 0xB8,
	0x08, 0x00, 0x00, 0x00, 0x48, 0x6B, 0xC0, 0x00, 0x48, 0x8D, 0x0D, 0x81,
	0xD1, 0x00, 0x00, 0x48, 0xC7, 0x04, 0x01, 0x02, 0x00, 0x00, 0x00, 0xB8,
	0x08, 0x00, 0x00, 0x00, 0x48, 0x6B, 0xC0, 0x00, 0x48, 0x8B, 0x0D, 0x39,
	0xB7, 0x00, 0x00, 0x48, 0x89, 0x4C, 0x04, 0x20, 0xB8, 0x08, 0x00, 0x00,
	0x00, 0x48, 0x6B, 0xC0, 0x01, 0x48, 0x8B, 0x0D, 0x64, 0xB7, 0x00, 0x00,
	0x48, 0x89, 0x4C, 0x04, 0x20, 0x48, 0x8D, 0x0D, 0xA8, 0x51, 0x00, 0x00,
	0xE8, 0xFF, 0xFE, 0xFF, 0xFF, 0x90, 0x48, 0x83, 0xC4, 0x38, 0xC3, 0xCC,
	0x40, 0x53, 0x56, 0x57, 0x48, 0x83, 0xEC, 0x40, 0x48, 0x8B, 0xD9, 0xFF,
	0x15, 0xCB, 0x27, 0x00, 0x00, 0x48, 0x8B, 0xB3, 0xF8, 0x00, 0x00, 0x00,
	0x33, 0xFF, 0x45, 0x33, 0xC0, 0x48, 0x8D, 0x54, 0x24, 0x60, 0x48, 0x8B,
	0xCE, 0xFF, 0x15, 0xB9, 0x27, 0x00, 0x00, 0x48, 0x85, 0xC0, 0x74, 0x3C,
	0x48, 0x8B, 0x54, 0x24, 0x60, 0x48, 0x8D, 0x4C, 0x24, 0x68, 0x48, 0xC7,
	0x44, 0x24, 0x38, 0x00, 0x00, 0x00, 0x00, 0x4C, 0x8B, 0xC8, 0x48, 0x89,
	0x4C, 0x24, 0x30, 0x4C, 0x8B, 0xC6, 0x48, 0x8D, 0x4C, 0x24, 0x70, 0x48,
	0x89, 0x4C, 0x24, 0x28, 0x33, 0xC9, 0x48, 0x89, 0x5C, 0x24, 0x20, 0xFF,
	0x15, 0x87, 0x27, 0x00, 0x00, 0xFF, 0xC7, 0x83, 0xFF, 0x02, 0x7C, 0xAE,
	0x48, 0x83, 0xC4, 0x40, 0x5F, 0x5E, 0x5B, 0xC3, 0x48, 0x8D, 0x05, 0x61,
	0x51, 0x00, 0x00, 0x48, 0xC7, 0x41, 0x10, 0x00, 0x00, 0x00, 0x00, 0x48,
	0x89, 0x41, 0x08, 0x48, 0x8D, 0x05, 0x3E, 0x51, 0x00, 0x00, 0x48, 0x89,
	0x01, 0x48, 0x8B, 0xC1, 0xC3, 0xCC, 0xCC, 0xCC, 0x48, 0x83, 0xEC, 0x48,
	0x48, 0x8D, 0x4C, 0x24, 0x20, 0xE8, 0xCE, 0xFF, 0xFF, 0xFF, 0x48, 0x8D,
	0x15, 0x5F, 0x99, 0x00, 0x00, 0x48, 0x8D, 0x4C, 0x24, 0x20, 0xE8, 0x0B,
	0x04, 0x00, 0x00, 0xCC, 0xB8, 0x01, 0x00, 0x00, 0x00, 0xC3, 0xCC, 0xCC,
	0x33, 0xC0, 0x39, 0x05, 0x94, 0xB6, 0x00, 0x00, 0x0F, 0x95, 0xC0, 0xC3,
	0xC7, 0x05, 0xBA, 0xD5, 0x00, 0x00, 0x00, 0x00, 0x00, 0x00, 0xC3, 0xCC,
	0x48, 0x89, 0x5C, 0x24, 0x08, 0x55, 0x48, 0x8D, 0xAC, 0x24, 0x40, 0xFB,
	0xFF, 0xFF, 0x48, 0x81, 0xEC, 0xC0, 0x05, 0x00, 0x00, 0x8B, 0xD9, 0xB9,
	0x17, 0x00, 0x00, 0x00, 0xFF, 0x15, 0x12, 0x27, 0x00, 0x00, 0x85, 0xC0,
	0x74, 0x04, 0x8B, 0xCB, 0xCD, 0x29, 0xB9, 0x03, 0x00, 0x00, 0x00, 0xE8,
	0xC0, 0xFF, 0xFF, 0xFF, 0x33, 0xD2, 0x48, 0x8D, 0x4D, 0xF0, 0x41, 0xB8,
	0xD0, 0x04, 0x00, 0x00, 0xE8, 0x8D, 0x03, 0x00, 0x00, 0x48, 0x8D, 0x4D,
	0xF0, 0xFF, 0x15, 0xB5, 0x26, 0x00, 0x00, 0x48, 0x8B, 0x9D, 0xE8, 0x00,
	0x00, 0x00, 0x48, 0x8D, 0x95, 0xD8, 0x04, 0x00, 0x00, 0x48, 0x8B, 0xCB,
	0x45, 0x33, 0xC0, 0xFF, 0x15, 0xA3, 0x26, 0x00, 0x00, 0x48, 0x85, 0xC0,
	0x74, 0x3F, 0x48, 0x8B, 0x95, 0xD8, 0x04, 0x00, 0x00, 0x48, 0x8D, 0x8D,
	0xE0, 0x04, 0x00, 0x00, 0x48, 0xC7, 0x44, 0x24, 0x38, 0x00, 0x00, 0x00,
	0x00, 0x4C, 0x8B, 0xC8, 0x48, 0x89, 0x4C, 0x24, 0x30, 0x4C, 0x8B, 0xC3,
	0x48, 0x8D, 0x8D, 0xE8, 0x04, 0x00, 0x00, 0x48, 0x89, 0x4C, 0x24, 0x28,
	0x48, 0x8D, 0x4D, 0xF0, 0x48, 0x89, 0x4C, 0x24, 0x20, 0x33, 0xC9, 0xFF,
	0x15, 0x67, 0x26, 0x00, 0x00, 0x48, 0x8B, 0x85, 0xC8, 0x04, 0x00, 0x00,
	0x48, 0x8D, 0x4C, 0x24, 0x50, 0x48, 0x89, 0x85, 0xE8, 0x00, 0x00, 0x00,
	0x33, 0xD2, 0x48, 0x8D, 0x85, 0xC8, 0x04, 0x00, 0x00, 0x41, 0xB8, 0x98,
	0x00, 0x00, 0x00, 0x48, 0x83, 0xC0, 0x08, 0x48, 0x89, 0x85, 0x88, 0x00,
	0x00, 0x00, 0xE8, 0xF3, 0x02, 0x00, 0x00, 0x48, 0x8B, 0x85, 0xC8, 0x04,
	0x00, 0x00, 0x48, 0x89, 0x44, 0x24, 0x60, 0xC7, 0x44, 0x24, 0x50, 0x15,
	0x00, 0x00, 0x40, 0xC7, 0x44, 0x24, 0x54, 0x01, 0x00, 0x00, 0x00, 0xFF,
	0x15, 0x3B, 0x26, 0x00, 0x00, 0x8B, 0xD8, 0x33, 0xC9, 0x48, 0x8D, 0x44,
	0x24, 0x50, 0x48, 0x89, 0x44, 0x24, 0x40, 0x48, 0x8D, 0x45, 0xF0, 0x48,
	0x89, 0x44, 0x24, 0x48, 0xFF, 0x15, 0x06, 0x26, 0x00, 0x00, 0x48, 0x8D,
	0x4C, 0x24, 0x40, 0xFF, 0x15, 0xF3, 0x25, 0x00, 0x00, 0x85, 0xC0, 0x75,
	0x0D, 0x83, 0xFB, 0x01, 0x74, 0x08, 0x8D, 0x48, 0x03, 0xE8, 0xBA, 0xFE,
	0xFF, 0xFF, 0x48, 0x8B, 0x9C, 0x24, 0xD0, 0x05, 0x00, 0x00, 0x48, 0x81,
	0xC4, 0xC0, 0x05, 0x00, 0x00, 0x5D, 0xC3, 0xCC, 0xE9, 0x03, 0x3C, 0xFF,
	0xFF, 0xCC, 0xCC, 0xCC, 0x48, 0x83, 0xEC, 0x28, 0x33, 0xC9, 0xFF, 0x15,
	0xE4, 0x25, 0x00, 0x00, 0x48, 0x85, 0xC0, 0x74, 0x3A, 0xB9, 0x4D, 0x5A,
	0x00, 0x00, 0x66, 0x39, 0x08, 0x75, 0x30, 0x48, 0x63, 0x48, 0x3C, 0x81,
	0x3C, 0x01, 0x50, 0x45, 0x00, 0x00, 0x75, 0x23, 0xBA, 0x0B, 0x02, 0x00,
	0x00, 0x66, 0x39, 0x54, 0x01, 0x18, 0x75, 0x17, 0x83, 0xBC, 0x01, 0x84,
	0x00, 0x00, 0x00, 0x0E, 0x76, 0x0D, 0x83, 0xBC, 0x01, 0xF8, 0x00, 0x00,
	0x00, 0x00, 0x0F, 0x95, 0xC0, 0xEB, 0x02, 0x32, 0xC0, 0x48, 0x83, 0xC4,
	0x28, 0xC3, 0xCC, 0xCC, 0x48, 0x8D, 0x0D, 0x09, 0x00, 0x00, 0x00, 0x48,
	0xFF, 0x25, 0x6E, 0x25, 0x00, 0x00, 0xCC, 0xCC, 0x48, 0x89, 0x5C, 0x24,
	0x08, 0x57, 0x48, 0x83, 0xEC, 0x20, 0x48, 0x8B, 0x19, 0x48, 0x8B, 0xF9,
	0x81, 0x3B, 0x63, 0x73, 0x6D, 0xE0, 0x75, 0x24, 0x83, 0x7B, 0x18, 0x04,
	0x75, 0x1E, 0x8B, 0x53, 0x20, 0x81, 0xFA, 0x20, 0x05, 0x93, 0x19, 0x74,
	0x20, 0x8D, 0x82, 0xDF, 0xFA, 0x6C, 0xE6, 0x83, 0xF8, 0x01, 0x76, 0x15,
	0x81, 0xFA, 0x00, 0x40, 0x99, 0x01, 0x74, 0x0D, 0x48, 0x8B, 0x5C, 0x24,
	0x30, 0x33, 0xC0, 0x48, 0x83, 0xC4, 0x20, 0x5F, 0xC3, 0xE8, 0xD2, 0x01,
	0x00, 0x00, 0x48, 0x89, 0x18, 0x48, 0x8B, 0x5F, 0x08, 0xE8, 0xCC, 0x01,
	0x00, 0x00, 0x48, 0x89, 0x18, 0xE8, 0xE2, 0x01, 0x00, 0x00, 0xCC, 0xCC,
	0xE9, 0x65, 0x02, 0x00, 0x00, 0xCC, 0xCC, 0xCC, 0x48, 0x89, 0x5C, 0x24,
	0x18, 0x55, 0x48, 0x8B, 0xEC, 0x48, 0x83, 0xEC, 0x30, 0x48, 0x8B, 0x05,
	0xFC, 0xB3, 0x00, 0x00, 0x48, 0xBB, 0x32, 0xA2, 0xDF, 0x2D, 0x99, 0x2B,
	0x00, 0x00, 0x48, 0x3B, 0xC3, 0x75, 0x77, 0x48, 0x8D, 0x4D, 0x10, 0x48,
	0xC7, 0x45, 0x10, 0x00, 0x00, 0x00, 0x00, 0xFF, 0x15, 0x0B, 0x25, 0x00,
	0x00, 0x48, 0x8B, 0x45, 0x10, 0x48, 0x89, 0x45, 0xF0, 0xFF, 0x15, 0xF5,
	0x24, 0x00, 0x00, 0x8B, 0xC0, 0x48, 0x31, 0x45, 0xF0, 0xFF, 0x15, 0xE1,
	0x24, 0x00, 0x00, 0x8B, 0xC0, 0x48, 0x8D, 0x4D, 0x18, 0x48, 0x31, 0x45,
	0xF0, 0xFF, 0x15, 0xC9, 0x24, 0x00, 0x00, 0x8B, 0x45, 0x18, 0x48, 0x8D,
	0x4D, 0xF0, 0x48, 0xC1, 0xE0, 0x20, 0x48, 0x33, 0x45, 0x18, 0x48, 0x33,
	0x45, 0xF0, 0x48, 0x33, 0xC1, 0x48, 0xB9, 0xFF, 0xFF, 0xFF, 0xFF, 0xFF,
	0xFF, 0x00, 0x00, 0x48, 0x23, 0xC1, 0x48, 0xB9, 0x33, 0xA2, 0xDF, 0x2D,
	0x99, 0x2B, 0x00, 0x00, 0x48, 0x3B, 0xC3, 0x48, 0x0F, 0x44, 0xC1, 0x48,
	0x89, 0x05, 0x76, 0xB3, 0x00, 0x00, 0x48, 0x8B, 0x5C, 0x24, 0x50, 0x48,
	0xF7, 0xD0, 0x48, 0x89, 0x05, 0xA7, 0xB3, 0x00, 0x00, 0x48, 0x83, 0xC4,
	0x30, 0x5D, 0xC3, 0xCC, 0xB8, 0x00, 0x40, 0x00, 0x00, 0xC3, 0xCC, 0xCC,
	0x48, 0x8D, 0x0D, 0xE1, 0xD2, 0x00, 0x00, 0x48, 0xFF, 0x25, 0x82, 0x24,
	0x00, 0x00, 0xCC, 0xCC, 0xB0, 0x01, 0xC3, 0xCC, 0x48, 0x8D, 0x05, 0xDD,
	0xD2, 0x00, 0x00, 0xC3, 0x48, 0x8D, 0x05, 0xDD, 0xD2, 0x00, 0x00, 0xC3,
	0x48, 0x83, 0xEC, 0x28, 0xE8, 0xE7, 0xFF, 0xFF, 0xFF, 0x48, 0x83, 0x08,
	0x24, 0xE8, 0xE6, 0xFF, 0xFF, 0xFF, 0x48, 0x83, 0x08, 0x02, 0x48, 0x83,
	0xC4, 0x28, 0xC3, 0xCC, 0x33, 0xC0, 0x39, 0x05, 0x5C, 0xB3, 0x00, 0x00,
	0x0F, 0x94, 0xC0, 0xC3, 0x48, 0x8D, 0x05, 0x25, 0xD3, 0x00, 0x00, 0xC3,
	0x48, 0x8D, 0x05, 0x15, 0xD3, 0x00, 0x00, 0xC3, 0x48, 0x89, 0x5C, 0x24,
	0x08, 0x57, 0x48, 0x83, 0xEC, 0x20, 0x48, 0x8D, 0x1D, 0xD3, 0x74, 0x00,
	0x00, 0x48, 0x8D, 0x3D, 0xCC, 0x74, 0x00, 0x00, 0xEB, 0x12, 0x48, 0x8B,
	0x03, 0x48, 0x85, 0xC0, 0x74, 0x06, 0xFF, 0x15, 0x64, 0x27, 0x00, 0x00,
	0x48, 0x83, 0xC3, 0x08, 0x48, 0x3B, 0xDF, 0x72, 0xE9, 0x48, 0x8B, 0x5C,
	0x24, 0x30, 0x48, 0x83, 0xC4, 0x20, 0x5F, 0xC3, 0x48, 0x89, 0x5C, 0x24,
	0x08, 0x57, 0x48, 0x83, 0xEC, 0x20, 0x48, 0x8D, 0x1D, 0xA7, 0x74, 0x00,
	0x00, 0x48, 0x8D, 0x3D, 0xA0, 0x74, 0x00, 0x00, 0xEB, 0x12, 0x48, 0x8B,
	0x03, 0x48, 0x85, 0xC0, 0x74, 0x06, 0xFF, 0x15, 0x28, 0x27, 0x00, 0x00,
	0x48, 0x83, 0xC3, 0x08, 0x48, 0x3B, 0xDF, 0x72, 0xE9, 0x48, 0x8B, 0x5C,
	0x24, 0x30, 0x48, 0x83, 0xC4, 0x20, 0x5F, 0xC3, 0xCC, 0xCC, 0xCC, 0xCC,
	0xFF, 0x25, 0xC2, 0x25, 0x00, 0x00, 0xFF, 0x25, 0x7C, 0x25, 0x00, 0x00,
	0xFF, 0x25, 0x7E, 0x25, 0x00, 0x00, 0xFF, 0x25, 0x88, 0x25, 0x00, 0x00,
	0xFF, 0x25, 0x8A, 0x25, 0x00, 0x00, 0xFF, 0x25, 0x44, 0x25, 0x00, 0x00,
	0xFF, 0x25, 0x8E, 0x25, 0x00, 0x00, 0xFF, 0x25, 0x80, 0x25, 0x00, 0x00,
	0xFF, 0x25, 0x3A, 0x25, 0x00, 0x00, 0xFF, 0x25, 0x1C, 0x25, 0x00, 0x00,
	0xFF, 0x25, 0x96, 0x25, 0x00, 0x00, 0xFF, 0x25, 0x98, 0x25, 0x00, 0x00,
	0xFF, 0x25, 0xDA, 0x25, 0x00, 0x00, 0xFF, 0x25, 0xF4, 0x25, 0x00, 0x00,
	0xFF, 0x25, 0x16, 0x26, 0x00, 0x00, 0xFF, 0x25, 0x68, 0x26, 0x00, 0x00,
	0xFF, 0x25, 0x5A, 0x26, 0x00, 0x00, 0xFF, 0x25, 0x4C, 0x26, 0x00, 0x00,
	0xFF, 0x25, 0x3E, 0x26, 0x00, 0x00, 0xFF, 0x25, 0x30, 0x26, 0x00, 0x00,
	0xFF, 0x25, 0x22, 0x26, 0x00, 0x00, 0xFF, 0x25, 0x94, 0x25, 0x00, 0x00,
	0xFF, 0x25, 0x0E, 0x26, 0x00, 0x00, 0xFF, 0x25, 0xB0, 0x25, 0x00, 0x00,
	0xFF, 0x25, 0xF2, 0x25, 0x00, 0x00, 0xFF, 0x25, 0xE4, 0x25, 0x00, 0x00,
	0xFF, 0x25, 0xD6, 0x25, 0x00, 0x00, 0xFF, 0x25, 0x38, 0x26, 0x00, 0x00,
	0xFF, 0x25, 0xB2, 0x25, 0x00, 0x00, 0xFF, 0x25, 0x9C, 0x25, 0x00, 0x00,
	0xFF, 0x25, 0x76, 0x25, 0x00, 0x00, 0xFF, 0x25, 0x78, 0x25, 0x00, 0x00,
	0xFF, 0x25, 0x3A, 0x25, 0x00, 0x00, 0xFF, 0x25, 0x24, 0x25, 0x00, 0x00,
	0xFF, 0x25, 0x06, 0x26, 0x00, 0x00, 0xFF, 0x25, 0x10, 0x25, 0x00, 0x00,
	0x48, 0x8B, 0xC4, 0x48, 0x89, 0x58, 0x08, 0x48, 0x89, 0x68, 0x10, 0x48,
	0x89, 0x70, 0x18, 0x48, 0x89, 0x78, 0x20, 0x41, 0x56, 0x48, 0x83, 0xEC,
	0x20, 0x49, 0x8B, 0x59, 0x38, 0x48, 0x8B, 0xF2, 0x4D, 0x8B, 0xF0, 0x48,
	0x8B, 0xE9, 0x49, 0x8B, 0xD1, 0x48, 0x8B, 0xCE, 0x49, 0x8B, 0xF9, 0x4C,
	0x8D, 0x43, 0x04, 0xE8, 0x64, 0xF6, 0xFF, 0xFF, 0x8B, 0x45, 0x04, 0x24,
	0x66, 0xF6, 0xD8, 0xB8, 0x01, 0x00, 0x00, 0x00, 0x45, 0x1B, 0xC9, 0x41,
	0xF7, 0xD9, 0x44, 0x03, 0xC8, 0x44, 0x85, 0x4B, 0x04, 0x74, 0x11, 0x4C,
	0x8B, 0xCF, 0x4D, 0x8B, 0xC6, 0x48, 0x8B, 0xD6, 0x48, 0x8B, 0xCD, 0xE8,
	0xC4, 0xFE, 0xFF, 0xFF, 0x48, 0x8B, 0x5C, 0x24, 0x30, 0x48, 0x8B, 0x6C,
	0x24, 0x38, 0x48, 0x8B, 0x74, 0x24, 0x40, 0x48, 0x8B, 0x7C, 0x24, 0x48,
	0x48, 0x83, 0xC4, 0x20, 0x41, 0x5E, 0xC3, 0xFF, 0x25, 0x03, 0x24, 0x00,
	0x00, 0xFF, 0x25, 0xAD, 0x24, 0x00, 0x00, 0xCC, 0xCC, 0xCC, 0xCC, 0xCC,
	0xCC, 0xCC, 0xCC, 0xCC, 0xCC, 0xCC, 0xCC, 0xCC, 0xCC, 0xCC, 0xCC, 0xCC,
	0xCC, 0xCC, 0x66, 0x66, 0x0F, 0x1F, 0x84, 0x00, 0x00, 0x00, 0x00, 0x00,
	0xFF, 0xE0, 0xCC, 0xCC, 0xCC, 0xCC, 0xCC, 0xCC, 0xCC, 0xCC, 0xCC, 0xCC,
	0xCC, 0xCC, 0xCC, 0xCC, 0xCC, 0xCC, 0xCC, 0xCC, 0xCC, 0xCC, 0x66, 0x66,
	0x0F, 0x1F, 0x84, 0x00, 0x00, 0x00, 0x00, 0x00, 0xFF, 0x25, 0x6A, 0x25,
	0x00, 0x00, 0xCC, 0xCC, 0xCC, 0xCC, 0xCC, 0xCC, 0xCC, 0xCC, 0xCC, 0xCC,
	0x48, 0x8B, 0x8A, 0x20, 0x00, 0x00, 0x00, 0xE9, 0x84, 0x35, 0xFF, 0xFF,
	0xCC, 0xCC, 0xCC, 0xCC, 0x48, 0x8D, 0x8A, 0x30, 0x00, 0x00, 0x00, 0xE9,
	0x64, 0xA2, 0xFF, 0xFF, 0xCC, 0xCC, 0xCC, 0xCC, 0x48, 0x8D, 0x8A, 0x20,
	0x00, 0x00, 0x00, 0xE9, 0x84, 0xA2, 0xFF, 0xFF, 0xCC, 0xCC, 0xCC, 0xCC,
	0x48, 0x8D, 0x8A, 0x28, 0x00, 0x00, 0x00, 0xE9, 0x74, 0xA2, 0xFF, 0xFF,
	0xCC, 0xCC, 0xCC, 0xCC, 0x48, 0x8D, 0x8A, 0x30, 0x00, 0x00, 0x00, 0xE9,
	0x14, 0xA2, 0xFF, 0xFF, 0xCC, 0xCC, 0xCC, 0xCC, 0x48, 0x8D, 0x8A, 0x30,
	0x00, 0x00, 0x00, 0xE9, 0x14, 0x40, 0xFF, 0xFF, 0xCC, 0xCC, 0xCC, 0xCC,
	0x48, 0x89, 0x54, 0x24, 0x10, 0x55, 0x48, 0x83, 0xEC, 0x20, 0x48, 0x8B,
	0xEA, 0x48, 0xB8, 0x00, 0x00, 0x00, 0x00, 0x00, 0x00, 0x00, 0x00, 0x48,
	0x83, 0xC4, 0x20, 0x5D, 0xC3, 0xCC, 0x48, 0x89, 0x54, 0x24, 0x10, 0x55,
	0x48, 0x83, 0xEC, 0x20, 0x48, 0x8B, 0xEA, 0x48, 0xB8, 0x00, 0x00, 0x00,
	0x00, 0x00, 0x00, 0x00, 0x00, 0x48, 0x83, 0xC4, 0x20, 0x5D, 0xC3, 0xCC,
	0x48, 0x89, 0x54, 0x24, 0x10, 0x53, 0x55, 0x48, 0x83, 0xEC, 0x28, 0x48,
	0x8B, 0xEA, 0x48, 0x8B, 0x5D, 0x40, 0x48, 0x8B, 0xCB, 0xE8, 0x2A, 0x47,
	0xFF, 0xFF, 0x84, 0xC0, 0x75, 0x1F, 0x48, 0x8D, 0x4D, 0x20, 0xE8, 0x0D,
	0x35, 0xFF, 0xFF, 0x90, 0x48, 0x8B, 0xD0, 0x48, 0x8B, 0xCB, 0xE8, 0x81,
	0x44, 0xFF, 0xFF, 0x90, 0x48, 0x8D, 0x4D, 0x20, 0xE8, 0xB7, 0x34, 0xFF,
	0xFF, 0x48, 0x8D, 0x4B, 0x10, 0xE8, 0x9E, 0x91, 0xFF, 0xFF, 0x48, 0x8B,
	0xC8, 0xE8, 0x56, 0x40, 0xFF, 0xFF, 0x90, 0x48, 0x8D, 0x8A, 0x20, 0x00,
	0x00, 0x00, 0xE9, 0x99, 0x34, 0xFF, 0xFF, 0xCC, 0xCC, 0xCC, 0xCC, 0xCC,
	0xCC, 0xCC, 0xCC, 0xCC, 0x48, 0x8D, 0x8A, 0x50, 0x00, 0x00, 0x00, 0xE9,
	0xF4, 0x3E, 0xFF, 0xFF, 0x40, 0x55, 0x48, 0x83, 0xEC, 0x20, 0x48, 0x8B,
	0xEA, 0xBA, 0x48, 0x00, 0x00, 0x00, 0x48, 0x8B, 0x4D, 0x40, 0xE8, 0xD9,
	0xF1, 0xFF, 0xFF, 0x48, 0x83, 0xC4, 0x20, 0x5D, 0xC3, 0x48, 0x8B, 0x8A,
	0x48, 0x00, 0x00, 0x00, 0x48, 0x83, 0xC1, 0x08, 0xE9, 0x57, 0x34, 0xFF,
	0xFF, 0x48, 0x8D, 0x8A, 0x30, 0x00, 0x00, 0x00, 0xE9, 0x0B, 0x3E, 0xFF,
	0xFF, 0xCC, 0xCC, 0xCC, 0xCC, 0xCC, 0xCC, 0xCC, 0xCC, 0xCC, 0xCC, 0xCC,
	0x48, 0x8B, 0x8A, 0x30, 0x00, 0x00, 0x00, 0xE9, 0x34, 0x4C, 0xFF, 0xFF,
	0x48, 0x8D, 0x8A, 0x20, 0x00, 0x00, 0x00, 0xE9, 0x28, 0x4C, 0xFF, 0xFF,
	0xCC, 0xCC, 0xCC, 0xCC, 0xCC, 0xCC, 0xCC, 0xCC, 0x48, 0x8D, 0x8A, 0x20,
	0x00, 0x00, 0x00, 0xE9, 0xE4, 0xA0, 0xFF, 0xFF, 0x48, 0x89, 0x54, 0x24,
	0x10, 0x55, 0x48, 0x83, 0xEC, 0x20, 0x48, 0x8B, 0xEA, 0x48, 0xB8, 0x00,
	0x00, 0x00, 0x00, 0x00, 0x00, 0x00, 0x00, 0x48, 0x83, 0xC4, 0x20, 0x5D,
	0xC3, 0xCC, 0x48, 0x89, 0x54, 0x24, 0x10, 0x55, 0x48, 0x83, 0xEC, 0x20,
	0x48, 0x8B, 0xEA, 0x48, 0xB8, 0x00, 0x00, 0x00, 0x00, 0x00, 0x00, 0x00,
	0x00, 0x48, 0x83, 0xC4, 0x20, 0x5D, 0xC3, 0xCC, 0x48, 0x89, 0x54, 0x24,
	0x10, 0x53, 0x55, 0x48, 0x83, 0xEC, 0x28, 0x48, 0x8B, 0xEA, 0x48, 0x8B,
	0x5D, 0x30, 0x48, 0x83, 0x7B, 0x10, 0x00, 0x75, 0x35, 0x0F, 0x57, 0xC9,
	0xF3, 0x0F, 0x7F, 0x4D, 0x20, 0x48, 0x8D, 0x4D, 0x20, 0xFF, 0x15, 0x1D,
	0x21, 0x00, 0x00, 0x48, 0x8D, 0x4D, 0x20, 0xFF, 0x15, 0x73, 0x20, 0x00,
	0x00, 0x90, 0x48, 0x8D, 0x55, 0x20, 0x48, 0x8B, 0xCB, 0xE8, 0x56, 0x43,
	0xFF, 0xFF, 0x90, 0x48, 0x8D, 0x4D, 0x20, 0xFF, 0x15, 0x4B, 0x20, 0x00,
	0x00, 0x90, 0x48, 0xB8, 0x00, 0x00, 0x00, 0x00, 0x00, 0x00, 0x00, 0x00,
	0x48, 0x83, 0xC4, 0x28, 0x5D, 0x5B, 0xC3, 0xCC, 0x48, 0x8D, 0x8A, 0x20,
	0x00, 0x00, 0x00, 0xE9, 0x6C, 0x33, 0xFF, 0xFF, 0xCC, 0xCC, 0xCC, 0xCC,
	0xCC, 0xCC, 0xCC, 0xCC, 0xCC, 0xCC, 0xCC, 0xCC, 0x48, 0x8D, 0x8A, 0x40,
	0x00, 0x00, 0x00, 0xE9, 0x84, 0x3E, 0xFF, 0xFF, 0x40, 0x55, 0x48, 0x83,
	0xEC, 0x20, 0x48, 0x8B, 0xEA, 0xBA, 0x40, 0x00, 0x00, 0x00, 0x48, 0x8B,
	0x4D, 0x28, 0xE8, 0xA9, 0xF0, 0xFF, 0xFF, 0x48, 0x83, 0xC4, 0x20, 0x5D,
	0xC3, 0x48, 0x8B, 0x8A, 0x20, 0x00, 0x00, 0x00, 0xE9, 0x5B, 0x3E, 0xFF,
	0xFF, 0x48, 0x8D, 0x8A, 0x20, 0x00, 0x00, 0x00, 0xE9, 0xFF, 0x3D, 0xFF,
	0xFF, 0x48, 0x8D, 0x8A, 0x28, 0x00, 0x00, 0x00, 0xE9, 0xD3, 0x3C, 0xFF,
	0xFF, 0xCC, 0xCC, 0xCC, 0x48, 0x8D, 0x8A, 0xD0, 0x00, 0x00, 0x00, 0xE9,
	0xC4, 0x3C, 0xFF, 0xFF, 0x40, 0x55, 0x48, 0x83, 0xEC, 0x20, 0x48, 0x8B,
	0xEA, 0x8B, 0x45, 0x30, 0x83, 0xE0, 0x01, 0x85, 0xC0, 0x74, 0x0D, 0x83,
	0x65, 0x30, 0xFE, 0x48, 0x8D, 0x4D, 0x20, 0xE8, 0x44, 0x3E, 0xFF, 0xFF,
	0x48, 0x83, 0xC4, 0x20, 0x5D, 0xC3, 0x48, 0x8D, 0x8A, 0x78, 0x00, 0x00,
	0x00, 0xE9, 0xF2, 0x4A, 0xFF, 0xFF, 0x48, 0x8B, 0x8A, 0x20, 0x00, 0x00,
	0x00, 0xE9, 0xF6, 0x3D, 0xFF, 0xFF, 0x48, 0x8B, 0x8A, 0x30, 0x00, 0x00,
	0x00, 0xE9, 0xEA, 0x3D, 0xFF, 0xFF, 0x48, 0x89, 0x54, 0x24, 0x10, 0x55,
	0x48, 0x83, 0xEC, 0x20, 0x48, 0x8B, 0xEA, 0x0F, 0x57, 0xC9, 0xF3, 0x0F,
	0x7F, 0x4D, 0x20, 0x48, 0x8D, 0x4D, 0x20, 0xFF, 0x15, 0x0B, 0x20, 0x00,
	0x00, 0x48, 0x8D, 0x4D, 0x20, 0xFF, 0x15, 0x61, 0x1F, 0x00, 0x00, 0x90,
	0x48, 0x8D, 0x55, 0x20, 0x48, 0x8B, 0x8D, 0xD0, 0x00, 0x00, 0x00, 0xE8,
	0x40, 0x42, 0xFF, 0xFF, 0x90, 0x48, 0x8D, 0x4D, 0x20, 0xFF, 0x15, 0x35,
	0x1F, 0x00, 0x00, 0x90, 0x48, 0xB8, 0x00, 0x00, 0x00, 0x00, 0x00, 0x00,
	0x00, 0x00, 0x48, 0x83, 0xC4, 0x20, 0x5D, 0xC3, 0xCC, 0x48, 0x8D, 0x8A,
	0x20, 0x00, 0x00, 0x00, 0xE9, 0x57, 0x32, 0xFF, 0xFF, 0xCC, 0xCC, 0xCC,
	0xCC, 0xCC, 0xCC, 0xCC, 0x48, 0x8D, 0x8A, 0x30, 0x00, 0x00, 0x00, 0xE9,
	0x04, 0x3C, 0xFF, 0xFF, 0xCC, 0xCC, 0xCC, 0xCC, 0x48, 0x8B, 0x8A, 0x80,
	0x00, 0x00, 0x00, 0xE9, 0x64, 0x3D, 0xFF, 0xFF, 0x48, 0x8D, 0x8A, 0x40,
	0x00, 0x00, 0x00, 0xE9, 0x58, 0x3D, 0xFF, 0xFF, 0x48, 0x8B, 0x8A, 0x38,
	0x00, 0x00, 0x00, 0xE9, 0x4C, 0x3D, 0xFF, 0xFF, 0x48, 0x8D, 0x8A, 0x28,
	0x00, 0x00, 0x00, 0xE9, 0x90, 0xB2, 0xFF, 0xFF, 0x48, 0x8B, 0x8A, 0x30,
	0x00, 0x00, 0x00, 0xE9, 0x34, 0x3D, 0xFF, 0xFF, 0xCC, 0xCC, 0xCC, 0xCC,
	0x48, 0x8D, 0x8A, 0xB8, 0x02, 0x00, 0x00, 0xE9, 0xA4, 0x8B, 0xFF, 0xFF,
	0x48, 0x8D, 0x8A, 0xA0, 0x06, 0x00, 0x00, 0xE9, 0x98, 0x8B, 0xFF, 0xFF,
	0x48, 0x8D, 0x8A, 0xC0, 0x06, 0x00, 0x00, 0xE9, 0x8C, 0x8B, 0xFF, 0xFF,
	0x40, 0x55, 0x48, 0x83, 0xEC, 0x20, 0x48, 0x8B, 0xEA, 0x4C, 0x8D, 0x0D,
	0x7C, 0x8B, 0xFF, 0xFF, 0x41, 0xB8, 0x03, 0x00, 0x00, 0x00, 0xBA, 0x20,
	0x00, 0x00, 0x00, 0x48, 0x8D, 0x8D, 0xA0, 0x06, 0x00, 0x00, 0xE8, 0x19,
	0xEC, 0xFF, 0xFF, 0x48, 0x83, 0xC4, 0x20, 0x5D, 0xC3, 0x48, 0x8D, 0x8A,
	0x30, 0x0A, 0x00, 0x00, 0xE9, 0x53, 0xC8, 0xFF, 0xFF, 0x48, 0x8D, 0x8A,
	0x20, 0x00, 0x00, 0x00, 0xE9, 0x67, 0xD1, 0xFF, 0xFF, 0x48, 0x8D, 0x8A,
	0x40, 0x01, 0x00, 0x00, 0xE9, 0xBB, 0x96, 0xFF, 0xFF, 0x48, 0x8D, 0x8A,
	0x80, 0x07, 0x00, 0x00, 0xE9, 0x2F, 0x8B, 0xFF, 0xFF, 0x48, 0x8D, 0x8A,
	0x80, 0x07, 0x00, 0x00, 0xE9, 0x93, 0x4E, 0xFF, 0xFF, 0x48, 0x8D, 0x8A,
	0x98, 0x02, 0x00, 0x00, 0xE9, 0x17, 0x8B, 0xFF, 0xFF, 0x48, 0x8D, 0x8A,
	0x40, 0x06, 0x00, 0x00, 0xE9, 0x0B, 0x8B, 0xFF, 0xFF, 0x48, 0x8D, 0x8A,
	0x60, 0x06, 0x00, 0x00, 0xE9, 0xFF, 0x8A, 0xFF, 0xFF, 0x40, 0x55, 0x48,
	0x83, 0xEC, 0x20, 0x48, 0x8B, 0xEA, 0x4C, 0x8D, 0x0D, 0xEF, 0x8A, 0xFF,
	0xFF, 0x41, 0xB8, 0x03, 0x00, 0x00, 0x00, 0xBA, 0x20, 0x00, 0x00, 0x00,
	0x48, 0x8D, 0x8D, 0x40, 0x06, 0x00, 0x00, 0xE8, 0x8C, 0xEB, 0xFF, 0xFF,
	0x48, 0x83, 0xC4, 0x20, 0x5D, 0xC3, 0x48, 0x8D, 0x8A, 0x30, 0x0A, 0x00,
	0x00, 0xE9, 0xC6, 0xC7, 0xFF, 0xFF, 0x48, 0x8D, 0x8A, 0x20, 0x00, 0x00,
	0x00, 0xE9, 0xDA, 0xD0, 0xFF, 0xFF, 0x48, 0x8D, 0x8A, 0x28, 0x01, 0x00,
	0x00, 0xE9, 0x2E, 0x96, 0xFF, 0xFF, 0x48, 0x8D, 0x8A, 0xB8, 0x07, 0x00,
	0x00, 0xE9, 0xA2, 0x8A, 0xFF, 0xFF, 0x48, 0x8D, 0x8A, 0xB8, 0x07, 0x00,
	0x00, 0xE9, 0x06, 0x4E, 0xFF, 0xFF, 0x48, 0x8D, 0x8A, 0x78, 0x02, 0x00,
	0x00, 0xE9, 0x8A, 0x8A, 0xFF, 0xFF, 0x48, 0x8D, 0x8A, 0xE0, 0x05, 0x00,
	0x00, 0xE9, 0x7E, 0x8A, 0xFF, 0xFF, 0x48, 0x8D, 0x8A, 0x00, 0x06, 0x00,
	0x00, 0xE9, 0x72, 0x8A, 0xFF, 0xFF, 0x40, 0x55, 0x48, 0x83, 0xEC, 0x20,
	0x48, 0x8B, 0xEA, 0x4C, 0x8D, 0x0D, 0x62, 0x8A, 0xFF, 0xFF, 0x41, 0xB8,
	0x03, 0x00, 0x00, 0x00, 0xBA, 0x20, 0x00, 0x00, 0x00, 0x48, 0x8D, 0x8D,
	0xE0, 0x05, 0x00, 0x00, 0xE8, 0xFF, 0xEA, 0xFF, 0xFF, 0x48, 0x83, 0xC4,
	0x20, 0x5D, 0xC3, 0x48, 0x8D, 0x8A, 0x30, 0x0A, 0x00, 0x00, 0xE9, 0x39,
	0xC7, 0xFF, 0xFF, 0x48, 0x8D, 0x8A, 0x20, 0x00, 0x00, 0x00, 0xE9, 0x4D,
	0xD0, 0xFF, 0xFF, 0x48, 0x8D, 0x8A, 0x10, 0x01, 0x00, 0x00, 0xE9, 0xA1,
	0x95, 0xFF, 0xFF, 0x48, 0x8D, 0x8A, 0xF0, 0x07, 0x00, 0x00, 0xE9, 0x15,
	0x8A, 0xFF, 0xFF, 0x48, 0x8D, 0x8A, 0xF0, 0x07, 0x00, 0x00, 0xE9, 0x79,
	0x4D, 0xFF, 0xFF, 0x48, 0x8D, 0x8A, 0x58, 0x02, 0x00, 0x00, 0xE9, 0xFD,
	0x89, 0xFF, 0xFF, 0x48, 0x8D, 0x8A, 0x80, 0x05, 0x00, 0x00, 0xE9, 0xF1,
	0x89, 0xFF, 0xFF, 0x48, 0x8D, 0x8A, 0xA0, 0x05, 0x00, 0x00, 0xE9, 0xE5,
	0x89, 0xFF, 0xFF, 0x40, 0x55, 0x48, 0x83, 0xEC, 0x20, 0x48, 0x8B, 0xEA,
	0x4C, 0x8D, 0x0D, 0xD5, 0x89, 0xFF, 0xFF, 0x41, 0xB8, 0x03, 0x00, 0x00,
	0x00, 0xBA, 0x20, 0x00, 0x00, 0x00, 0x48, 0x8D, 0x8D, 0x80, 0x05, 0x00,
	0x00, 0xE8, 0x72, 0xEA, 0xFF, 0xFF, 0x48, 0x83, 0xC4, 0x20, 0x5D, 0xC3,
	0x48, 0x8D, 0x8A, 0x30, 0x0A, 0x00, 0x00, 0xE9, 0xAC, 0xC6, 0xFF, 0xFF,
	0x48, 0x8D, 0x8A, 0x20, 0x00, 0x00, 0x00, 0xE9, 0xC0, 0xCF, 0xFF, 0xFF,
	0x48, 0x8D, 0x8A, 0xF8, 0x00, 0x00, 0x00, 0xE9, 0x14, 0x95, 0xFF, 0xFF,
	0x48, 0x8D, 0x8A, 0x28, 0x08, 0x00, 0x00, 0xE9, 0x88, 0x89, 0xFF, 0xFF,
	0x48, 0x8D, 0x8A, 0x28, 0x08, 0x00, 0x00, 0xE9, 0xEC, 0x4C, 0xFF, 0xFF,
	0x48, 0x8D, 0x8A, 0x38, 0x02, 0x00, 0x00, 0xE9, 0x70, 0x89, 0xFF, 0xFF,
	0x48, 0x8D, 0x8A, 0x20, 0x05, 0x00, 0x00, 0xE9, 0x64, 0x89, 0xFF, 0xFF,
	0x48, 0x8D, 0x8A, 0x40, 0x05, 0x00, 0x00, 0xE9, 0x58, 0x89, 0xFF, 0xFF,
	0x40, 0x55, 0x48, 0x83, 0xEC, 0x20, 0x48, 0x8B, 0xEA, 0x4C, 0x8D, 0x0D,
	0x48, 0x89, 0xFF, 0xFF, 0x41, 0xB8, 0x03, 0x00, 0x00, 0x00, 0xBA, 0x20,
	0x00, 0x00, 0x00, 0x48, 0x8D, 0x8D, 0x20, 0x05, 0x00, 0x00, 0xE8, 0xE5,
	0xE9, 0xFF, 0xFF, 0x48, 0x83, 0xC4, 0x20, 0x5D, 0xC3, 0x48, 0x8D, 0x8A,
	0x30, 0x0A, 0x00, 0x00, 0xE9, 0x1F, 0xC6, 0xFF, 0xFF, 0x48, 0x8D, 0x8A,
	0x20, 0x00, 0x00, 0x00, 0xE9, 0x33, 0xCF, 0xFF, 0xFF, 0x48, 0x8D, 0x8A,
	0xE0, 0x00, 0x00, 0x00, 0xE9, 0x87, 0x94, 0xFF, 0xFF, 0x48, 0x8D, 0x8A,
	0x60, 0x08, 0x00, 0x00, 0xE9, 0xFB, 0x88, 0xFF, 0xFF, 0x48, 0x8D, 0x8A,
	0x60, 0x08, 0x00, 0x00, 0xE9, 0x5F, 0x4C, 0xFF, 0xFF, 0x48, 0x8D, 0x8A,
	0x18, 0x02, 0x00, 0x00, 0xE9, 0xE3, 0x88, 0xFF, 0xFF, 0x48, 0x8D, 0x8A,
	0xC0, 0x04, 0x00, 0x00, 0xE9, 0xD7, 0x88, 0xFF, 0xFF, 0x48, 0x8D, 0x8A,
	0xE0, 0x04, 0x00, 0x00, 0xE9, 0xCB, 0x88, 0xFF, 0xFF, 0x40, 0x55, 0x48,
	0x83, 0xEC, 0x20, 0x48, 0x8B, 0xEA, 0x4C, 0x8D, 0x0D, 0xBB, 0x88, 0xFF,
	0xFF, 0x41, 0xB8, 0x03, 0x00, 0x00, 0x00, 0xBA, 0x20, 0x00, 0x00, 0x00,
	0x48, 0x8D, 0x8D, 0xC0, 0x04, 0x00, 0x00, 0xE8, 0x58, 0xE9, 0xFF, 0xFF,
	0x48, 0x83, 0xC4, 0x20, 0x5D, 0xC3, 0x48, 0x8D, 0x8A, 0x30, 0x0A, 0x00,
	0x00, 0xE9, 0x92, 0xC5, 0xFF, 0xFF, 0x48, 0x8D, 0x8A, 0x20, 0x00, 0x00,
	0x00, 0xE9, 0xA6, 0xCE, 0xFF, 0xFF, 0x48, 0x8D, 0x8A, 0xC8, 0x00, 0x00,
	0x00, 0xE9, 0xFA, 0x93, 0xFF, 0xFF, 0x48, 0x8D, 0x8A, 0x98, 0x08, 0x00,
	0x00, 0xE9, 0x6E, 0x88, 0xFF, 0xFF, 0x48, 0x8D, 0x8A, 0x98, 0x08, 0x00,
	0x00, 0xE9, 0xD2, 0x4B, 0xFF, 0xFF, 0x48, 0x8D, 0x8A, 0xF8, 0x01, 0x00,
	0x00, 0xE9, 0x56, 0x88, 0xFF, 0xFF, 0x48, 0x8D, 0x8A, 0x60, 0x04, 0x00,
	0x00, 0xE9, 0x4A, 0x88, 0xFF, 0xFF, 0x48, 0x8D, 0x8A, 0x80, 0x04, 0x00,
	0x00, 0xE9, 0x3E, 0x88, 0xFF, 0xFF, 0x40, 0x55, 0x48, 0x83, 0xEC, 0x20,
	0x48, 0x8B, 0xEA, 0x4C, 0x8D, 0x0D, 0x2E, 0x88, 0xFF, 0xFF, 0x41, 0xB8,
	0x03, 0x00, 0x00, 0x00, 0xBA, 0x20, 0x00, 0x00, 0x00, 0x48, 0x8D, 0x8D,
	0x60, 0x04, 0x00, 0x00, 0xE8, 0xCB, 0xE8, 0xFF, 0xFF, 0x48, 0x83, 0xC4,
	0x20, 0x5D, 0xC3, 0x48, 0x8D, 0x8A, 0x30, 0x0A, 0x00, 0x00, 0xE9, 0x05,
	0xC5, 0xFF, 0xFF, 0x48, 0x8D, 0x8A, 0x20, 0x00, 0x00, 0x00, 0xE9, 0x19,
	0xCE, 0xFF, 0xFF, 0x48, 0x8D, 0x8A, 0xB0, 0x00, 0x00, 0x00, 0xE9, 0x6D,
	0x93, 0xFF, 0xFF, 0x48, 0x8D, 0x8A, 0xD0, 0x08, 0x00, 0x00, 0xE9, 0xE1,
	0x87, 0xFF, 0xFF, 0x48, 0x8D, 0x8A, 0xD0, 0x08, 0x00, 0x00, 0xE9, 0x45,
	0x4B, 0xFF, 0xFF, 0x48, 0x8D, 0x8A, 0xD8, 0x01, 0x00, 0x00, 0xE9, 0xC9,
	0x87, 0xFF, 0xFF, 0x48, 0x8D, 0x8A, 0x00, 0x04, 0x00, 0x00, 0xE9, 0xBD,
	0x87, 0xFF, 0xFF, 0x48, 0x8D, 0x8A, 0x20, 0x04, 0x00, 0x00, 0xE9, 0xB1,
	0x87, 0xFF, 0xFF, 0x40, 0x55, 0x48, 0x83, 0xEC, 0x20, 0x48, 0x8B, 0xEA,
	0x4C, 0x8D, 0x0D, 0xA1, 0x87, 0xFF, 0xFF, 0x41, 0xB8, 0x03, 0x00, 0x00,
	0x00, 0xBA, 0x20, 0x00, 0x00, 0x00, 0x48, 0x8D, 0x8D, 0x00, 0x04, 0x00,
	0x00, 0xE8, 0x3E, 0xE8, 0xFF, 0xFF, 0x48, 0x83, 0xC4, 0x20, 0x5D, 0xC3,
	0x48, 0x8D, 0x8A, 0x30, 0x0A, 0x00, 0x00, 0xE9, 0x78, 0xC4, 0xFF, 0xFF,
	0x48, 0x8D, 0x8A, 0x20, 0x00, 0x00, 0x00, 0xE9, 0x8C, 0xCD, 0xFF, 0xFF,
	0x48, 0x8D, 0x8A, 0x98, 0x00, 0x00, 0x00, 0xE9, 0xE0, 0x92, 0xFF, 0xFF,
	0x48, 0x8D, 0x8A, 0x08, 0x09, 0x00, 0x00, 0xE9, 0x54, 0x87, 0xFF, 0xFF,
	0x48, 0x8D, 0x8A, 0x08, 0x09, 0x00, 0x00, 0xE9, 0xB8, 0x4A, 0xFF, 0xFF,
	0x48, 0x8D, 0x8A, 0xB8, 0x01, 0x00, 0x00, 0xE9, 0x3C, 0x87, 0xFF, 0xFF,
	0x48, 0x8D, 0x8A, 0xA0, 0x03, 0x00, 0x00, 0xE9, 0x30, 0x87, 0xFF, 0xFF,
	0x48, 0x8D, 0x8A, 0xC0, 0x03, 0x00, 0x00, 0xE9, 0x24, 0x87, 0xFF, 0xFF,
	0x40, 0x55, 0x48, 0x83, 0xEC, 0x20, 0x48, 0x8B, 0xEA, 0x4C, 0x8D, 0x0D,
	0x14, 0x87, 0xFF, 0xFF, 0x41, 0xB8, 0x03, 0x00, 0x00, 0x00, 0xBA, 0x20,
	0x00, 0x00, 0x00, 0x48, 0x8D, 0x8D, 0xA0, 0x03, 0x00, 0x00, 0xE8, 0xB1,
	0xE7, 0xFF, 0xFF, 0x48, 0x83, 0xC4, 0x20, 0x5D, 0xC3, 0x48, 0x8D, 0x8A,
	0x30, 0x0A, 0x00, 0x00, 0xE9, 0xEB, 0xC3, 0xFF, 0xFF, 0x48, 0x8D, 0x8A,
	0x20, 0x00, 0x00, 0x00, 0xE9, 0xFF, 0xCC, 0xFF, 0xFF, 0x48, 0x8D, 0x8A,
	0x80, 0x00, 0x00, 0x00, 0xE9, 0x53, 0x92, 0xFF, 0xFF, 0x48, 0x8D, 0x8A,
	0x40, 0x09, 0x00, 0x00, 0xE9, 0xC7, 0x86, 0xFF, 0xFF, 0x48, 0x8D, 0x8A,
	0x40, 0x09, 0x00, 0x00, 0xE9, 0x2B, 0x4A, 0xFF, 0xFF, 0x48, 0x8D, 0x8A,
	0x98, 0x01, 0x00, 0x00, 0xE9, 0xAF, 0x86, 0xFF, 0xFF, 0x48, 0x8D, 0x8A,
	0x00, 0x07, 0x00, 0x00, 0xE9, 0xA3, 0x86, 0xFF, 0xFF, 0x48, 0x8D, 0x8A,
	0x20, 0x07, 0x00, 0x00, 0xE9, 0x97, 0x86, 0xFF, 0xFF, 0x48, 0x8D, 0x8A,
	0x40, 0x07, 0x00, 0x00, 0xE9, 0x8B, 0x86, 0xFF, 0xFF, 0x40, 0x55, 0x48,
	0x83, 0xEC, 0x20, 0x48, 0x8B, 0xEA, 0x4C, 0x8D, 0x0D, 0x7B, 0x86, 0xFF,
	0xFF, 0x41, 0xB8, 0x04, 0x00, 0x00, 0x00, 0xBA, 0x20, 0x00, 0x00, 0x00,
	0x48, 0x8D, 0x8D, 0x00, 0x07, 0x00, 0x00, 0xE8, 0x18, 0xE7, 0xFF, 0xFF,
	0x48, 0x83, 0xC4, 0x20, 0x5D, 0xC3, 0x48, 0x8D, 0x8A, 0x30, 0x0A, 0x00,
	0x00, 0xE9, 0x52, 0xC3, 0xFF, 0xFF, 0x48, 0x8D, 0x8A, 0x20, 0x00, 0x00,
	0x00, 0xE9, 0x66, 0xCC, 0xFF, 0xFF, 0x48, 0x8D, 0x8A, 0x68, 0x00, 0x00,
	0x00, 0xE9, 0xBA, 0x91, 0xFF, 0xFF, 0x48, 0x8D, 0x8A, 0x78, 0x09, 0x00,
	0x00, 0xE9, 0x2E, 0x86, 0xFF, 0xFF, 0x48, 0x8D, 0x8A, 0x78, 0x09, 0x00,
	0x00, 0xE9, 0x92, 0x49, 0xFF, 0xFF, 0x48, 0x8D, 0x8A, 0x78, 0x01, 0x00,
	0x00, 0xE9, 0x16, 0x86, 0xFF, 0xFF, 0x48, 0x8D, 0x8A, 0x40, 0x03, 0x00,
	0x00, 0xE9, 0x0A, 0x86, 0xFF, 0xFF, 0x48, 0x8D, 0x8A, 0x60, 0x03, 0x00,
	0x00, 0xE9, 0xFE, 0x85, 0xFF, 0xFF, 0x40, 0x55, 0x48, 0x83, 0xEC, 0x20,
	0x48, 0x8B, 0xEA, 0x4C, 0x8D, 0x0D, 0xEE, 0x85, 0xFF, 0xFF, 0x41, 0xB8,
	0x03, 0x00, 0x00, 0x00, 0xBA, 0x20, 0x00, 0x00, 0x00, 0x48, 0x8D, 0x8D,
	0x40, 0x03, 0x00, 0x00, 0xE8, 0x8B, 0xE6, 0xFF, 0xFF, 0x48, 0x83, 0xC4,
	0x20, 0x5D, 0xC3, 0x48, 0x8D, 0x8A, 0x30, 0x0A, 0x00, 0x00, 0xE9, 0xC5,
	0xC2, 0xFF, 0xFF, 0x48, 0x8D, 0x8A, 0x20, 0x00, 0x00, 0x00, 0xE9, 0xD9,
	0xCB, 0xFF, 0xFF, 0x48, 0x8D, 0x8A, 0x50, 0x00, 0x00, 0x00, 0xE9, 0x2D,
	0x91, 0xFF, 0xFF, 0x48, 0x8D, 0x8A, 0xB0, 0x09, 0x00, 0x00, 0xE9, 0xA1,
	0x85, 0xFF, 0xFF, 0x48, 0x8D, 0x8A, 0xB0, 0x09, 0x00, 0x00, 0xE9, 0x05,
	0x49, 0xFF, 0xFF, 0x48, 0x8D, 0x8A, 0x58, 0x01, 0x00, 0x00, 0xE9, 0x89,
	0x85, 0xFF, 0xFF, 0x48, 0x8D, 0x8A, 0xE0, 0x02, 0x00, 0x00, 0xE9, 0x7D,
	0x85, 0xFF, 0xFF, 0x48, 0x8D, 0x8A, 0x00, 0x03, 0x00, 0x00, 0xE9, 0x71,
	0x85, 0xFF, 0xFF, 0x40, 0x55, 0x48, 0x83, 0xEC, 0x20, 0x48, 0x8B, 0xEA,
	0x4C, 0x8D, 0x0D, 0x61, 0x85, 0xFF, 0xFF, 0x41, 0xB8, 0x03, 0x00, 0x00,
	0x00, 0xBA, 0x20, 0x00, 0x00, 0x00, 0x48, 0x8D, 0x8D, 0xE0, 0x02, 0x00,
	0x00, 0xE8, 0xFE, 0xE5, 0xFF, 0xFF, 0x48, 0x83, 0xC4, 0x20, 0x5D, 0xC3,
	0x48, 0x8D, 0x8A, 0x30, 0x0A, 0x00, 0x00, 0xE9, 0x38, 0xC2, 0xFF, 0xFF,
	0x48, 0x8D, 0x8A, 0x20, 0x00, 0x00, 0x00, 0xE9, 0x4C, 0xCB, 0xFF, 0xFF,
	0x48, 0x8D, 0x8A, 0x38, 0x00, 0x00, 0x00, 0xE9, 0xA0, 0x90, 0xFF, 0xFF,
	0x48, 0x8D, 0x8A, 0xE8, 0x09, 0x00, 0x00, 0xE9, 0x14, 0x85, 0xFF, 0xFF,
	0x40, 0x55, 0x48, 0x83, 0xEC, 0x20, 0x48, 0x8B, 0xEA, 0x4C, 0x8D, 0x0D,
	0x74, 0x48, 0xFF, 0xFF, 0x41, 0xB8, 0x0C, 0x00, 0x00, 0x00, 0xBA, 0x38,
	0x00, 0x00, 0x00, 0x48, 0x8D, 0x8D, 0x80, 0x07, 0x00, 0x00, 0xE8, 0xA1,
	0xE5, 0xFF, 0xFF, 0x48, 0x83, 0xC4, 0x20, 0x5D, 0xC3, 0x48, 0x8D, 0x0D,
	0x40, 0xC6, 0x00, 0x00, 0x48, 0x83, 0xC1, 0x08, 0xE9, 0xD7, 0x8E, 0xFF,
	0xFF, 0x48, 0x8D, 0x0D, 0x30, 0xC6, 0x00, 0x00, 0x48, 0x83, 0xC1, 0x18,
	0xE9, 0xF7, 0x8B, 0xFF, 0xFF, 0x48, 0x8D, 0x0D, 0x20, 0xC6, 0x00, 0x00,
	0xE9, 0x4B, 0x48, 0xFF, 0xFF, 0xCC, 0xCC, 0xCC, 0xCC, 0xCC, 0xCC, 0xCC,
	0xCC, 0xCC, 0xCC, 0xCC, 0x48, 0x8D, 0x8A, 0x90, 0x00, 0x00, 0x00, 0xE9,
	0x54, 0x98, 0xFF, 0xFF, 0x48, 0x8D, 0x8A, 0x50, 0x00, 0x00, 0x00, 0xE9,
	0x98, 0x84, 0xFF, 0xFF, 0x48, 0x8D, 0x8A, 0x70, 0x00, 0x00, 0x00, 0xE9,
	0x8C, 0x84, 0xFF, 0xFF, 0x48, 0x8D, 0x8A, 0x30, 0x00, 0x00, 0x00, 0xE9,
	0x80, 0x84, 0xFF, 0xFF, 0x48, 0x8D, 0x8A, 0x30, 0x00, 0x00, 0x00, 0xE9,
	0x74, 0x84, 0xFF, 0xFF, 0x48, 0x8D, 0x8A, 0x30, 0x00, 0x00, 0x00, 0xE9,
	0x68, 0x84, 0xFF, 0xFF, 0xCC, 0xCC, 0xCC, 0xCC, 0xCC, 0xCC, 0xCC, 0xCC,
	0x40, 0x55, 0x48, 0x83, 0xEC, 0x20, 0x48, 0x8B, 0xEA, 0x8B, 0x85, 0xB0,
	0x00, 0x00, 0x00, 0x83, 0xE0, 0x01, 0x85, 0xC0, 0x74, 0x13, 0x83, 0xA5,
	0xB0, 0x00, 0x00, 0x00, 0xFE, 0x48, 0x8B, 0x8D, 0xB8, 0x00, 0x00, 0x00,
	0xE8, 0x27, 0x8D, 0xFF, 0xFF, 0x48, 0x83, 0xC4, 0x20, 0x5D, 0xC3, 0x48,
	0x8D, 0x8A, 0x98, 0x00, 0x00, 0x00, 0xE9, 0xB5, 0x8D, 0xFF, 0xFF, 0x48,
	0x8D, 0x8A, 0x80, 0x00, 0x00, 0x00, 0xE9, 0xA9, 0x8D, 0xFF, 0xFF, 0x48,
	0x8D, 0x8A, 0x50, 0x00, 0x00, 0x00, 0xE9, 0x9D, 0x8D, 0xFF, 0xFF, 0x48,
	0x8D, 0x8A, 0x38, 0x00, 0x00, 0x00, 0xE9, 0x91, 0x8D, 0xFF, 0xFF, 0x48,
	0x8D, 0x8A, 0x68, 0x00, 0x00, 0x00, 0xE9, 0x85, 0x8D, 0xFF, 0xFF, 0xCC,
	0xCC, 0xCC, 0xCC, 0xCC, 0x48, 0x8B, 0x8A, 0x90, 0x00, 0x00, 0x00, 0x48,
	0x83, 0xC1, 0x08, 0xE9, 0x60, 0x8C, 0xFF, 0xFF, 0x48, 0x8B, 0x8A, 0x90,
	0x00, 0x00, 0x00, 0x48, 0x83, 0xC1, 0x18, 0xE9, 0x00, 0x8B, 0xFF, 0xFF,
	0x40, 0x55, 0x48, 0x83, 0xEC, 0x20, 0x48, 0x8B, 0xEA, 0x8B, 0x45, 0x34,
	0x83, 0xE0, 0x01, 0x85, 0xC0, 0x74, 0x10, 0x83, 0x65, 0x34, 0xFE, 0x48,
	0x8B, 0x8D, 0x90, 0x00, 0x00, 0x00, 0xE8, 0x7D, 0x83, 0xFF, 0xFF, 0x48,
	0x83, 0xC4, 0x20, 0x5D, 0xC3, 0x48, 0x8D, 0x8A, 0x40, 0x00, 0x00, 0x00,
	0xE9, 0x2B, 0x8D, 0xFF, 0xFF, 0x48, 0x8D, 0x8A, 0x18, 0x01, 0x00, 0x00,
	0xE9, 0x7F, 0x8C, 0xFF, 0xFF, 0x48, 0x8D, 0x8A, 0x30, 0x01, 0x00, 0x00,
	0xE9, 0x83, 0x83, 0xFF, 0xFF, 0xCC, 0xCC, 0xCC, 0x48, 0x8D, 0x8A, 0x58,
	0x00, 0x00, 0x00, 0xE9, 0x04, 0x8D, 0xFF, 0xFF, 0x48, 0x8D, 0x8A, 0x78,
	0x00, 0x00, 0x00, 0xE9, 0xF8, 0x8C, 0xFF, 0xFF, 0x48, 0x8D, 0x8A, 0x90,
	0x00, 0x00, 0x00, 0xE9, 0xEC, 0x8C, 0xFF, 0xFF, 0xCC, 0xCC, 0xCC, 0xCC,
	0xCC, 0xCC, 0xCC, 0xCC, 0xCC, 0xCC, 0xCC, 0xCC, 0x40, 0x55, 0x48, 0x83,
	0xEC, 0x20, 0x48, 0x8B, 0xEA, 0x8B, 0x45, 0x20, 0x83, 0xE0, 0x01, 0x85,
	0xC0, 0x74, 0x0D, 0x83, 0x65, 0x20, 0xFE, 0x48, 0x8B, 0x4D, 0x40, 0xE8,
	0x10, 0x83, 0xFF, 0xFF, 0x48, 0x83, 0xC4, 0x20, 0x5D, 0xC3, 0xCC, 0xCC,
	0xCC, 0xCC, 0xCC, 0xCC, 0xCC, 0xCC, 0xCC, 0xCC, 0x48, 0x8D, 0x8A, 0xB0,
	0x00, 0x00, 0x00, 0xE9, 0x14, 0x83, 0xFF, 0xFF, 0x48, 0x8D, 0x8A, 0x40,
	0x02, 0x00, 0x00, 0xE9, 0x08, 0x83, 0xFF, 0xFF, 0x40, 0x55, 0x48, 0x83,
	0xEC, 0x20, 0x48, 0x8B, 0xEA, 0x4C, 0x8D, 0x0D, 0xF8, 0x82, 0xFF, 0xFF,
	0x41, 0xB8, 0x02, 0x00, 0x00, 0x00, 0xBA, 0x20, 0x00, 0x00, 0x00, 0x48,
	0x8D, 0x8D, 0x40, 0x02, 0x00, 0x00, 0xE8, 0x95, 0xE3, 0xFF, 0xFF, 0x48,
	0x83, 0xC4, 0x20, 0x5D, 0xC3, 0x48, 0x8D, 0x8A, 0x48, 0x04, 0x00, 0x00,
	0xE9, 0xCF, 0xBF, 0xFF, 0xFF, 0x48, 0x8D, 0x8A, 0x50, 0x04, 0x00, 0x00,
	0xE9, 0xE3, 0xC8, 0xFF, 0xFF, 0x48, 0x8D, 0x8A, 0x30, 0x00, 0x00, 0x00,
	0xE9, 0x37, 0x8E, 0xFF, 0xFF, 0x48, 0x8D, 0x8A, 0x20, 0x03, 0x00, 0x00,
	0xE9, 0xAB, 0x82, 0xFF, 0xFF, 0x48, 0x8D, 0x8A, 0x20, 0x03, 0x00, 0x00,
	0xE9, 0x0F, 0x46, 0xFF, 0xFF, 0x48, 0x8D, 0x8A, 0xF0, 0x00, 0x00, 0x00,
	0xE9, 0x93, 0x82, 0xFF, 0xFF, 0x48, 0x8D, 0x8A, 0x00, 0x02, 0x00, 0x00,
	0xE9, 0x87, 0x82, 0xFF, 0xFF, 0x40, 0x55, 0x48, 0x83, 0xEC, 0x20, 0x48,
	0x8B, 0xEA, 0x4C, 0x8D, 0x0D, 0x77, 0x82, 0xFF, 0xFF, 0x41, 0xB8, 0x02,
	0x00, 0x00, 0x00, 0xBA, 0x20, 0x00, 0x00, 0x00, 0x48, 0x8D, 0x8D, 0x00,
	0x02, 0x00, 0x00, 0xE8, 0x14, 0xE3, 0xFF, 0xFF, 0x48, 0x83, 0xC4, 0x20,
	0x5D, 0xC3, 0x48, 0x8D, 0x8A, 0x48, 0x04, 0x00, 0x00, 0xE9, 0x4E, 0xBF,
	0xFF, 0xFF, 0x48, 0x8D, 0x8A, 0x50, 0x04, 0x00, 0x00, 0xE9, 0x62, 0xC8,
	0xFF, 0xFF, 0x48, 0x8D, 0x8A, 0x90, 0x00, 0x00, 0x00, 0xE9, 0xB6, 0x8D,
	0xFF, 0xFF, 0x48, 0x8D, 0x8A, 0x58, 0x03, 0x00, 0x00, 0xE9, 0x2A, 0x82,
	0xFF, 0xFF, 0x48, 0x8D, 0x8A, 0x58, 0x03, 0x00, 0x00, 0xE9, 0x8E, 0x45,
	0xFF, 0xFF, 0x48, 0x8D, 0x8A, 0x98, 0x01, 0x00, 0x00, 0xE9, 0x12, 0x82,
	0xFF, 0xFF, 0x40, 0x55, 0x48, 0x83, 0xEC, 0x20, 0x48, 0x8B, 0xEA, 0x4C,
	0x8D, 0x0D, 0x02, 0x82, 0xFF, 0xFF, 0x41, 0xB8, 0x01, 0x00, 0x00, 0x00,
	0xBA, 0x20, 0x00, 0x00, 0x00, 0x48, 0x8D, 0x8D, 0x78, 0x01, 0x00, 0x00,
	0xE8, 0x9F, 0xE2, 0xFF, 0xFF, 0x48, 0x83, 0xC4, 0x20, 0x5D, 0xC3, 0x48,
	0x8D, 0x8A, 0x48, 0x04, 0x00, 0x00, 0xE9, 0xD9, 0xBE, 0xFF, 0xFF, 0x48,
	0x8D, 0x8A, 0x50, 0x04, 0x00, 0x00, 0xE9, 0xED, 0xC7, 0xFF, 0xFF, 0x48,
	0x8D, 0x8A, 0x78, 0x00, 0x00, 0x00, 0xE9, 0x41, 0x8D, 0xFF, 0xFF, 0x48,
	0x8D, 0x8A, 0x90, 0x03, 0x00, 0x00, 0xE9, 0xB5, 0x81, 0xFF, 0xFF, 0x48,
	0x8D, 0x8A, 0x90, 0x03, 0x00, 0x00, 0xE9, 0x19, 0x45, 0xFF, 0xFF, 0x48,
	0x8D, 0x8A, 0x58, 0x01, 0x00, 0x00, 0xE9, 0x9D, 0x81, 0xFF, 0xFF, 0x48,
	0x8D, 0x8A, 0xC0, 0x01, 0x00, 0x00, 0xE9, 0x91, 0x81, 0xFF, 0xFF, 0x40,
	0x55, 0x48, 0x83, 0xEC, 0x20, 0x48, 0x8B, 0xEA, 0x4C, 0x8D, 0x0D, 0x81,
	0x81, 0xFF, 0xFF, 0x41, 0xB8, 0x02, 0x00, 0x00, 0x00, 0xBA, 0x20, 0x00,
	0x00, 0x00, 0x48, 0x8D, 0x8D, 0xC0, 0x01, 0x00, 0x00, 0xE8, 0x1E, 0xE2,
	0xFF, 0xFF, 0x48, 0x83, 0xC4, 0x20, 0x5D, 0xC3, 0x48, 0x8D, 0x8A, 0x48,
	0x04, 0x00, 0x00, 0xE9, 0x58, 0xBE, 0xFF, 0xFF, 0x48, 0x8D, 0x8A, 0x50,
	0x04, 0x00, 0x00, 0xE9, 0x6C, 0xC7, 0xFF, 0xFF, 0x48, 0x8D, 0x8A, 0x60,
	0x00, 0x00, 0x00, 0xE9, 0xC0, 0x8C, 0xFF, 0xFF, 0x48, 0x8D, 0x8A, 0xC8,
	0x03, 0x00, 0x00, 0xE9, 0x34, 0x81, 0xFF, 0xFF, 0x48, 0x8D, 0x8A, 0xC8,
	0x03, 0x00, 0x00, 0xE9, 0x98, 0x44, 0xFF, 0xFF, 0x48, 0x8D, 0x8A, 0x38,
	0x01, 0x00, 0x00, 0xE9, 0x1C, 0x81, 0xFF, 0xFF, 0x40, 0x55, 0x48, 0x83,
	0xEC, 0x20, 0x48, 0x8B, 0xEA, 0x4C, 0x8D, 0x0D, 0x0C, 0x81, 0xFF, 0xFF,
	0x41, 0xB8, 0x01, 0x00, 0x00, 0x00, 0xBA, 0x20, 0x00, 0x00, 0x00, 0x48,
	0x8D, 0x8D, 0x18, 0x01, 0x00, 0x00, 0xE8, 0xA9, 0xE1, 0xFF, 0xFF, 0x48,
	0x83, 0xC4, 0x20, 0x5D, 0xC3, 0x48, 0x8D, 0x8A, 0x48, 0x04, 0x00, 0x00,
	0xE9, 0xE3, 0xBD, 0xFF, 0xFF, 0x48, 0x8D, 0x8A, 0x50, 0x04, 0x00, 0x00,
	0xE9, 0xF7, 0xC6, 0xFF, 0xFF, 0x48, 0x8D, 0x8A, 0x48, 0x00, 0x00, 0x00,
	0xE9, 0x4B, 0x8C, 0xFF, 0xFF, 0x48, 0x8D, 0x8A, 0x00, 0x04, 0x00, 0x00,
	0xE9, 0xBF, 0x80, 0xFF, 0xFF, 0x40, 0x55, 0x48, 0x83, 0xEC, 0x20, 0x48,
	0x8B, 0xEA, 0x4C, 0x8D, 0x0D, 0x1F, 0x44, 0xFF, 0xFF, 0x41, 0xB8, 0x05,
	0x00, 0x00, 0x00, 0xBA, 0x38, 0x00, 0x00, 0x00, 0x48, 0x8D, 0x8D, 0x20,
	0x03, 0x00, 0x00, 0xE8, 0x4C, 0xE1, 0xFF, 0xFF, 0x48, 0x83, 0xC4, 0x20,
	0x5D, 0xC3, 0x48, 0x8D, 0x8A, 0xA0, 0x04, 0x00, 0x00, 0x48, 0x83, 0xC1,
	0x08, 0xE9, 0x82, 0x8A, 0xFF, 0xFF, 0x48, 0x8D, 0x8A, 0xA0, 0x04, 0x00,
	0x00, 0x48, 0x83, 0xC1, 0x18, 0xE9, 0xA2, 0x87, 0xFF, 0xFF, 0x48, 0x8D,
	0x8A, 0xA0, 0x04, 0x00, 0x00, 0xE9, 0xF6, 0x43, 0xFF, 0xFF, 0x48, 0x8D,
	0x8A, 0xA0, 0x04, 0x00, 0x00, 0xE9, 0xEA, 0x43, 0xFF, 0xFF, 0x48, 0x8D,
	0x8A, 0x68, 0x04, 0x00, 0x00, 0xE9, 0xEE, 0x87, 0xFF, 0xFF, 0x48, 0x8D,
	0x8A, 0x80, 0x02, 0x00, 0x00, 0xE9, 0x42, 0x80, 0xFF, 0xFF, 0x48, 0x8D,
	0x8A, 0xA0, 0x02, 0x00, 0x00, 0xE9, 0x36, 0x80, 0xFF, 0xFF, 0x48, 0x8D,
	0x8A, 0xC0, 0x02, 0x00, 0x00, 0xE9, 0x2A, 0x80, 0xFF, 0xFF, 0x48, 0x8D,
	0x8A, 0xE0, 0x02, 0x00, 0x00, 0xE9, 0x1E, 0x80, 0xFF, 0xFF, 0x40, 0x55,
	0x48, 0x83, 0xEC, 0x20, 0x48, 0x8B, 0xEA, 0x4C, 0x8D, 0x0D, 0x0E, 0x80,
	0xFF, 0xFF, 0x41, 0xB8, 0x05, 0x00, 0x00, 0x00, 0xBA, 0x20, 0x00, 0x00,
	0x00, 0x48, 0x8D, 0x8D, 0x80, 0x02, 0x00, 0x00, 0xE8, 0xAB, 0xE0, 0xFF,
	0xFF, 0x48, 0x83, 0xC4, 0x20, 0x5D, 0xC3, 0x48, 0x8D, 0x8A, 0x48, 0x04,
	0x00, 0x00, 0xE9, 0xE5, 0xBC, 0xFF, 0xFF, 0x48, 0x8D, 0x8A, 0x30, 0x00,
	0x00, 0x00, 0xE9, 0xF9, 0xC5, 0xFF, 0xFF, 0x48, 0x8D, 0x8A, 0x80, 0x04,
	0x00, 0x00, 0xE9, 0x4D, 0x8B, 0xFF, 0xFF, 0x48, 0x8D, 0x8A, 0xF0, 0x00,
	0x00, 0x00, 0xE9, 0xC1, 0x7F, 0xFF, 0xFF, 0x48, 0x8D, 0x8A, 0xB0, 0x00,
	0x00, 0x00, 0xE9, 0xB5, 0x7F, 0xFF, 0xFF, 0x40, 0x55, 0x48, 0x83, 0xEC,
	0x20, 0x48, 0x8B, 0xEA, 0xBA, 0x20, 0x01, 0x00, 0x00, 0x48, 0x8B, 0x8D,
	0x48, 0x04, 0x00, 0x00, 0xE8, 0x57, 0xE3, 0xFF, 0xFF, 0x48, 0x83, 0xC4,
	0x20, 0x5D, 0xC3, 0x48, 0x8D, 0x8A, 0x30, 0x00, 0x00, 0x00, 0xE9, 0xB9,
	0x42, 0xFF, 0xFF, 0x48, 0x8D, 0x8A, 0x50, 0x04, 0x00, 0x00, 0xE9, 0xAD,
	0x42, 0xFF, 0xFF, 0x48, 0x8B, 0x8A, 0x40, 0x04, 0x00, 0x00, 0xE9, 0x71,
	0x7F, 0xFF, 0xFF, 0x48, 0x8D, 0x8A, 0xB0, 0x00, 0x00, 0x00, 0xE9, 0xD5,
	0x42, 0xFF, 0xFF, 0x48, 0x8D, 0x8A, 0x50, 0x04, 0x00, 0x00, 0xE9, 0x89,
	0x42, 0xFF, 0xFF, 0xCC, 0xCC, 0xCC, 0xCC, 0xCC, 0xCC, 0xCC, 0xCC, 0xCC,
	0x48, 0x8D, 0x8A, 0x90, 0x00, 0x00, 0x00, 0xE9, 0x24, 0x7F, 0xFF, 0xFF,
	0x48, 0x8D, 0x8A, 0x50, 0x00, 0x00, 0x00, 0xE9, 0x08, 0x7F, 0xFF, 0xFF,
	0x48, 0x89, 0x54, 0x24, 0x10, 0x53, 0x55, 0x57, 0x48, 0x83, 0xEC, 0x20,
	0x48, 0x8B, 0xEA, 0x48, 0x8D, 0x15, 0xDA, 0x42, 0x00, 0x00, 0x48, 0x8B,
	0x0D, 0x03, 0x12, 0x00, 0x00, 0xE8, 0x66, 0x82, 0xFF, 0xFF, 0x4C, 0x8B,
	0x45, 0x20, 0x49, 0x8B, 0xD0, 0x49, 0x83, 0x78, 0x18, 0x0F, 0x76, 0x03,
	0x49, 0x8B, 0x10, 0x4D, 0x8B, 0x40, 0x10, 0x48, 0x8B, 0xC8, 0xE8, 0x19,
	0x97, 0xFF, 0xFF, 0x48, 0x8B, 0xF8, 0x48, 0x8B, 0x4D, 0x38, 0x48, 0x8B,
	0x11, 0xFF, 0x52, 0x08, 0x48, 0x8B, 0xD8, 0x48, 0x8D, 0x15, 0xAA, 0x3B,
	0x00, 0x00, 0x48, 0x8B, 0xCF, 0xE8, 0x2A, 0x82, 0xFF, 0xFF, 0x48, 0x8B,
	0xC8, 0x48, 0x8B, 0xD3, 0xE8, 0x1F, 0x82, 0xFF, 0xFF, 0x48, 0x8B, 0xC8,
	0x48, 0x8D, 0x15, 0xF5, 0x83, 0xFF, 0xFF, 0xFF, 0x15, 0x47, 0x12, 0x00,
	0x00, 0x90, 0x48, 0xB8, 0x00, 0x00, 0x00, 0x00, 0x00, 0x00, 0x00, 0x00,
	0x48, 0x83, 0xC4, 0x20, 0x5F, 0x5D, 0x5B, 0xC3, 0xCC, 0xCC, 0xCC, 0xCC,
	0xCC, 0xCC, 0xCC, 0xCC, 0xCC, 0xCC, 0xCC, 0xCC, 0x48, 0x8D, 0x8A, 0x38,
	0x00, 0x00, 0x00, 0xE9, 0x94, 0x7E, 0xFF, 0xFF, 0x48, 0x8D, 0x8A, 0x20,
	0x00, 0x00, 0x00, 0xE9, 0x88, 0xBB, 0xFF, 0xFF, 0x48, 0x8D, 0x8A, 0x70,
	0x00, 0x00, 0x00, 0xE9, 0x9C, 0xC4, 0xFF, 0xFF, 0x48, 0x8D, 0x8A, 0x58,
	0x00, 0x00, 0x00, 0xE9, 0xF0, 0x89, 0xFF, 0xFF, 0x48, 0x8D, 0x8A, 0xD0,
	0x00, 0x00, 0x00, 0xE9, 0x44, 0x7E, 0xFF, 0xFF, 0x48, 0x8D, 0x8A, 0x90,
	0x00, 0x00, 0x00, 0xE9, 0x28, 0x7E, 0xFF, 0xFF, 0x48, 0x89, 0x54, 0x24,
	0x10, 0x53, 0x55, 0x48, 0x83, 0xEC, 0x28, 0x48, 0x8B, 0xEA, 0x48, 0x8B,
	0x4D, 0x30, 0x48, 0x8B, 0x01, 0xFF, 0x50, 0x08, 0x48, 0x8B, 0xD8, 0x48,
	0x8D, 0x15, 0x66, 0x42, 0x00, 0x00, 0x48, 0x8B, 0x0D, 0x17, 0x11, 0x00,
	0x00, 0xE8, 0x7A, 0x81, 0xFF, 0xFF, 0x48, 0x8B, 0xC8, 0x48, 0x8B, 0xD3,
	0xE8, 0x6F, 0x81, 0xFF, 0xFF, 0x48, 0x8B, 0xC8, 0x48, 0x8D, 0x15, 0x45,
	0x83, 0xFF, 0xFF, 0xFF, 0x15, 0x97, 0x11, 0x00, 0x00, 0x90, 0x48, 0xB8,
	0x00, 0x00, 0x00, 0x00, 0x00, 0x00, 0x00, 0x00, 0x48, 0x83, 0xC4, 0x28,
	0x5D, 0x5B, 0xC3, 0xCC, 0xCC, 0xCC, 0xCC, 0xCC, 0xCC, 0xCC, 0xCC, 0xCC,
	0xCC, 0xCC, 0xCC, 0xCC, 0x48, 0x8D, 0x8A, 0x48, 0x00, 0x00, 0x00, 0xE9,
	0x14, 0x85, 0xFF, 0xFF, 0xCC, 0xCC, 0xCC, 0xCC, 0x48, 0x8D, 0x8A, 0x40,
	0x00, 0x00, 0x00, 0xE9, 0xD4, 0x7D, 0xFF, 0xFF, 0x48, 0x8D, 0x8A, 0x20,
	0x00, 0x00, 0x00, 0xE9, 0xC8, 0x7D, 0xFF, 0xFF, 0x48, 0x8D, 0x8A, 0x20,
	0x00, 0x00, 0x00, 0xE9, 0xBC, 0x7D, 0xFF, 0xFF, 0x48, 0x8D, 0x8A, 0x20,
	0x00, 0x00, 0x00, 0xE9, 0xB0, 0x7D, 0xFF, 0xFF, 0x48, 0x8D, 0x8A, 0x20,
	0x00, 0x00, 0x00, 0xE9, 0xA4, 0x7D, 0xFF, 0xFF, 0xCC, 0xCC, 0xCC, 0xCC,
	0x48, 0x8D, 0x8A, 0x20, 0x00, 0x00, 0x00, 0xE9, 0x04, 0xBC, 0xFF, 0xFF,
	0x48, 0x8D, 0x8A, 0x20, 0x00, 0x00, 0x00, 0xE9, 0x68, 0xA3, 0xFF, 0xFF,
	0x48, 0x89, 0x54, 0x24, 0x10, 0x55, 0x48, 0x83, 0xEC, 0x20, 0x48, 0x8B,
	0xEA, 0x48, 0x8B, 0x55, 0x60, 0x48, 0x8B, 0x02, 0x48, 0x63, 0x48, 0x04,
	0x48, 0x03, 0xCA, 0x41, 0xB0, 0x01, 0xBA, 0x04, 0x00, 0x00, 0x00, 0xFF,
	0x15, 0xB7, 0x10, 0x00, 0x00, 0x90, 0x48, 0xB8, 0x00, 0x00, 0x00, 0x00,
	0x00, 0x00, 0x00, 0x00, 0x48, 0x83, 0xC4, 0x20, 0x5D, 0xC3, 0xCC, 0xCC,
	0xCC, 0xCC, 0xCC, 0xCC, 0xCC, 0xCC, 0xCC, 0xCC, 0xCC, 0xCC, 0xCC, 0xCC,
	0x48, 0x8B, 0x8A, 0x20, 0x00, 0x00, 0x00, 0xE9, 0x34, 0x7D, 0xFF, 0xFF,
	0x48, 0x8D, 0x8A, 0x50, 0x00, 0x00, 0x00, 0xE9, 0x98, 0x40, 0xFF, 0xFF,
	0x40, 0x55, 0x48, 0x83, 0xEC, 0x20, 0x48, 0x8B, 0xEA, 0xBA, 0x20, 0x01,
	0x00, 0x00, 0x48, 0x8B, 0x4D, 0x20, 0xE8, 0xCD, 0xE0, 0xFF, 0xFF, 0x48,
	0x83, 0xC4, 0x20, 0x5D, 0xC3, 0x48, 0x8B, 0x8A, 0x20, 0x00, 0x00, 0x00,
	0xE9, 0x9F, 0xBB, 0xFF, 0xFF, 0x48, 0x8B, 0x8A, 0x20, 0x00, 0x00, 0x00,
	0x48, 0x81, 0xC1, 0x10, 0x01, 0x00, 0x00, 0xE9, 0xFC, 0x2C, 0xFF, 0xFF,
	0x48, 0x8B, 0x8A, 0xF0, 0x00, 0x00, 0x00, 0xE9, 0xF0, 0x2C, 0xFF, 0xFF,
	0x48, 0x8B, 0x8A, 0xF0, 0x00, 0x00, 0x00, 0x48, 0x83, 0xC1, 0x18, 0xE9,
	0x40, 0x2B, 0xFF, 0xFF, 0x48, 0x8D, 0x8A, 0xF8, 0x00, 0x00, 0x00, 0xE9,
	0xF4, 0x3F, 0xFF, 0xFF, 0xCC, 0xCC, 0xCC, 0xCC, 0x48, 0x8D, 0x8A, 0x38,
	0x00, 0x00, 0x00, 0xE9, 0xB4, 0xB9, 0xFF, 0xFF, 0x48, 0x8D, 0x8A, 0x20,
	0x00, 0x00, 0x00, 0xE9, 0xC8, 0xC2, 0xFF, 0xFF, 0xCC, 0xCC, 0xCC, 0xCC,
	0xCC, 0xCC, 0xCC, 0xCC, 0x48, 0x8D, 0x8A, 0x30, 0x00, 0x00, 0x00, 0xE9,
	0x14, 0x90, 0xFF, 0xFF, 0xCC, 0xCC, 0xCC, 0xCC, 0x48, 0x8D, 0x8A, 0x20,
	0x00, 0x00, 0x00, 0xE9, 0x04, 0x90, 0xFF, 0xFF, 0xCC, 0xCC, 0xCC, 0xCC,
	0x48, 0x8D, 0x8A, 0x20, 0x00, 0x00, 0x00, 0xE9, 0xE4, 0x8F, 0xFF, 0xFF,
	0x48, 0x8D, 0x8A, 0x40, 0x00, 0x00, 0x00, 0xE9, 0xE8, 0x2D, 0xFF, 0xFF,
	0x40, 0x55, 0x48, 0x83, 0xEC, 0x20, 0x48, 0x8B, 0xEA, 0xBA, 0x40, 0x00,
	0x00, 0x00, 0x48, 0x8B, 0x4D, 0x20, 0xE8, 0x0D, 0xE0, 0xFF, 0xFF, 0x48,
	0x83, 0xC4, 0x20, 0x5D, 0xC3, 0x48, 0x8B, 0x8A, 0x30, 0x00, 0x00, 0x00,
	0xE9, 0xBF, 0x2D, 0xFF, 0xFF, 0x48, 0x8D, 0x8A, 0x20, 0x00, 0x00, 0x00,
	0xE9, 0x43, 0x2C, 0xFF, 0xFF, 0xCC, 0xCC, 0xCC, 0x48, 0x8D, 0x8A, 0x20,
	0x00, 0x00, 0x00, 0xE9, 0xA4, 0xC2, 0xFF, 0xFF, 0x48, 0x8D, 0x8A, 0x20,
	0x00, 0x00, 0x00, 0xE9, 0x98, 0xB2, 0xFF, 0xFF, 0xCC, 0xCC, 0xCC, 0xCC,
	0xCC, 0xCC, 0xCC, 0xCC, 0x48, 0x8D, 0x8A, 0x28, 0x00, 0x00, 0x00, 0xE9,
	0x64, 0xC2, 0xFF, 0xFF, 0x48, 0x8D, 0x8A, 0x28, 0x00, 0x00, 0x00, 0xE9,
	0x28, 0xB2, 0xFF, 0xFF, 0xCC, 0xCC, 0xCC, 0xCC, 0xCC, 0xCC, 0xCC, 0xCC,
	0x48, 0x8B, 0x8A, 0x38, 0x00, 0x00, 0x00, 0xE9, 0x34, 0x22, 0xFF, 0xFF,
	0x48, 0x8D, 0x8A, 0x40, 0x00, 0x00, 0x00, 0xE9, 0x58, 0x8F, 0xFF, 0xFF,
	0x48, 0x8B, 0x8A, 0x30, 0x00, 0x00, 0x00, 0xE9, 0x1C, 0x22, 0xFF, 0xFF,
	0xCC, 0xCC, 0xCC, 0xCC, 0xCC, 0xCC, 0xCC, 0xCC, 0xCC, 0xCC, 0xCC, 0xCC,
	0x48, 0x8B, 0x8A, 0x20, 0x00, 0x00, 0x00, 0xE9, 0xC4, 0x2B, 0xFF, 0xFF,
	0xCC, 0xCC, 0xCC, 0xCC, 0x48, 0x8B, 0x8A, 0xA8, 0x00, 0x00, 0x00, 0xE9,
	0x94, 0x8A, 0xFF, 0xFF, 0x48, 0x8B, 0x8A, 0x28, 0x00, 0x00, 0x00, 0xE9,
	0x18, 0x2D, 0xFF, 0xFF, 0x48, 0x8D, 0x8A, 0x38, 0x00, 0x00, 0x00, 0xE9,
	0x4C, 0xD0, 0xFF, 0xFF, 0x48, 0x8B, 0x8A, 0xA8, 0x00, 0x00, 0x00, 0xE9,
	0x20, 0xBA, 0xFF, 0xFF, 0x48, 0x8B, 0x8A, 0xA8, 0x00, 0x00, 0x00, 0x48,
	0x81, 0xC1, 0x10, 0x01, 0x00, 0x00, 0xE9, 0x7D, 0x2B, 0xFF, 0xFF, 0x48,
	0x8B, 0x8A, 0x20, 0x00, 0x00, 0x00, 0xE9, 0x71, 0x2B, 0xFF, 0xFF, 0x48,
	0x8B, 0x8A, 0x20, 0x00, 0x00, 0x00, 0x48, 0x83, 0xC1, 0x18, 0xE9, 0xC1,
	0x29, 0xFF, 0xFF, 0xCC, 0x48, 0x8D, 0x8A, 0x40, 0x00, 0x00, 0x00, 0xE9,
	0xC4, 0xC4, 0xFF, 0xFF, 0xCC, 0xCC, 0xCC, 0xCC, 0x48, 0x8D, 0x8A, 0x38,
	0x00, 0x00, 0x00, 0xE9, 0x34, 0xC5, 0xFF, 0xFF, 0xCC, 0xCC, 0xCC, 0xCC,
	0x48, 0x8D, 0x8A, 0x28, 0x00, 0x00, 0x00, 0xE9, 0xF4, 0xA1, 0xFF, 0xFF,
	0x48, 0x8B, 0x8A, 0x20, 0x00, 0x00, 0x00, 0xE9, 0x98, 0x2C, 0xFF, 0xFF,
	0xCC, 0xCC, 0xCC, 0xCC, 0xCC, 0xCC, 0xCC, 0xCC, 0x48, 0x8B, 0x8A, 0x48,
	0x00, 0x00, 0x00, 0xE9, 0xD4, 0x3A, 0xFF, 0xFF, 0x48, 0x8D, 0x8A, 0x28,
	0x00, 0x00, 0x00, 0xE9, 0xB8, 0x2B, 0xFF, 0xFF, 0xCC, 0xCC, 0xCC, 0xCC,
	0xCC, 0xCC, 0xCC, 0xCC, 0x48, 0x8B, 0x8A, 0x28, 0x00, 0x00, 0x00, 0xE9,
	0xD4, 0x89, 0xFF, 0xFF, 0x48, 0x8B, 0x8A, 0x30, 0x00, 0x00, 0x00, 0xE9,
	0x58, 0x2C, 0xFF, 0xFF, 0x48, 0x8D, 0x8A, 0x38, 0x00, 0x00, 0x00, 0xE9,
	0x9C, 0xA1, 0xFF, 0xFF, 0x48, 0x8B, 0x8A, 0x20, 0x00, 0x00, 0x00, 0xE9,
	0xC0, 0x7A, 0xFF, 0xFF, 0x48, 0x8D, 0x8A, 0x28, 0x00, 0x00, 0x00, 0xE9,
	0x14, 0xC1, 0xFF, 0xFF, 0x48, 0x8B, 0x8A, 0x38, 0x00, 0x00, 0x00, 0xE9,
	0xA8, 0x7A, 0xFF, 0xFF, 0x48, 0x8D, 0x8A, 0x28, 0x00, 0x00, 0x00, 0xE9,
	0xCC, 0xB0, 0xFF, 0xFF, 0xCC, 0xCC, 0xCC, 0xCC, 0xCC, 0xCC, 0xCC, 0xCC,
	0xCC, 0xCC, 0xCC, 0xCC, 0x48, 0x8D, 0x8A, 0x28, 0x00, 0x00, 0x00, 0xE9,
	0x04, 0x8E, 0xFF, 0xFF, 0x48, 0x89, 0x54, 0x24, 0x10, 0x55, 0x48, 0x83,
	0xEC, 0x20, 0x48, 0x8B, 0xEA, 0x0F, 0x57, 0xC9, 0xF3, 0x0F, 0x7F, 0x4D,
	0x28, 0x48, 0x8D, 0x4D, 0x28, 0xFF, 0x15, 0x25, 0x0E, 0x00, 0x00, 0x48,
	0x8D, 0x4D, 0x28, 0xFF, 0x15, 0x7B, 0x0D, 0x00, 0x00, 0x48, 0x8D, 0x55,
	0x28, 0x48, 0x8B, 0x4D, 0x20, 0xE8, 0xBE, 0x9C, 0xFF, 0xFF, 0x90, 0x48,
	0xB8, 0x00, 0x00, 0x00, 0x00, 0x00, 0x00, 0x00, 0x00, 0x48, 0x83, 0xC4,
	0x20, 0x5D, 0xC3, 0xCC, 0xCC, 0xCC, 0xCC, 0xCC, 0xCC, 0xCC, 0xCC, 0xCC,
	0xCC, 0xCC, 0xCC, 0xCC, 0x48, 0x8B, 0x8A, 0xA8, 0x00, 0x00, 0x00, 0xE9,
	0x34, 0x2A, 0xFF, 0xFF, 0x48, 0x8D, 0x8A, 0xB8, 0x00, 0x00, 0x00, 0xE9,
	0x88, 0x28, 0xFF, 0xFF, 0x48, 0x8B, 0x8A, 0xB0, 0x00, 0x00, 0x00, 0xE9,
	0x1C, 0x2A, 0xFF, 0xFF, 0x40, 0x55, 0x48, 0x83, 0xEC, 0x20, 0x48, 0x8B,
	0xEA, 0x8B, 0x45, 0x20, 0x83, 0xE0, 0x01, 0x85, 0xC0, 0x74, 0x0D, 0x83,
	0x65, 0x20, 0xFE, 0x48, 0x8D, 0x4D, 0x50, 0xE8, 0xAC, 0x2A, 0xFF, 0xFF,
	0x48, 0x83, 0xC4, 0x20, 0x5D, 0xC3, 0x40, 0x55, 0x48, 0x83, 0xEC, 0x20,
	0x48, 0x8B, 0xEA, 0x8B, 0x45, 0x20, 0x83, 0xE0, 0x02, 0x85, 0xC0, 0x74,
	0x0D, 0x83, 0x65, 0x20, 0xFD, 0x48, 0x8D, 0x4D, 0x70, 0xE8, 0x86, 0x2A,
	0xFF, 0xFF, 0x48, 0x83, 0xC4, 0x20, 0x5D, 0xC3, 0x48, 0x8D, 0x8A, 0x38,
	0x00, 0x00, 0x00, 0xE9, 0x84, 0xA0, 0xFF, 0xFF, 0xCC, 0xCC, 0xCC, 0xCC,
	0x48, 0x8D, 0x8A, 0x38, 0x00, 0x00, 0x00, 0xE9, 0x64, 0xCE, 0xFF, 0xFF,
	0xCC, 0xCC, 0xCC, 0xCC, 0x48, 0x8B, 0x8A, 0x50, 0x00, 0x00, 0x00, 0xE9,
	0x14, 0x2B, 0xFF, 0xFF, 0x48, 0x8D, 0x8A, 0x40, 0x00, 0x00, 0x00, 0xE9,
	0x58, 0x2C, 0xFF, 0xFF, 0x48, 0x89, 0x54, 0x24, 0x10, 0x55, 0x48, 0x83,
	0xEC, 0x30, 0x48, 0x8B, 0xEA, 0x48, 0x8B, 0x45, 0x30, 0x48, 0x8B, 0x48,
	0x08, 0x48, 0x8D, 0x51, 0x10, 0x48, 0x8B, 0x01, 0x48, 0x89, 0x54, 0x24,
	0x20, 0x45, 0x33, 0xC9, 0x45, 0x33, 0xC0, 0xB2, 0x01, 0xFF, 0x50, 0x08,
	0x90, 0x48, 0xB8, 0x00, 0x00, 0x00, 0x00, 0x00, 0x00, 0x00, 0x00, 0x48,
	0x83, 0xC4, 0x30, 0x5D, 0xC3, 0xCC, 0x48, 0x89, 0x54, 0x24, 0x10, 0x55,
	0x48, 0x83, 0xEC, 0x30, 0x48, 0x8B, 0xEA, 0x48, 0x8B, 0x45, 0x30, 0x48,
	0x8B, 0x48, 0x08, 0x48, 0x8D, 0x51, 0x10, 0x48, 0x8B, 0x01, 0x48, 0x89,
	0x54, 0x24, 0x20, 0x45, 0x33, 0xC9, 0x45, 0x33, 0xC0, 0xB2, 0x01, 0xFF,
	0x50, 0x08, 0x90, 0x48, 0xB8, 0x00, 0x00, 0x00, 0x00, 0x00, 0x00, 0x00,
	0x00, 0x48, 0x83, 0xC4, 0x30, 0x5D, 0xC3, 0xCC, 0x48, 0x89, 0x54, 0x24,
	0x10, 0x55, 0x48, 0x83, 0xEC, 0x30, 0x48, 0x8B, 0xEA, 0x0F, 0x57, 0xC9,
	0xF3, 0x0F, 0x7F, 0x4D, 0x40, 0x48, 0x8D, 0x4D, 0x40, 0xFF, 0x15, 0xAD,
	0x0C, 0x00, 0x00, 0x48, 0x8D, 0x4D, 0x40, 0xFF, 0x15, 0x03, 0x0C, 0x00,
	0x00, 0x90, 0x48, 0x8D, 0x55, 0x40, 0x48, 0x8B, 0x4D, 0x30, 0x48, 0x8B,
	0x49, 0x08, 0xE8, 0xE1, 0x2E, 0xFF, 0xFF, 0x90, 0x48, 0x8D, 0x4D, 0x40,
	0xFF, 0x15, 0xD6, 0x0B, 0x00, 0x00, 0x90, 0x48, 0xB8, 0x00, 0x00, 0x00,
	0x00, 0x00, 0x00, 0x00, 0x00, 0x48, 0x83, 0xC4, 0x30, 0x5D, 0xC3, 0xCC,
	0x48, 0x8D, 0x8A, 0x40, 0x00, 0x00, 0x00, 0xE9, 0xF8, 0x1E, 0xFF, 0xFF,
	0xCC, 0xCC, 0xCC, 0xCC, 0xCC, 0xCC, 0xCC, 0xCC, 0x48, 0x8B, 0x8A, 0x30,
	0x00, 0x00, 0x00, 0xE9, 0x94, 0x78, 0xFF, 0xFF, 0x40, 0x55, 0x48, 0x83,
	0xEC, 0x20, 0x48, 0x8B, 0xEA, 0x80, 0x7D, 0x20, 0x00, 0x75, 0x16, 0x4C,
	0x8B, 0x4D, 0x78, 0x4C, 0x8B, 0x45, 0x70, 0x48, 0x8B, 0x55, 0x68, 0x48,
	0x8B, 0x4D, 0x60, 0xE8, 0x90, 0xD9, 0xFF, 0xFF, 0x90, 0x48, 0x83, 0xC4,
	0x20, 0x5D, 0xC3, 0xCC, 0x40, 0x53, 0x55, 0x48, 0x83, 0xEC, 0x28, 0x48,
	0x8B, 0xEA, 0x48, 0x89, 0x4D, 0x30, 0x48, 0x8B, 0x45, 0x30, 0x48, 0x8B,
	0x08, 0x48, 0x89, 0x4D, 0x28, 0x48, 0x8B, 0x45, 0x28, 0x81, 0x38, 0x63,
	0x73, 0x6D, 0xE0, 0x74, 0x0C, 0xC7, 0x45, 0x20, 0x00, 0x00, 0x00, 0x00,
	0x8B, 0x45, 0x20, 0xEB, 0x22, 0xE8, 0x66, 0xE7, 0xFF, 0xFF, 0x48, 0x8B,
	0x4D, 0x28, 0x48, 0x89, 0x08, 0x48, 0x8B, 0x45, 0x30, 0x48, 0x8B, 0x58,
	0x08, 0xE8, 0x58, 0xE7, 0xFF, 0xFF, 0x48, 0x89, 0x18, 0xE8, 0x6E, 0xE7,
	0xFF, 0xFF, 0x90, 0x48, 0x83, 0xC4, 0x28, 0x5D, 0x5B, 0xC3, 0xCC, 0x40,
	0x55, 0x48, 0x8B, 0xEA, 0x48, 0x8B, 0x01, 0x33, 0xC9, 0x81, 0x38, 0x05,
	0x00, 0x00, 0xC0, 0x0F, 0x94, 0xC1, 0x8B, 0xC1, 0x5D, 0xC3, 0xCC, 0x40,
	0x55, 0x48, 0x83, 0xEC, 0x20, 0x48, 0x8B, 0xEA, 0x48, 0x8B, 0xD1, 0x48,
	0x8B, 0x09, 0x8B, 0x09, 0xE8, 0x61, 0xE7, 0xFF, 0xFF, 0x90, 0x48, 0x83,
	0xC4, 0x20, 0x5D, 0xC3, 0xCC, 0xCC, 0xCC, 0xCC, 0xCC, 0xCC, 0xCC, 0xCC,
	0x40, 0x53, 0x48, 0x83, 0xEC, 0x20, 0x48, 0x8B, 0x1D, 0x0B, 0xB9, 0x00,
	0x00, 0x48, 0x85, 0xDB, 0x74, 0x36, 0x48, 0x89, 0x7C, 0x24, 0x30, 0xBF,
	0xFF, 0xFF, 0xFF, 0xFF, 0x8B, 0xC7, 0xF0, 0x0F, 0xC1, 0x43, 0x08, 0x83,
	0xF8, 0x01, 0x75, 0x1B, 0x48, 0x8B, 0x03, 0x48, 0x8B, 0xCB, 0xFF, 0x10,
	0xF0, 0x0F, 0xC1, 0x7B, 0x0C, 0x83, 0xFF, 0x01, 0x75, 0x09, 0x48, 0x8B,
	0x03, 0x48, 0x8B, 0xCB, 0xFF, 0x50, 0x08, 0x48, 0x8B, 0x7C, 0x24, 0x30,
	0x48, 0x83, 0xC4, 0x20, 0x5B, 0xC3, 0xCC, 0xCC, 0x48, 0x83, 0xEC, 0x28,
	0x48, 0x8D, 0x0D, 0xED, 0xB8, 0x00, 0x00, 0xE8, 0xA0, 0x7E, 0xFF, 0xFF,
	0x48, 0x8D, 0x0D, 0xD1, 0xB8, 0x00, 0x00, 0x48, 0x83, 0xC4, 0x28, 0xE9,
	0x60, 0x81, 0xFF, 0xFF, 0x00, 0x00, 0x00, 0x00, 0x00, 0x00, 0x00, 0x00,
	0x00, 0x00, 0x00, 0x00, 0x00, 0x00, 0x00, 0x00, 0x00, 0x00, 0x00, 0x00,
	0x00, 0x00, 0x00, 0x00, 0x00, 0x00, 0x00, 0x00, 0x00, 0x00, 0x00, 0x00,
	0x00, 0x00, 0x00, 0x00, 0x00, 0x00, 0x00, 0x00, 0x00, 0x00, 0x00, 0x00,
	0x00, 0x00, 0x00, 0x00, 0x00, 0x00, 0x00, 0x00, 0x00, 0x00, 0x00, 0x00,
	0x00, 0x00, 0x00, 0x00, 0x00, 0x00, 0x00, 0x00, 0x00, 0x00, 0x00, 0x00,
	0x00, 0x00, 0x00, 0x00, 0x00, 0x00, 0x00, 0x00, 0x00, 0x00, 0x00, 0x00,
	0x00, 0x00, 0x00, 0x00, 0x00, 0x00, 0x00, 0x00, 0x00, 0x00, 0x00, 0x00,
	0x00, 0x00, 0x00, 0x00, 0x00, 0x00, 0x00, 0x00, 0x00, 0x00, 0x00, 0x00,
	0x00, 0x00, 0x00, 0x00, 0x00, 0x00, 0x00, 0x00, 0x00, 0x00, 0x00, 0x00,
	0x00, 0x00, 0x00, 0x00, 0x00, 0x00, 0x00, 0x00, 0x00, 0x00, 0x00, 0x00,
	0x00, 0x00, 0x00, 0x00, 0x00, 0x00, 0x00, 0x00, 0x00, 0x00, 0x00, 0x00,
	0x00, 0x00, 0x00, 0x00, 0x00, 0x00, 0x00, 0x00, 0x00, 0x00, 0x00, 0x00,
	0x00, 0x00, 0x00, 0x00, 0x00, 0x00, 0x00, 0x00, 0x00, 0x00, 0x00, 0x00,
	0x00, 0x00, 0x00, 0x00, 0x00, 0x00, 0x00, 0x00, 0x00, 0x00, 0x00, 0x00,
	0x4A, 0x8D, 0x01, 0x00, 0x00, 0x00, 0x00, 0x00, 0x34, 0x8D, 0x01, 0x00,
	0x00, 0x00, 0x00, 0x00, 0x1E, 0x8D, 0x01, 0x00, 0x00, 0x00, 0x00, 0x00,
	0x0C, 0x8D, 0x01, 0x00, 0x00, 0x00, 0x00, 0x00, 0xF8, 0x8C, 0x01, 0x00,
	0x00, 0x00, 0x00, 0x00, 0xE0, 0x8C, 0x01, 0x00, 0x00, 0x00, 0x00, 0x00,
	0xD0, 0x8C, 0x01, 0x00, 0x00, 0x00, 0x00, 0x00, 0x62, 0x8D, 0x01, 0x00,
	0x00, 0x00, 0x00, 0x00, 0x00, 0x00, 0x00, 0x00, 0x00, 0x00, 0x00, 0x00,
	0xF6, 0x8B, 0x01, 0x00, 0x00, 0x00, 0x00, 0x00, 0x06, 0x8C, 0x01, 0x00,
	0x00, 0x00, 0x00, 0x00, 0x18, 0x8C, 0x01, 0x00, 0x00, 0x00, 0x00, 0x00,
	0x2A, 0x8C, 0x01, 0x00, 0x00, 0x00, 0x00, 0x00, 0x38, 0x8C, 0x01, 0x00,
	0x00, 0x00, 0x00, 0x00, 0xDC, 0x8B, 0x01, 0x00, 0x00, 0x00, 0x00, 0x00,
	0x60, 0x8C, 0x01, 0x00, 0x00, 0x00, 0x00, 0x00, 0x74, 0x8C, 0x01, 0x00,
	0x00, 0x00, 0x00, 0x00, 0x86, 0x8C, 0x01, 0x00, 0x00, 0x00, 0x00, 0x00,
	0x9A, 0x8C, 0x01, 0x00, 0x00, 0x00, 0x00, 0x00, 0xB0, 0x8C, 0x01, 0x00,
	0x00, 0x00, 0x00, 0x00, 0x78, 0x9B, 0x01, 0x00, 0x00, 0x00, 0x00, 0x00,
	0xC8, 0x8B, 0x01, 0x00, 0x00, 0x00, 0x00, 0x00, 0xAC, 0x8B, 0x01, 0x00,
	0x00, 0x00, 0x00, 0x00, 0x9E, 0x8B, 0x01, 0x00, 0x00, 0x00, 0x00, 0x00,
	0x84, 0x8B, 0x01, 0x00, 0x00, 0x00, 0x00, 0x00, 0x70, 0x8B, 0x01, 0x00,
	0x00, 0x00, 0x00, 0x00, 0x5A, 0x8B, 0x01, 0x00, 0x00, 0x00, 0x00, 0x00,
	0x46, 0x8B, 0x01, 0x00, 0x00, 0x00, 0x00, 0x00, 0x50, 0x8C, 0x01, 0x00,
	0x00, 0x00, 0x00, 0x00, 0x30, 0x8B, 0x01, 0x00, 0x00, 0x00, 0x00, 0x00,
	0x92, 0x9B, 0x01, 0x00, 0x00, 0x00, 0x00, 0x00, 0xAC, 0x9B, 0x01, 0x00,
	0x00, 0x00, 0x00, 0x00, 0xC6, 0x9B, 0x01, 0x00, 0x00, 0x00, 0x00, 0x00,
	0xE2, 0x9B, 0x01, 0x00, 0x00, 0x00, 0x00, 0x00, 0xFE, 0x9B, 0x01, 0x00,
	0x00, 0x00, 0x00, 0x00, 0x12, 0x9C, 0x01, 0x00, 0x00, 0x00, 0x00, 0x00,
	0x2C, 0x9C, 0x01, 0x00, 0x00, 0x00, 0x00, 0x00, 0x40, 0x9C, 0x01, 0x00,
	0x00, 0x00, 0x00, 0x00, 0x5C, 0x9C, 0x01, 0x00, 0x00, 0x00, 0x00, 0x00,
	0x7A, 0x9C, 0x01, 0x00, 0x00, 0x00, 0x00, 0x00, 0x8E, 0x9C, 0x01, 0x00,
	0x00, 0x00, 0x00, 0x00, 0xAA, 0x9C, 0x01, 0x00, 0x00, 0x00, 0x00, 0x00,
	0xBE, 0x9C, 0x01, 0x00, 0x00, 0x00, 0x00, 0x00, 0xD2, 0x9C, 0x01, 0x00,
	0x00, 0x00, 0x00, 0x00, 0xEC, 0x9C, 0x01, 0x00, 0x00, 0x00, 0x00, 0x00,
	0x02, 0x9D, 0x01, 0x00, 0x00, 0x00, 0x00, 0x00, 0x18, 0x9D, 0x01, 0x00,
	0x00, 0x00, 0x00, 0x00, 0x32, 0x9D, 0x01, 0x00, 0x00, 0x00, 0x00, 0x00,
	0x64, 0x9B, 0x01, 0x00, 0x00, 0x00, 0x00, 0x00, 0x00, 0x00, 0x00, 0x00,
	0x00, 0x00, 0x00, 0x00, 0x64, 0x92, 0x01, 0x00, 0x00, 0x00, 0x00, 0x00,
	0x86, 0x92, 0x01, 0x00, 0x00, 0x00, 0x00, 0x00, 0xC2, 0x92, 0x01, 0x00,
	0x00, 0x00, 0x00, 0x00, 0x08, 0x92, 0x01, 0x00, 0x00, 0x00, 0x00, 0x00,
	0x06, 0x93, 0x01, 0x00, 0x00, 0x00, 0x00, 0x00, 0x26, 0x93, 0x01, 0x00,
	0x00, 0x00, 0x00, 0x00, 0x4A, 0x93, 0x01, 0x00, 0x00, 0x00, 0x00, 0x00,
	0x6E, 0x93, 0x01, 0x00, 0x00, 0x00, 0x00, 0x00, 0x7A, 0x93, 0x01, 0x00,
	0x00, 0x00, 0x00, 0x00, 0xA8, 0x93, 0x01, 0x00, 0x00, 0x00, 0x00, 0x00,
	0xCC, 0x93, 0x01, 0x00, 0x00, 0x00, 0x00, 0x00, 0xEC, 0x93, 0x01, 0x00,
	0x00, 0x00, 0x00, 0x00, 0xF8, 0x93, 0x01, 0x00, 0x00, 0x00, 0x00, 0x00,
	0x06, 0x94, 0x01, 0x00, 0x00, 0x00, 0x00, 0x00, 0x18, 0x94, 0x01, 0x00,
	0x00, 0x00, 0x00, 0x00, 0x56, 0x94, 0x01, 0x00, 0x00, 0x00, 0x00, 0x00,
	0x96, 0x94, 0x01, 0x00, 0x00, 0x00, 0x00, 0x00, 0xD2, 0x94, 0x01, 0x00,
	0x00, 0x00, 0x00, 0x00, 0x14, 0x95, 0x01, 0x00, 0x00, 0x00, 0x00, 0x00,
	0x5C, 0x95, 0x01, 0x00, 0x00, 0x00, 0x00, 0x00, 0xA0, 0x95, 0x01, 0x00,
	0x00, 0x00, 0x00, 0x00, 0xE4, 0x95, 0x01, 0x00, 0x00, 0x00, 0x00, 0x00,
	0x38, 0x96, 0x01, 0x00, 0x00, 0x00, 0x00, 0x00, 0x94, 0x96, 0x01, 0x00,
	0x00, 0x00, 0x00, 0x00, 0xD6, 0x96, 0x01, 0x00, 0x00, 0x00, 0x00, 0x00,
	0x18, 0x97, 0x01, 0x00, 0x00, 0x00, 0x00, 0x00, 0x5A, 0x97, 0x01, 0x00,
	0x00, 0x00, 0x00, 0x00, 0xE2, 0x91, 0x01, 0x00, 0x00, 0x00, 0x00, 0x00,
	0xBE, 0x91, 0x01, 0x00, 0x00, 0x00, 0x00, 0x00, 0x9C, 0x91, 0x01, 0x00,
	0x00, 0x00, 0x00, 0x00, 0x68, 0x91, 0x01, 0x00, 0x00, 0x00, 0x00, 0x00,
	0x0C, 0x91, 0x01, 0x00, 0x00, 0x00, 0x00, 0x00, 0xD4, 0x90, 0x01, 0x00,
	0x00, 0x00, 0x00, 0x00, 0x9A, 0x90, 0x01, 0x00, 0x00, 0x00, 0x00, 0x00,
	0x54, 0x90, 0x01, 0x00, 0x00, 0x00, 0x00, 0x00, 0x0E, 0x90, 0x01, 0x00,
	0x00, 0x00, 0x00, 0x00, 0xCA, 0x8F, 0x01, 0x00, 0x00, 0x00, 0x00, 0x00,
	0x8A, 0x8F, 0x01, 0x00, 0x00, 0x00, 0x00, 0x00, 0x46, 0x8F, 0x01, 0x00,
	0x00, 0x00, 0x00, 0x00, 0xFA, 0x8E, 0x01, 0x00, 0x00, 0x00, 0x00, 0x00,
	0xB4, 0x8E, 0x01, 0x00, 0x00, 0x00, 0x00, 0x00, 0x6C, 0x8E, 0x01, 0x00,
	0x00, 0x00, 0x00, 0x00, 0x24, 0x8E, 0x01, 0x00, 0x00, 0x00, 0x00, 0x00,
	0xEA, 0x8D, 0x01, 0x00, 0x00, 0x00, 0x00, 0x00, 0xB0, 0x8D, 0x01, 0x00,
	0x00, 0x00, 0x00, 0x00, 0x88, 0x8D, 0x01, 0x00, 0x00, 0x00, 0x00, 0x00,
	0x28, 0x92, 0x01, 0x00, 0x00, 0x00, 0x00, 0x00, 0xE4, 0x92, 0x01, 0x00,
	0x00, 0x00, 0x00, 0x00, 0x00, 0x00, 0x00, 0x00, 0x00, 0x00, 0x00, 0x00,
	0x62, 0x98, 0x01, 0x00, 0x00, 0x00, 0x00, 0x00, 0x48, 0x9D, 0x01, 0x00,
	0x00, 0x00, 0x00, 0x00, 0x0C, 0x98, 0x01, 0x00, 0x00, 0x00, 0x00, 0x00,
	0x4A, 0x98, 0x01, 0x00, 0x00, 0x00, 0x00, 0x00, 0x9E, 0x97, 0x01, 0x00,
	0x00, 0x00, 0x00, 0x00, 0xB8, 0x97, 0x01, 0x00, 0x00, 0x00, 0x00, 0x00,
	0xD0, 0x97, 0x01, 0x00, 0x00, 0x00, 0x00, 0x00, 0xDC, 0x97, 0x01, 0x00,
	0x00, 0x00, 0x00, 0x00, 0xEE, 0x97, 0x01, 0x00, 0x00, 0x00, 0x00, 0x00,
	0xF8, 0x97, 0x01, 0x00, 0x00, 0x00, 0x00, 0x00, 0x02, 0x98, 0x01, 0x00,
	0x00, 0x00, 0x00, 0x00, 0x2C, 0x98, 0x01, 0x00, 0x00, 0x00, 0x00, 0x00,
	0x16, 0x98, 0x01, 0x00, 0x00, 0x00, 0x00, 0x00, 0x00, 0x00, 0x00, 0x00,
	0x00, 0x00, 0x00, 0x00, 0x88, 0x97, 0x01, 0x00, 0x00, 0x00, 0x00, 0x00,
	0x00, 0x00, 0x00, 0x00, 0x00, 0x00, 0x00, 0x00, 0xCE, 0x98, 0x01, 0x00,
	0x00, 0x00, 0x00, 0x00, 0xDA, 0x98, 0x01, 0x00, 0x00, 0x00, 0x00, 0x00,
	0x96, 0x9A, 0x01, 0x00, 0x00, 0x00, 0x00, 0x00, 0x76, 0x9A, 0x01, 0x00,
	0x00, 0x00, 0x00, 0x00, 0x00, 0x00, 0x00, 0x00, 0x00, 0x00, 0x00, 0x00,
	0x60, 0x9A, 0x01, 0x00, 0x00, 0x00, 0x00, 0x00, 0x00, 0x00, 0x00, 0x00,
	0x00, 0x00, 0x00, 0x00, 0x52, 0x9D, 0x01, 0x00, 0x00, 0x00, 0x00, 0x00,
	0x9E, 0x99, 0x01, 0x00, 0x00, 0x00, 0x00, 0x00, 0x00, 0x00, 0x00, 0x00,
	0x00, 0x00, 0x00, 0x00, 0xE4, 0x98, 0x01, 0x00, 0x00, 0x00, 0x00, 0x00,
	0x28, 0x9A, 0x01, 0x00, 0x00, 0x00, 0x00, 0x00, 0x32, 0x9A, 0x01, 0x00,
	0x00, 0x00, 0x00, 0x00, 0xD4, 0x99, 0x01, 0x00, 0x00, 0x00, 0x00, 0x00,
	0xF0, 0x98, 0x01, 0x00, 0x00, 0x00, 0x00, 0x00, 0x1A, 0x9A, 0x01, 0x00,
	0x00, 0x00, 0x00, 0x00, 0xA6, 0x98, 0x01, 0x00, 0x00, 0x00, 0x00, 0x00,
	0x0C, 0x9A, 0x01, 0x00, 0x00, 0x00, 0x00, 0x00, 0x9E, 0x98, 0x01, 0x00,
	0x00, 0x00, 0x00, 0x00, 0x0A, 0x99, 0x01, 0x00, 0x00, 0x00, 0x00, 0x00,
	0xF6, 0x99, 0x01, 0x00, 0x00, 0x00, 0x00, 0x00, 0xEE, 0x99, 0x01, 0x00,
	0x00, 0x00, 0x00, 0x00, 0xE0, 0x99, 0x01, 0x00, 0x00, 0x00, 0x00, 0x00,
	0xB8, 0x98, 0x01, 0x00, 0x00, 0x00, 0x00, 0x00, 0xB2, 0x99, 0x01, 0x00,
	0x00, 0x00, 0x00, 0x00, 0x8E, 0x99, 0x01, 0x00, 0x00, 0x00, 0x00, 0x00,
	0x7C, 0x99, 0x01, 0x00, 0x00, 0x00, 0x00, 0x00, 0x72, 0x99, 0x01, 0x00,
	0x00, 0x00, 0x00, 0x00, 0x64, 0x99, 0x01, 0x00, 0x00, 0x00, 0x00, 0x00,
	0x48, 0x99, 0x01, 0x00, 0x00, 0x00, 0x00, 0x00, 0x2C, 0x99, 0x01, 0x00,
	0x00, 0x00, 0x00, 0x00, 0x00, 0x00, 0x00, 0x00, 0x00, 0x00, 0x00, 0x00,
	0x86, 0x9A, 0x01, 0x00, 0x00, 0x00, 0x00, 0x00, 0xFE, 0x99, 0x01, 0x00,
	0x00, 0x00, 0x00, 0x00, 0x00, 0x00, 0x00, 0x00, 0x00, 0x00, 0x00, 0x00,
	0xC2, 0x98, 0x01, 0x00, 0x00, 0x00, 0x00, 0x00, 0x00, 0x00, 0x00, 0x00,
	0x00, 0x00, 0x00, 0x00, 0x20, 0x8B, 0x00, 0x40, 0x01, 0x00, 0x00, 0x00,
	0x20, 0x8B, 0x00, 0x40, 0x01, 0x00, 0x00, 0x00, 0x40, 0xEF, 0x00, 0x40,
	0x01, 0x00, 0x00, 0x00, 0x60, 0xEF, 0x00, 0x40, 0x01, 0x00, 0x00, 0x00,
	0x60, 0xEF, 0x00, 0x40, 0x01, 0x00, 0x00, 0x00, 0x00, 0x00, 0x00, 0x00,
	0x00, 0x00, 0x00, 0x00, 0xD8, 0xED, 0x00, 0x40, 0x01, 0x00, 0x00, 0x00,
	0x00, 0x00, 0x00, 0x00, 0x00, 0x00, 0x00, 0x00, 0x68, 0xE3, 0x00, 0x40,
	0x01, 0x00, 0x00, 0x00, 0x00, 0x10, 0x00, 0x40, 0x01, 0x00, 0x00, 0x00,
	0x00, 0x00, 0x00, 0x00, 0x00, 0x00, 0x00, 0x00, 0x00, 0x00, 0x00, 0x00,
	0x00, 0x00, 0x00, 0x00, 0xA0, 0xE2, 0x00, 0x40, 0x01, 0x00, 0x00, 0x00,
	0x58, 0xE3, 0x00, 0x40, 0x01, 0x00, 0x00, 0x00, 0x00, 0x00, 0x00, 0x00,
	0x00, 0x00, 0x00, 0x00, 0x00, 0x00, 0x00, 0x00, 0x00, 0x00, 0x00, 0x00,
	0x00, 0x00, 0x00, 0x00, 0x00, 0x00, 0x00, 0x00, 0x00, 0x00, 0x00, 0x00,
	0x00, 0x00, 0x00, 0x00, 0x00, 0x00, 0x00, 0x00, 0x00, 0x00, 0x00, 0x00,
	0x00, 0x00, 0x00, 0x00, 0x00, 0x00, 0x00, 0x00, 0x00, 0x00, 0x00, 0x00,
	0x00, 0x00, 0x00, 0x00, 0x00, 0x00, 0x00, 0x00, 0x00, 0x00, 0x00, 0x00,
	0x00, 0x00, 0x00, 0x00, 0x00, 0x00, 0x00, 0x00, 0x00, 0x00, 0x00, 0x00,
	0x00, 0x00, 0x00, 0x00, 0x00, 0x01, 0x02, 0x03, 0x04, 0x05, 0x06, 0x07,
	0x01, 0x02, 0x03, 0x04, 0x05, 0x06, 0x07, 0x07, 0x00, 0x02, 0x03, 0x04,
	0x05, 0x06, 0x07, 0x07, 0x02, 0x03, 0x04, 0x05, 0x06, 0x07, 0x06, 0x07,
	0x00, 0x01, 0x03, 0x04, 0x05, 0x06, 0x07, 0x07, 0x01, 0x03, 0x04, 0x05,
	0x06, 0x07, 0x06, 0x07, 0x00, 0x03, 0x04, 0x05, 0x06, 0x07, 0x06, 0x07,
	0x03, 0x04, 0x05, 0x06, 0x07, 0x05, 0x06, 0x07, 0x00, 0x01, 0x02, 0x04,
	0x05, 0x06, 0x07, 0x07, 0x01, 0x02, 0x04, 0x05, 0x06, 0x07, 0x06, 0x07,
	0x00, 0x02, 0x04, 0x05, 0x06, 0x07, 0x06, 0x07, 0x02, 0x04, 0x05, 0x06,
	0x07, 0x05, 0x06, 0x07, 0x00, 0x01, 0x04, 0x05, 0x06, 0x07, 0x06, 0x07,
	0x01, 0x04, 0x05, 0x06, 0x07, 0x05, 0x06, 0x07, 0x00, 0x04, 0x05, 0x06,
	0x07, 0x05, 0x06, 0x07, 0x04, 0x05, 0x06, 0x07, 0x04, 0x05, 0x06, 0x07,
	0x00, 0x01, 0x02, 0x03, 0x05, 0x06, 0x07, 0x07, 0x01, 0x02, 0x03, 0x05,
	0x06, 0x07, 0x06, 0x07, 0x00, 0x02, 0x03, 0x05, 0x06, 0x07, 0x06, 0x07,
	0x02, 0x03, 0x05, 0x06, 0x07, 0x05, 0x06, 0x07, 0x00, 0x01, 0x03, 0x05,
	0x06, 0x07, 0x06, 0x07, 0x01, 0x03, 0x05, 0x06, 0x07, 0x05, 0x06, 0x07,
	0x00, 0x03, 0x05, 0x06, 0x07, 0x05, 0x06, 0x07, 0x03, 0x05, 0x06, 0x07,
	0x04, 0x05, 0x06, 0x07, 0x00, 0x01, 0x02, 0x05, 0x06, 0x07, 0x06, 0x07,
	0x01, 0x02, 0x05, 0x06, 0x07, 0x05, 0x06, 0x07, 0x00, 0x02, 0x05, 0x06,
	0x07, 0x05, 0x06, 0x07, 0x02, 0x05, 0x06, 0x07, 0x04, 0x05, 0x06, 0x07,
	0x00, 0x01, 0x05, 0x06, 0x07, 0x05, 0x06, 0x07, 0x01, 0x05, 0x06, 0x07,
	0x04, 0x05, 0x06, 0x07, 0x00, 0x05, 0x06, 0x07, 0x04, 0x05, 0x06, 0x07,
	0x05, 0x06, 0x07, 0x03, 0x04, 0x05, 0x06, 0x07, 0x00, 0x01, 0x02, 0x03,
	0x04, 0x06, 0x07, 0x07, 0x01, 0x02, 0x03, 0x04, 0x06, 0x07, 0x06, 0x07,
	0x00, 0x02, 0x03, 0x04, 0x06, 0x07, 0x06, 0x07, 0x02, 0x03, 0x04, 0x06,
	0x07, 0x05, 0x06, 0x07, 0x00, 0x01, 0x03, 0x04, 0x06, 0x07, 0x06, 0x07,
	0x01, 0x03, 0x04, 0x06, 0x07, 0x05, 0x06, 0x07, 0x00, 0x03, 0x04, 0x06,
	0x07, 0x05, 0x06, 0x07, 0x03, 0x04, 0x06, 0x07, 0x04, 0x05, 0x06, 0x07,
	0x00, 0x01, 0x02, 0x04, 0x06, 0x07, 0x06, 0x07, 0x01, 0x02, 0x04, 0x06,
	0x07, 0x05, 0x06, 0x07, 0x00, 0x02, 0x04, 0x06, 0x07, 0x05, 0x06, 0x07,
	0x02, 0x04, 0x06, 0x07, 0x04, 0x05, 0x06, 0x07, 0x00, 0x01, 0x04, 0x06,
	0x07, 0x05, 0x06, 0x07, 0x01, 0x04, 0x06, 0x07, 0x04, 0x05, 0x06, 0x07,
	0x00, 0x04, 0x06, 0x07, 0x04, 0x05, 0x06, 0x07, 0x04, 0x06, 0x07, 0x03,
	0x04, 0x05, 0x06, 0x07, 0x00, 0x01, 0x02, 0x03, 0x06, 0x07, 0x06, 0x07,
	0x01, 0x02, 0x03, 0x06, 0x07, 0x05, 0x06, 0x07, 0x00, 0x02, 0x03, 0x06,
	0x07, 0x05, 0x06, 0x07, 0x02, 0x03, 0x06, 0x07, 0x04, 0x05, 0x06, 0x07,
	0x00, 0x01, 0x03, 0x06, 0x07, 0x05, 0x06, 0x07, 0x01, 0x03, 0x06, 0x07,
	0x04, 0x05, 0x06, 0x07, 0x00, 0x03, 0x06, 0x07, 0x04, 0x05, 0x06, 0x07,
	0x03, 0x06, 0x07, 0x03, 0x04, 0x05, 0x06, 0x07, 0x00, 0x01, 0x02, 0x06,
	0x07, 0x05, 0x06, 0x07, 0x01, 0x02, 0x06, 0x07, 0x04, 0x05, 0x06, 0x07,
	0x00, 0x02, 0x06, 0x07, 0x04, 0x05, 0x06, 0x07, 0x02, 0x06, 0x07, 0x03,
	0x04, 0x05, 0x06, 0x07, 0x00, 0x01, 0x06, 0x07, 0x04, 0x05, 0x06, 0x07,
	0x01, 0x06, 0x07, 0x03, 0x04, 0x05, 0x06, 0x07, 0x00, 0x06, 0x07, 0x03,
	0x04, 0x05, 0x06, 0x07, 0x06, 0x07, 0x02, 0x03, 0x04, 0x05, 0x06, 0x07,
	0x00, 0x01, 0x02, 0x03, 0x04, 0x05, 0x07, 0x07, 0x01, 0x02, 0x03, 0x04,
	0x05, 0x07, 0x06, 0x07, 0x00, 0x02, 0x03, 0x04, 0x05, 0x07, 0x06, 0x07,
	0x02, 0x03, 0x04, 0x05, 0x07, 0x05, 0x06, 0x07, 0x00, 0x01, 0x03, 0x04,
	0x05, 0x07, 0x06, 0x07, 0x01, 0x03, 0x04, 0x05, 0x07, 0x05, 0x06, 0x07,
	0x00, 0x03, 0x04, 0x05, 0x07, 0x05, 0x06, 0x07, 0x03, 0x04, 0x05, 0x07,
	0x04, 0x05, 0x06, 0x07, 0x00, 0x01, 0x02, 0x04, 0x05, 0x07, 0x06, 0x07,
	0x01, 0x02, 0x04, 0x05, 0x07, 0x05, 0x06, 0x07, 0x00, 0x02, 0x04, 0x05,
	0x07, 0x05, 0x06, 0x07, 0x02, 0x04, 0x05, 0x07, 0x04, 0x05, 0x06, 0x07,
	0x00, 0x01, 0x04, 0x05, 0x07, 0x05, 0x06, 0x07, 0x01, 0x04, 0x05, 0x07,
	0x04, 0x05, 0x06, 0x07, 0x00, 0x04, 0x05, 0x07, 0x04, 0x05, 0x06, 0x07,
	0x04, 0x05, 0x07, 0x03, 0x04, 0x05, 0x06, 0x07, 0x00, 0x01, 0x02, 0x03,
	0x05, 0x07, 0x06, 0x07, 0x01, 0x02, 0x03, 0x05, 0x07, 0x05, 0x06, 0x07,
	0x00, 0x02, 0x03, 0x05, 0x07, 0x05, 0x06, 0x07, 0x02, 0x03, 0x05, 0x07,
	0x04, 0x05, 0x06, 0x07, 0x00, 0x01, 0x03, 0x05, 0x07, 0x05, 0x06, 0x07,
	0x01, 0x03, 0x05, 0x07, 0x04, 0x05, 0x06, 0x07, 0x00, 0x03, 0x05, 0x07,
	0x04, 0x05, 0x06, 0x07, 0x03, 0x05, 0x07, 0x03, 0x04, 0x05, 0x06, 0x07,
	0x00, 0x01, 0x02, 0x05, 0x07, 0x05, 0x06, 0x07, 0x01, 0x02, 0x05, 0x07,
	0x04, 0x05, 0x06, 0x07, 0x00, 0x02, 0x05, 0x07, 0x04, 0x05, 0x06, 0x07,
	0x02, 0x05, 0x07, 0x03, 0x04, 0x05, 0x06, 0x07, 0x00, 0x01, 0x05, 0x07,
	0x04, 0x05, 0x06, 0x07, 0x01, 0x05, 0x07, 0x03, 0x04, 0x05, 0x06, 0x07,
	0x00, 0x05, 0x07, 0x03, 0x04, 0x05, 0x06, 0x07, 0x05, 0x07, 0x02, 0x03,
	0x04, 0x05, 0x06, 0x07, 0x00, 0x01, 0x02, 0x03, 0x04, 0x07, 0x06, 0x07,
	0x01, 0x02, 0x03, 0x04, 0x07, 0x05, 0x06, 0x07, 0x00, 0x02, 0x03, 0x04,
	0x07, 0x05, 0x06, 0x07, 0x02, 0x03, 0x04, 0x07, 0x04, 0x05, 0x06, 0x07,
	0x00, 0x01, 0x03, 0x04, 0x07, 0x05, 0x06, 0x07, 0x01, 0x03, 0x04, 0x07,
	0x04, 0x05, 0x06, 0x07, 0x00, 0x03, 0x04, 0x07, 0x04, 0x05, 0x06, 0x07,
	0x03, 0x04, 0x07, 0x03, 0x04, 0x05, 0x06, 0x07, 0x00, 0x01, 0x02, 0x04,
	0x07, 0x05, 0x06, 0x07, 0x01, 0x02, 0x04, 0x07, 0x04, 0x05, 0x06, 0x07,
	0x00, 0x02, 0x04, 0x07, 0x04, 0x05, 0x06, 0x07, 0x02, 0x04, 0x07, 0x03,
	0x04, 0x05, 0x06, 0x07, 0x00, 0x01, 0x04, 0x07, 0x04, 0x05, 0x06, 0x07,
	0x01, 0x04, 0x07, 0x03, 0x04, 0x05, 0x06, 0x07, 0x00, 0x04, 0x07, 0x03,
	0x04, 0x05, 0x06, 0x07, 0x04, 0x07, 0x02, 0x03, 0x04, 0x05, 0x06, 0x07,
	0x00, 0x01, 0x02, 0x03, 0x07, 0x05, 0x06, 0x07, 0x01, 0x02, 0x03, 0x07,
	0x04, 0x05, 0x06, 0x07, 0x00, 0x02, 0x03, 0x07, 0x04, 0x05, 0x06, 0x07,
	0x02, 0x03, 0x07, 0x03, 0x04, 0x05, 0x06, 0x07, 0x00, 0x01, 0x03, 0x07,
	0x04, 0x05, 0x06, 0x07, 0x01, 0x03, 0x07, 0x03, 0x04, 0x05, 0x06, 0x07,
	0x00, 0x03, 0x07, 0x03, 0x04, 0x05, 0x06, 0x07, 0x03, 0x07, 0x02, 0x03,
	0x04, 0x05, 0x06, 0x07, 0x00, 0x01, 0x02, 0x07, 0x04, 0x05, 0x06, 0x07,
	0x01, 0x02, 0x07, 0x03, 0x04, 0x05, 0x06, 0x07, 0x00, 0x02, 0x07, 0x03,
	0x04, 0x05, 0x06, 0x07, 0x02, 0x07, 0x02, 0x03, 0x04, 0x05, 0x06, 0x07,
	0x00, 0x01, 0x07, 0x03, 0x04, 0x05, 0x06, 0x07, 0x01, 0x07, 0x02, 0x03,
	0x04, 0x05, 0x06, 0x07, 0x00, 0x07, 0x02, 0x03, 0x04, 0x05, 0x06, 0x07,
	0x07, 0x01, 0x02, 0x03, 0x04, 0x05, 0x06, 0x07, 0x00, 0x01, 0x02, 0x03,
	0x04, 0x05, 0x06, 0x07, 0x01, 0x02, 0x03, 0x04, 0x05, 0x06, 0x06, 0x07,
	0x00, 0x02, 0x03, 0x04, 0x05, 0x06, 0x06, 0x07, 0x02, 0x03, 0x04, 0x05,
	0x06, 0x05, 0x06, 0x07, 0x00, 0x01, 0x03, 0x04, 0x05, 0x06, 0x06, 0x07,
	0x01, 0x03, 0x04, 0x05, 0x06, 0x05, 0x06, 0x07, 0x00, 0x03, 0x04, 0x05,
	0x06, 0x05, 0x06, 0x07, 0x03, 0x04, 0x05, 0x06, 0x04, 0x05, 0x06, 0x07,
	0x00, 0x01, 0x02, 0x04, 0x05, 0x06, 0x06, 0x07, 0x01, 0x02, 0x04, 0x05,
	0x06, 0x05, 0x06, 0x07, 0x00, 0x02, 0x04, 0x05, 0x06, 0x05, 0x06, 0x07,
	0x02, 0x04, 0x05, 0x06, 0x04, 0x05, 0x06, 0x07, 0x00, 0x01, 0x04, 0x05,
	0x06, 0x05, 0x06, 0x07, 0x01, 0x04, 0x05, 0x06, 0x04, 0x05, 0x06, 0x07,
	0x00, 0x04, 0x05, 0x06, 0x04, 0x05, 0x06, 0x07, 0x04, 0x05, 0x06, 0x03,
	0x04, 0x05, 0x06, 0x07, 0x00, 0x01, 0x02, 0x03, 0x05, 0x06, 0x06, 0x07,
	0x01, 0x02, 0x03, 0x05, 0x06, 0x05, 0x06, 0x07, 0x00, 0x02, 0x03, 0x05,
	0x06, 0x05, 0x06, 0x07, 0x02, 0x03, 0x05, 0x06, 0x04, 0x05, 0x06, 0x07,
	0x00, 0x01, 0x03, 0x05, 0x06, 0x05, 0x06, 0x07, 0x01, 0x03, 0x05, 0x06,
	0x04, 0x05, 0x06, 0x07, 0x00, 0x03, 0x05, 0x06, 0x04, 0x05, 0x06, 0x07,
	0x03, 0x05, 0x06, 0x03, 0x04, 0x05, 0x06, 0x07, 0x00, 0x01, 0x02, 0x05,
	0x06, 0x05, 0x06, 0x07, 0x01, 0x02, 0x05, 0x06, 0x04, 0x05, 0x06, 0x07,
	0x00, 0x02, 0x05, 0x06, 0x04, 0x05, 0x06, 0x07, 0x02, 0x05, 0x06, 0x03,
	0x04, 0x05, 0x06, 0x07, 0x00, 0x01, 0x05, 0x06, 0x04, 0x05, 0x06, 0x07,
	0x01, 0x05, 0x06, 0x03, 0x04, 0x05, 0x06, 0x07, 0x00, 0x05, 0x06, 0x03,
	0x04, 0x05, 0x06, 0x07, 0x05, 0x06, 0x02, 0x03, 0x04, 0x05, 0x06, 0x07,
	0x00, 0x01, 0x02, 0x03, 0x04, 0x06, 0x06, 0x07, 0x01, 0x02, 0x03, 0x04,
	0x06, 0x05, 0x06, 0x07, 0x00, 0x02, 0x03, 0x04, 0x06, 0x05, 0x06, 0x07,
	0x02, 0x03, 0x04, 0x06, 0x04, 0x05, 0x06, 0x07, 0x00, 0x01, 0x03, 0x04,
	0x06, 0x05, 0x06, 0x07, 0x01, 0x03, 0x04, 0x06, 0x04, 0x05, 0x06, 0x07,
	0x00, 0x03, 0x04, 0x06, 0x04, 0x05, 0x06, 0x07, 0x03, 0x04, 0x06, 0x03,
	0x04, 0x05, 0x06, 0x07, 0x00, 0x01, 0x02, 0x04, 0x06, 0x05, 0x06, 0x07,
	0x01, 0x02, 0x04, 0x06, 0x04, 0x05, 0x06, 0x07, 0x00, 0x02, 0x04, 0x06,
	0x04, 0x05, 0x06, 0x07, 0x02, 0x04, 0x06, 0x03, 0x04, 0x05, 0x06, 0x07,
	0x00, 0x01, 0x04, 0x06, 0x04, 0x05, 0x06, 0x07, 0x01, 0x04, 0x06, 0x03,
	0x04, 0x05, 0x06, 0x07, 0x00, 0x04, 0x06, 0x03, 0x04, 0x05, 0x06, 0x07,
	0x04, 0x06, 0x02, 0x03, 0x04, 0x05, 0x06, 0x07, 0x00, 0x01, 0x02, 0x03,
	0x06, 0x05, 0x06, 0x07, 0x01, 0x02, 0x03, 0x06, 0x04, 0x05, 0x06, 0x07,
	0x00, 0x02, 0x03, 0x06, 0x04, 0x05, 0x06, 0x07, 0x02, 0x03, 0x06, 0x03,
	0x04, 0x05, 0x06, 0x07, 0x00, 0x01, 0x03, 0x06, 0x04, 0x05, 0x06, 0x07,
	0x01, 0x03, 0x06, 0x03, 0x04, 0x05, 0x06, 0x07, 0x00, 0x03, 0x06, 0x03,
	0x04, 0x05, 0x06, 0x07, 0x03, 0x06, 0x02, 0x03, 0x04, 0x05, 0x06, 0x07,
	0x00, 0x01, 0x02, 0x06, 0x04, 0x05, 0x06, 0x07, 0x01, 0x02, 0x06, 0x03,
	0x04, 0x05, 0x06, 0x07, 0x00, 0x02, 0x06, 0x03, 0x04, 0x05, 0x06, 0x07,
	0x02, 0x06, 0x02, 0x03, 0x04, 0x05, 0x06, 0x07, 0x00, 0x01, 0x06, 0x03,
	0x04, 0x05, 0x06, 0x07, 0x01, 0x06, 0x02, 0x03, 0x04, 0x05, 0x06, 0x07,
	0x00, 0x06, 0x02, 0x03, 0x04, 0x05, 0x06, 0x07, 0x06, 0x01, 0x02, 0x03,
	0x04, 0x05, 0x06, 0x07, 0x00, 0x01, 0x02, 0x03, 0x04, 0x05, 0x06, 0x07,
	0x01, 0x02, 0x03, 0x04, 0x05, 0x05, 0x06, 0x07, 0x00, 0x02, 0x03, 0x04,
	0x05, 0x05, 0x06, 0x07, 0x02, 0x03, 0x04, 0x05, 0x04, 0x05, 0x06, 0x07,
	0x00, 0x01, 0x03, 0x04, 0x05, 0x05, 0x06, 0x07, 0x01, 0x03, 0x04, 0x05,
	0x04, 0x05, 0x06, 0x07, 0x00, 0x03, 0x04, 0x05, 0x04, 0x05, 0x06, 0x07,
	0x03, 0x04, 0x05, 0x03, 0x04, 0x05, 0x06, 0x07, 0x00, 0x01, 0x02, 0x04,
	0x05, 0x05, 0x06, 0x07, 0x01, 0x02, 0x04, 0x05, 0x04, 0x05, 0x06, 0x07,
	0x00, 0x02, 0x04, 0x05, 0x04, 0x05, 0x06, 0x07, 0x02, 0x04, 0x05, 0x03,
	0x04, 0x05, 0x06, 0x07, 0x00, 0x01, 0x04, 0x05, 0x04, 0x05, 0x06, 0x07,
	0x01, 0x04, 0x05, 0x03, 0x04, 0x05, 0x06, 0x07, 0x00, 0x04, 0x05, 0x03,
	0x04, 0x05, 0x06, 0x07, 0x04, 0x05, 0x02, 0x03, 0x04, 0x05, 0x06, 0x07,
	0x00, 0x01, 0x02, 0x03, 0x05, 0x05, 0x06, 0x07, 0x01, 0x02, 0x03, 0x05,
	0x04, 0x05, 0x06, 0x07, 0x00, 0x02, 0x03, 0x05, 0x04, 0x05, 0x06, 0x07,
	0x02, 0x03, 0x05, 0x03, 0x04, 0x05, 0x06, 0x07, 0x00, 0x01, 0x03, 0x05,
	0x04, 0x05, 0x06, 0x07, 0x01, 0x03, 0x05, 0x03, 0x04, 0x05, 0x06, 0x07,
	0x00, 0x03, 0x05, 0x03, 0x04, 0x05, 0x06, 0x07, 0x03, 0x05, 0x02, 0x03,
	0x04, 0x05, 0x06, 0x07, 0x00, 0x01, 0x02, 0x05, 0x04, 0x05, 0x06, 0x07,
	0x01, 0x02, 0x05, 0x03, 0x04, 0x05, 0x06, 0x07, 0x00, 0x02, 0x05, 0x03,
	0x04, 0x05, 0x06, 0x07, 0x02, 0x05, 0x02, 0x03, 0x04, 0x05, 0x06, 0x07,
	0x00, 0x01, 0x05, 0x03, 0x04, 0x05, 0x06, 0x07, 0x01, 0x05, 0x02, 0x03,
	0x04, 0x05, 0x06, 0x07, 0x00, 0x05, 0x02, 0x03, 0x04, 0x05, 0x06, 0x07,
	0x05, 0x01, 0x02, 0x03, 0x04, 0x05, 0x06, 0x07, 0x00, 0x01, 0x02, 0x03,
	0x04, 0x05, 0x06, 0x07, 0x01, 0x02, 0x03, 0x04, 0x04, 0x05, 0x06, 0x07,
	0x00, 0x02, 0x03, 0x04, 0x04, 0x05, 0x06, 0x07, 0x02, 0x03, 0x04, 0x03,
	0x04, 0x05, 0x06, 0x07, 0x00, 0x01, 0x03, 0x04, 0x04, 0x05, 0x06, 0x07,
	0x01, 0x03, 0x04, 0x03, 0x04, 0x05, 0x06, 0x07, 0x00, 0x03, 0x04, 0x03,
	0x04, 0x05, 0x06, 0x07, 0x03, 0x04, 0x02, 0x03, 0x04, 0x05, 0x06, 0x07,
	0x00, 0x01, 0x02, 0x04, 0x04, 0x05, 0x06, 0x07, 0x01, 0x02, 0x04, 0x03,
	0x04, 0x05, 0x06, 0x07, 0x00, 0x02, 0x04, 0x03, 0x04, 0x05, 0x06, 0x07,
	0x02, 0x04, 0x02, 0x03, 0x04, 0x05, 0x06, 0x07, 0x00, 0x01, 0x04, 0x03,
	0x04, 0x05, 0x06, 0x07, 0x01, 0x04, 0x02, 0x03, 0x04, 0x05, 0x06, 0x07,
	0x00, 0x04, 0x02, 0x03, 0x04, 0x05, 0x06, 0x07, 0x04, 0x01, 0x02, 0x03,
	0x04, 0x05, 0x06, 0x07, 0x00, 0x01, 0x02, 0x03, 0x04, 0x05, 0x06, 0x07,
	0x01, 0x02, 0x03, 0x03, 0x04, 0x05, 0x06, 0x07, 0x00, 0x02, 0x03, 0x03,
	0x04, 0x05, 0x06, 0x07, 0x02, 0x03, 0x02, 0x03, 0x04, 0x05, 0x06, 0x07,
	0x00, 0x01, 0x03, 0x03, 0x04, 0x05, 0x06, 0x07, 0x01, 0x03, 0x02, 0x03,
	0x04, 0x05, 0x06, 0x07, 0x00, 0x03, 0x02, 0x03, 0x04, 0x05, 0x06, 0x07,
	0x03, 0x01, 0x02, 0x03, 0x04, 0x05, 0x06, 0x07, 0x00, 0x01, 0x02, 0x03,
	0x04, 0x05, 0x06, 0x07, 0x01, 0x02, 0x02, 0x03, 0x04, 0x05, 0x06, 0x07,
	0x00, 0x02, 0x02, 0x03, 0x04, 0x05, 0x06, 0x07, 0x02, 0x01, 0x02, 0x03,
	0x04, 0x05, 0x06, 0x07, 0x00, 0x01, 0x02, 0x03, 0x04, 0x05, 0x06, 0x07,
	0x01, 0x01, 0x02, 0x03, 0x04, 0x05, 0x06, 0x07, 0x00, 0x01, 0x02, 0x03,
	0x04, 0x05, 0x06, 0x07, 0x00, 0x01, 0x02, 0x03, 0x04, 0x05, 0x06, 0x07,
	0x08, 0x07, 0x07, 0x06, 0x07, 0x06, 0x06, 0x05, 0x07, 0x06, 0x06, 0x05,
	0x06, 0x05, 0x05, 0x04, 0x07, 0x06, 0x06, 0x05, 0x06, 0x05, 0x05, 0x04,
	0x06, 0x05, 0x05, 0x04, 0x05, 0x04, 0x04, 0x03, 0x07, 0x06, 0x06, 0x05,
	0x06, 0x05, 0x05, 0x04, 0x06, 0x05, 0x05, 0x04, 0x05, 0x04, 0x04, 0x03,
	0x06, 0x05, 0x05, 0x04, 0x05, 0x04, 0x04, 0x03, 0x05, 0x04, 0x04, 0x03,
	0x04, 0x03, 0x03, 0x02, 0x07, 0x06, 0x06, 0x05, 0x06, 0x05, 0x05, 0x04,
	0x06, 0x05, 0x05, 0x04, 0x05, 0x04, 0x04, 0x03, 0x06, 0x05, 0x05, 0x04,
	0x05, 0x04, 0x04, 0x03, 0x05, 0x04, 0x04, 0x03, 0x04, 0x03, 0x03, 0x02,
	0x06, 0x05, 0x05, 0x04, 0x05, 0x04, 0x04, 0x03, 0x05, 0x04, 0x04, 0x03,
	0x04, 0x03, 0x03, 0x02, 0x05, 0x04, 0x04, 0x03, 0x04, 0x03, 0x03, 0x02,
	0x04, 0x03, 0x03, 0x02, 0x03, 0x02, 0x02, 0x01, 0x07, 0x06, 0x06, 0x05,
	0x06, 0x05, 0x05, 0x04, 0x06, 0x05, 0x05, 0x04, 0x05, 0x04, 0x04, 0x03,
	0x06, 0x05, 0x05, 0x04, 0x05, 0x04, 0x04, 0x03, 0x05, 0x04, 0x04, 0x03,
	0x04, 0x03, 0x03, 0x02, 0x06, 0x05, 0x05, 0x04, 0x05, 0x04, 0x04, 0x03,
	0x05, 0x04, 0x04, 0x03, 0x04, 0x03, 0x03, 0x02, 0x05, 0x04, 0x04, 0x03,
	0x04, 0x03, 0x03, 0x02, 0x04, 0x03, 0x03, 0x02, 0x03, 0x02, 0x02, 0x01,
	0x06, 0x05, 0x05, 0x04, 0x05, 0x04, 0x04, 0x03, 0x05, 0x04, 0x04, 0x03,
	0x04, 0x03, 0x03, 0x02, 0x05, 0x04, 0x04, 0x03, 0x04, 0x03, 0x03, 0x02,
	0x04, 0x03, 0x03, 0x02, 0x03, 0x02, 0x02, 0x01, 0x05, 0x04, 0x04, 0x03,
	0x04, 0x03, 0x03, 0x02, 0x04, 0x03, 0x03, 0x02, 0x03, 0x02, 0x02, 0x01,
	0x04, 0x03, 0x03, 0x02, 0x03, 0x02, 0x02, 0x01, 0x03, 0x02, 0x02, 0x01,
	0x02, 0x01, 0x01, 0x00, 0x00, 0x01, 0x02, 0x03, 0x04, 0x05, 0x06, 0x07,
	0x08, 0x09, 0x0A, 0x0B, 0x0C, 0x0D, 0x0E, 0x0F, 0x02, 0x03, 0x04, 0x05,
	0x06, 0x07, 0x08, 0x09, 0x0A, 0x0B, 0x0C, 0x0D, 0x0E, 0x0F, 0x0E, 0x0F,
	0x00, 0x01, 0x04, 0x05, 0x06, 0x07, 0x08, 0x09, 0x0A, 0x0B, 0x0C, 0x0D,
	0x0E, 0x0F, 0x0E, 0x0F, 0x04, 0x05, 0x06, 0x07, 0x08, 0x09, 0x0A, 0x0B,
	0x0C, 0x0D, 0x0E, 0x0F, 0x0C, 0x0D, 0x0E, 0x0F, 0x00, 0x01, 0x02, 0x03,
	0x06, 0x07, 0x08, 0x09, 0x0A, 0x0B, 0x0C, 0x0D, 0x0E, 0x0F, 0x0E, 0x0F,
	0x02, 0x03, 0x06, 0x07, 0x08, 0x09, 0x0A, 0x0B, 0x0C, 0x0D, 0x0E, 0x0F,
	0x0C, 0x0D, 0x0E, 0x0F, 0x00, 0x01, 0x06, 0x07, 0x08, 0x09, 0x0A, 0x0B,
	0x0C, 0x0D, 0x0E, 0x0F, 0x0C, 0x0D, 0x0E, 0x0F, 0x06, 0x07, 0x08, 0x09,
	0x0A, 0x0B, 0x0C, 0x0D, 0x0E, 0x0F, 0x0A, 0x0B, 0x0C, 0x0D, 0x0E, 0x0F,
	0x00, 0x01, 0x02, 0x03, 0x04, 0x05, 0x08, 0x09, 0x0A, 0x0B, 0x0C, 0x0D,
	0x0E, 0x0F, 0x0E, 0x0F, 0x02, 0x03, 0x04, 0x05, 0x08, 0x09, 0x0A, 0x0B,
	0x0C, 0x0D, 0x0E, 0x0F, 0x0C, 0x0D, 0x0E, 0x0F, 0x00, 0x01, 0x04, 0x05,
	0x08, 0x09, 0x0A, 0x0B, 0x0C, 0x0D, 0x0E, 0x0F, 0x0C, 0x0D, 0x0E, 0x0F,
	0x04, 0x05, 0x08, 0x09, 0x0A, 0x0B, 0x0C, 0x0D, 0x0E, 0x0F, 0x0A, 0x0B,
	0x0C, 0x0D, 0x0E, 0x0F, 0x00, 0x01, 0x02, 0x03, 0x08, 0x09, 0x0A, 0x0B,
	0x0C, 0x0D, 0x0E, 0x0F, 0x0C, 0x0D, 0x0E, 0x0F, 0x02, 0x03, 0x08, 0x09,
	0x0A, 0x0B, 0x0C, 0x0D, 0x0E, 0x0F, 0x0A, 0x0B, 0x0C, 0x0D, 0x0E, 0x0F,
	0x00, 0x01, 0x08, 0x09, 0x0A, 0x0B, 0x0C, 0x0D, 0x0E, 0x0F, 0x0A, 0x0B,
	0x0C, 0x0D, 0x0E, 0x0F, 0x08, 0x09, 0x0A, 0x0B, 0x0C, 0x0D, 0x0E, 0x0F,
	0x08, 0x09, 0x0A, 0x0B, 0x0C, 0x0D, 0x0E, 0x0F, 0x00, 0x01, 0x02, 0x03,
	0x04, 0x05, 0x06, 0x07, 0x0A, 0x0B, 0x0C, 0x0D, 0x0E, 0x0F, 0x0E, 0x0F,
	0x02, 0x03, 0x04, 0x05, 0x06, 0x07, 0x0A, 0x0B, 0x0C, 0x0D, 0x0E, 0x0F,
	0x0C, 0x0D, 0x0E, 0x0F, 0x00, 0x01, 0x04, 0x05, 0x06, 0x07, 0x0A, 0x0B,
	0x0C, 0x0D, 0x0E, 0x0F, 0x0C, 0x0D, 0x0E, 0x0F, 0x04, 0x05, 0x06, 0x07,
	0x0A, 0x0B, 0x0C, 0x0D, 0x0E, 0x0F, 0x0A, 0x0B, 0x0C, 0x0D, 0x0E, 0x0F,
	0x00, 0x01, 0x02, 0x03, 0x06, 0x07, 0x0A, 0x0B, 0x0C, 0x0D, 0x0E, 0x0F,
	0x0C, 0x0D, 0x0E, 0x0F, 0x02, 0x03, 0x06, 0x07, 0x0A, 0x0B, 0x0C, 0x0D,
	0x0E, 0x0F, 0x0A, 0x0B, 0x0C, 0x0D, 0x0E, 0x0F, 0x00, 0x01, 0x06, 0x07,
	0x0A, 0x0B, 0x0C, 0x0D, 0x0E, 0x0F, 0x0A, 0x0B, 0x0C, 0x0D, 0x0E, 0x0F,
	0x06, 0x07, 0x0A, 0x0B, 0x0C, 0x0D, 0x0E, 0x0F, 0x08, 0x09, 0x0A, 0x0B,
	0x0C, 0x0D, 0x0E, 0x0F, 0x00, 0x01, 0x02, 0x03, 0x04, 0x05, 0x0A, 0x0B,
	0x0C, 0x0D, 0x0E, 0x0F, 0x0C, 0x0D, 0x0E, 0x0F, 0x02, 0x03, 0x04, 0x05,
	0x0A, 0x0B, 0x0C, 0x0D, 0x0E, 0x0F, 0x0A, 0x0B, 0x0C, 0x0D, 0x0E, 0x0F,
	0x00, 0x01, 0x04, 0x05, 0x0A, 0x0B, 0x0C, 0x0D, 0x0E, 0x0F, 0x0A, 0x0B,
	0x0C, 0x0D, 0x0E, 0x0F, 0x04, 0x05, 0x0A, 0x0B, 0x0C, 0x0D, 0x0E, 0x0F,
	0x08, 0x09, 0x0A, 0x0B, 0x0C, 0x0D, 0x0E, 0x0F, 0x00, 0x01, 0x02, 0x03,
	0x0A, 0x0B, 0x0C, 0x0D, 0x0E, 0x0F, 0x0A, 0x0B, 0x0C, 0x0D, 0x0E, 0x0F,
	0x02, 0x03, 0x0A, 0x0B, 0x0C, 0x0D, 0x0E, 0x0F, 0x08, 0x09, 0x0A, 0x0B,
	0x0C, 0x0D, 0x0E, 0x0F, 0x00, 0x01, 0x0A, 0x0B, 0x0C, 0x0D, 0x0E, 0x0F,
	0x08, 0x09, 0x0A, 0x0B, 0x0C, 0x0D, 0x0E, 0x0F, 0x0A, 0x0B, 0x0C, 0x0D,
	0x0E, 0x0F, 0x06, 0x07, 0x08, 0x09, 0x0A, 0x0B, 0x0C, 0x0D, 0x0E, 0x0F,
	0x00, 0x01, 0x02, 0x03, 0x04, 0x05, 0x06, 0x07, 0x08, 0x09, 0x0C, 0x0D,
	0x0E, 0x0F, 0x0E, 0x0F, 0x02, 0x03, 0x04, 0x05, 0x06, 0x07, 0x08, 0x09,
	0x0C, 0x0D, 0x0E, 0x0F, 0x0C, 0x0D, 0x0E, 0x0F, 0x00, 0x01, 0x04, 0x05,
	0x06, 0x07, 0x08, 0x09, 0x0C, 0x0D, 0x0E, 0x0F, 0x0C, 0x0D, 0x0E, 0x0F,
	0x04, 0x05, 0x06, 0x07, 0x08, 0x09, 0x0C, 0x0D, 0x0E, 0x0F, 0x0A, 0x0B,
	0x0C, 0x0D, 0x0E, 0x0F, 0x00, 0x01, 0x02, 0x03, 0x06, 0x07, 0x08, 0x09,
	0x0C, 0x0D, 0x0E, 0x0F, 0x0C, 0x0D, 0x0E, 0x0F, 0x02, 0x03, 0x06, 0x07,
	0x08, 0x09, 0x0C, 0x0D, 0x0E, 0x0F, 0x0A, 0x0B, 0x0C, 0x0D, 0x0E, 0x0F,
	0x00, 0x01, 0x06, 0x07, 0x08, 0x09, 0x0C, 0x0D, 0x0E, 0x0F, 0x0A, 0x0B,
	0x0C, 0x0D, 0x0E, 0x0F, 0x06, 0x07, 0x08, 0x09, 0x0C, 0x0D, 0x0E, 0x0F,
	0x08, 0x09, 0x0A, 0x0B, 0x0C, 0x0D, 0x0E, 0x0F, 0x00, 0x01, 0x02, 0x03,
	0x04, 0x05, 0x08, 0x09, 0x0C, 0x0D, 0x0E, 0x0F, 0x0C, 0x0D, 0x0E, 0x0F,
	0x02, 0x03, 0x04, 0x05, 0x08, 0x09, 0x0C, 0x0D, 0x0E, 0x0F, 0x0A, 0x0B,
	0x0C, 0x0D, 0x0E, 0x0F, 0x00, 0x01, 0x04, 0x05, 0x08, 0x09, 0x0C, 0x0D,
	0x0E, 0x0F, 0x0A, 0x0B, 0x0C, 0x0D, 0x0E, 0x0F, 0x04, 0x05, 0x08, 0x09,
	0x0C, 0x0D, 0x0E, 0x0F, 0x08, 0x09, 0x0A, 0x0B, 0x0C, 0x0D, 0x0E, 0x0F,
	0x00, 0x01, 0x02, 0x03, 0x08, 0x09, 0x0C, 0x0D, 0x0E, 0x0F, 0x0A, 0x0B,
	0x0C, 0x0D, 0x0E, 0x0F, 0x02, 0x03, 0x08, 0x09, 0x0C, 0x0D, 0x0E, 0x0F,
	0x08, 0x09, 0x0A, 0x0B, 0x0C, 0x0D, 0x0E, 0x0F, 0x00, 0x01, 0x08, 0x09,
	0x0C, 0x0D, 0x0E, 0x0F, 0x08, 0x09, 0x0A, 0x0B, 0x0C, 0x0D, 0x0E, 0x0F,
	0x08, 0x09, 0x0C, 0x0D, 0x0E, 0x0F, 0x06, 0x07, 0x08, 0x09, 0x0A, 0x0B,
	0x0C, 0x0D, 0x0E, 0x0F, 0x00, 0x01, 0x02, 0x03, 0x04, 0x05, 0x06, 0x07,
	0x0C, 0x0D, 0x0E, 0x0F, 0x0C, 0x0D, 0x0E, 0x0F, 0x02, 0x03, 0x04, 0x05,
	0x06, 0x07, 0x0C, 0x0D, 0x0E, 0x0F, 0x0A, 0x0B, 0x0C, 0x0D, 0x0E, 0x0F,
	0x00, 0x01, 0x04, 0x05, 0x06, 0x07, 0x0C, 0x0D, 0x0E, 0x0F, 0x0A, 0x0B,
	0x0C, 0x0D, 0x0E, 0x0F, 0x04, 0x05, 0x06, 0x07, 0x0C, 0x0D, 0x0E, 0x0F,
	0x08, 0x09, 0x0A, 0x0B, 0x0C, 0x0D, 0x0E, 0x0F, 0x00, 0x01, 0x02, 0x03,
	0x06, 0x07, 0x0C, 0x0D, 0x0E, 0x0F, 0x0A, 0x0B, 0x0C, 0x0D, 0x0E, 0x0F,
	0x02, 0x03, 0x06, 0x07, 0x0C, 0x0D, 0x0E, 0x0F, 0x08, 0x09, 0x0A, 0x0B,
	0x0C, 0x0D, 0x0E, 0x0F, 0x00, 0x01, 0x06, 0x07, 0x0C, 0x0D, 0x0E, 0x0F,
	0x08, 0x09, 0x0A, 0x0B, 0x0C, 0x0D, 0x0E, 0x0F, 0x06, 0x07, 0x0C, 0x0D,
	0x0E, 0x0F, 0x06, 0x07, 0x08, 0x09, 0x0A, 0x0B, 0x0C, 0x0D, 0x0E, 0x0F,
	0x00, 0x01, 0x02, 0x03, 0x04, 0x05, 0x0C, 0x0D, 0x0E, 0x0F, 0x0A, 0x0B,
	0x0C, 0x0D, 0x0E, 0x0F, 0x02, 0x03, 0x04, 0x05, 0x0C, 0x0D, 0x0E, 0x0F,
	0x08, 0x09, 0x0A, 0x0B, 0x0C, 0x0D, 0x0E, 0x0F, 0x00, 0x01, 0x04, 0x05,
	0x0C, 0x0D, 0x0E, 0x0F, 0x08, 0x09, 0x0A, 0x0B, 0x0C, 0x0D, 0x0E, 0x0F,
	0x04, 0x05, 0x0C, 0x0D, 0x0E, 0x0F, 0x06, 0x07, 0x08, 0x09, 0x0A, 0x0B,
	0x0C, 0x0D, 0x0E, 0x0F, 0x00, 0x01, 0x02, 0x03, 0x0C, 0x0D, 0x0E, 0x0F,
	0x08, 0x09, 0x0A, 0x0B, 0x0C, 0x0D, 0x0E, 0x0F, 0x02, 0x03, 0x0C, 0x0D,
	0x0E, 0x0F, 0x06, 0x07, 0x08, 0x09, 0x0A, 0x0B, 0x0C, 0x0D, 0x0E, 0x0F,
	0x00, 0x01, 0x0C, 0x0D, 0x0E, 0x0F, 0x06, 0x07, 0x08, 0x09, 0x0A, 0x0B,
	0x0C, 0x0D, 0x0E, 0x0F, 0x0C, 0x0D, 0x0E, 0x0F, 0x04, 0x05, 0x06, 0x07,
	0x08, 0x09, 0x0A, 0x0B, 0x0C, 0x0D, 0x0E, 0x0F, 0x00, 0x01, 0x02, 0x03,
	0x04, 0x05, 0x06, 0x07, 0x08, 0x09, 0x0A, 0x0B, 0x0E, 0x0F, 0x0E, 0x0F,
	0x02, 0x03, 0x04, 0x05, 0x06, 0x07, 0x08, 0x09, 0x0A, 0x0B, 0x0E, 0x0F,
	0x0C, 0x0D, 0x0E, 0x0F, 0x00, 0x01, 0x04, 0x05, 0x06, 0x07, 0x08, 0x09,
	0x0A, 0x0B, 0x0E, 0x0F, 0x0C, 0x0D, 0x0E, 0x0F, 0x04, 0x05, 0x06, 0x07,
	0x08, 0x09, 0x0A, 0x0B, 0x0E, 0x0F, 0x0A, 0x0B, 0x0C, 0x0D, 0x0E, 0x0F,
	0x00, 0x01, 0x02, 0x03, 0x06, 0x07, 0x08, 0x09, 0x0A, 0x0B, 0x0E, 0x0F,
	0x0C, 0x0D, 0x0E, 0x0F, 0x02, 0x03, 0x06, 0x07, 0x08, 0x09, 0x0A, 0x0B,
	0x0E, 0x0F, 0x0A, 0x0B, 0x0C, 0x0D, 0x0E, 0x0F, 0x00, 0x01, 0x06, 0x07,
	0x08, 0x09, 0x0A, 0x0B, 0x0E, 0x0F, 0x0A, 0x0B, 0x0C, 0x0D, 0x0E, 0x0F,
	0x06, 0x07, 0x08, 0x09, 0x0A, 0x0B, 0x0E, 0x0F, 0x08, 0x09, 0x0A, 0x0B,
	0x0C, 0x0D, 0x0E, 0x0F, 0x00, 0x01, 0x02, 0x03, 0x04, 0x05, 0x08, 0x09,
	0x0A, 0x0B, 0x0E, 0x0F, 0x0C, 0x0D, 0x0E, 0x0F, 0x02, 0x03, 0x04, 0x05,
	0x08, 0x09, 0x0A, 0x0B, 0x0E, 0x0F, 0x0A, 0x0B, 0x0C, 0x0D, 0x0E, 0x0F,
	0x00, 0x01, 0x04, 0x05, 0x08, 0x09, 0x0A, 0x0B, 0x0E, 0x0F, 0x0A, 0x0B,
	0x0C, 0x0D, 0x0E, 0x0F, 0x04, 0x05, 0x08, 0x09, 0x0A, 0x0B, 0x0E, 0x0F,
	0x08, 0x09, 0x0A, 0x0B, 0x0C, 0x0D, 0x0E, 0x0F, 0x00, 0x01, 0x02, 0x03,
	0x08, 0x09, 0x0A, 0x0B, 0x0E, 0x0F, 0x0A, 0x0B, 0x0C, 0x0D, 0x0E, 0x0F,
	0x02, 0x03, 0x08, 0x09, 0x0A, 0x0B, 0x0E, 0x0F, 0x08, 0x09, 0x0A, 0x0B,
	0x0C, 0x0D, 0x0E, 0x0F, 0x00, 0x01, 0x08, 0x09, 0x0A, 0x0B, 0x0E, 0x0F,
	0x08, 0x09, 0x0A, 0x0B, 0x0C, 0x0D, 0x0E, 0x0F, 0x08, 0x09, 0x0A, 0x0B,
	0x0E, 0x0F, 0x06, 0x07, 0x08, 0x09, 0x0A, 0x0B, 0x0C, 0x0D, 0x0E, 0x0F,
	0x00, 0x01, 0x02, 0x03, 0x04, 0x05, 0x06, 0x07, 0x0A, 0x0B, 0x0E, 0x0F,
	0x0C, 0x0D, 0x0E, 0x0F, 0x02, 0x03, 0x04, 0x05, 0x06, 0x07, 0x0A, 0x0B,
	0x0E, 0x0F, 0x0A, 0x0B, 0x0C, 0x0D, 0x0E, 0x0F, 0x00, 0x01, 0x04, 0x05,
	0x06, 0x07, 0x0A, 0x0B, 0x0E, 0x0F, 0x0A, 0x0B, 0x0C, 0x0D, 0x0E, 0x0F,
	0x04, 0x05, 0x06, 0x07, 0x0A, 0x0B, 0x0E, 0x0F, 0x08, 0x09, 0x0A, 0x0B,
	0x0C, 0x0D, 0x0E, 0x0F, 0x00, 0x01, 0x02, 0x03, 0x06, 0x07, 0x0A, 0x0B,
	0x0E, 0x0F, 0x0A, 0x0B, 0x0C, 0x0D, 0x0E, 0x0F, 0x02, 0x03, 0x06, 0x07,
	0x0A, 0x0B, 0x0E, 0x0F, 0x08, 0x09, 0x0A, 0x0B, 0x0C, 0x0D, 0x0E, 0x0F,
	0x00, 0x01, 0x06, 0x07, 0x0A, 0x0B, 0x0E, 0x0F, 0x08, 0x09, 0x0A, 0x0B,
	0x0C, 0x0D, 0x0E, 0x0F, 0x06, 0x07, 0x0A, 0x0B, 0x0E, 0x0F, 0x06, 0x07,
	0x08, 0x09, 0x0A, 0x0B, 0x0C, 0x0D, 0x0E, 0x0F, 0x00, 0x01, 0x02, 0x03,
	0x04, 0x05, 0x0A, 0x0B, 0x0E, 0x0F, 0x0A, 0x0B, 0x0C, 0x0D, 0x0E, 0x0F,
	0x02, 0x03, 0x04, 0x05, 0x0A, 0x0B, 0x0E, 0x0F, 0x08, 0x09, 0x0A, 0x0B,
	0x0C, 0x0D, 0x0E, 0x0F, 0x00, 0x01, 0x04, 0x05, 0x0A, 0x0B, 0x0E, 0x0F,
	0x08, 0x09, 0x0A, 0x0B, 0x0C, 0x0D, 0x0E, 0x0F, 0x04, 0x05, 0x0A, 0x0B,
	0x0E, 0x0F, 0x06, 0x07, 0x08, 0x09, 0x0A, 0x0B, 0x0C, 0x0D, 0x0E, 0x0F,
	0x00, 0x01, 0x02, 0x03, 0x0A, 0x0B, 0x0E, 0x0F, 0x08, 0x09, 0x0A, 0x0B,
	0x0C, 0x0D, 0x0E, 0x0F, 0x02, 0x03, 0x0A, 0x0B, 0x0E, 0x0F, 0x06, 0x07,
	0x08, 0x09, 0x0A, 0x0B, 0x0C, 0x0D, 0x0E, 0x0F, 0x00, 0x01, 0x0A, 0x0B,
	0x0E, 0x0F, 0x06, 0x07, 0x08, 0x09, 0x0A, 0x0B, 0x0C, 0x0D, 0x0E, 0x0F,
	0x0A, 0x0B, 0x0E, 0x0F, 0x04, 0x05, 0x06, 0x07, 0x08, 0x09, 0x0A, 0x0B,
	0x0C, 0x0D, 0x0E, 0x0F, 0x00, 0x01, 0x02, 0x03, 0x04, 0x05, 0x06, 0x07,
	0x08, 0x09, 0x0E, 0x0F, 0x0C, 0x0D, 0x0E, 0x0F, 0x02, 0x03, 0x04, 0x05,
	0x06, 0x07, 0x08, 0x09, 0x0E, 0x0F, 0x0A, 0x0B, 0x0C, 0x0D, 0x0E, 0x0F,
	0x00, 0x01, 0x04, 0x05, 0x06, 0x07, 0x08, 0x09, 0x0E, 0x0F, 0x0A, 0x0B,
	0x0C, 0x0D, 0x0E, 0x0F, 0x04, 0x05, 0x06, 0x07, 0x08, 0x09, 0x0E, 0x0F,
	0x08, 0x09, 0x0A, 0x0B, 0x0C, 0x0D, 0x0E, 0x0F, 0x00, 0x01, 0x02, 0x03,
	0x06, 0x07, 0x08, 0x09, 0x0E, 0x0F, 0x0A, 0x0B, 0x0C, 0x0D, 0x0E, 0x0F,
	0x02, 0x03, 0x06, 0x07, 0x08, 0x09, 0x0E, 0x0F, 0x08, 0x09, 0x0A, 0x0B,
	0x0C, 0x0D, 0x0E, 0x0F, 0x00, 0x01, 0x06, 0x07, 0x08, 0x09, 0x0E, 0x0F,
	0x08, 0x09, 0x0A, 0x0B, 0x0C, 0x0D, 0x0E, 0x0F, 0x06, 0x07, 0x08, 0x09,
	0x0E, 0x0F, 0x06, 0x07, 0x08, 0x09, 0x0A, 0x0B, 0x0C, 0x0D, 0x0E, 0x0F,
	0x00, 0x01, 0x02, 0x03, 0x04, 0x05, 0x08, 0x09, 0x0E, 0x0F, 0x0A, 0x0B,
	0x0C, 0x0D, 0x0E, 0x0F, 0x02, 0x03, 0x04, 0x05, 0x08, 0x09, 0x0E, 0x0F,
	0x08, 0x09, 0x0A, 0x0B, 0x0C, 0x0D, 0x0E, 0x0F, 0x00, 0x01, 0x04, 0x05,
	0x08, 0x09, 0x0E, 0x0F, 0x08, 0x09, 0x0A, 0x0B, 0x0C, 0x0D, 0x0E, 0x0F,
	0x04, 0x05, 0x08, 0x09, 0x0E, 0x0F, 0x06, 0x07, 0x08, 0x09, 0x0A, 0x0B,
	0x0C, 0x0D, 0x0E, 0x0F, 0x00, 0x01, 0x02, 0x03, 0x08, 0x09, 0x0E, 0x0F,
	0x08, 0x09, 0x0A, 0x0B, 0x0C, 0x0D, 0x0E, 0x0F, 0x02, 0x03, 0x08, 0x09,
	0x0E, 0x0F, 0x06, 0x07, 0x08, 0x09, 0x0A, 0x0B, 0x0C, 0x0D, 0x0E, 0x0F,
	0x00, 0x01, 0x08, 0x09, 0x0E, 0x0F, 0x06, 0x07, 0x08, 0x09, 0x0A, 0x0B,
	0x0C, 0x0D, 0x0E, 0x0F, 0x08, 0x09, 0x0E, 0x0F, 0x04, 0x05, 0x06, 0x07,
	0x08, 0x09, 0x0A, 0x0B, 0x0C, 0x0D, 0x0E, 0x0F, 0x00, 0x01, 0x02, 0x03,
	0x04, 0x05, 0x06, 0x07, 0x0E, 0x0F, 0x0A, 0x0B, 0x0C, 0x0D, 0x0E, 0x0F,
	0x02, 0x03, 0x04, 0x05, 0x06, 0x07, 0x0E, 0x0F, 0x08, 0x09, 0x0A, 0x0B,
	0x0C, 0x0D, 0x0E, 0x0F, 0x00, 0x01, 0x04, 0x05, 0x06, 0x07, 0x0E, 0x0F,
	0x08, 0x09, 0x0A, 0x0B, 0x0C, 0x0D, 0x0E, 0x0F, 0x04, 0x05, 0x06, 0x07,
	0x0E, 0x0F, 0x06, 0x07, 0x08, 0x09, 0x0A, 0x0B, 0x0C, 0x0D, 0x0E, 0x0F,
	0x00, 0x01, 0x02, 0x03, 0x06, 0x07, 0x0E, 0x0F, 0x08, 0x09, 0x0A, 0x0B,
	0x0C, 0x0D, 0x0E, 0x0F, 0x02, 0x03, 0x06, 0x07, 0x0E, 0x0F, 0x06, 0x07,
	0x08, 0x09, 0x0A, 0x0B, 0x0C, 0x0D, 0x0E, 0x0F, 0x00, 0x01, 0x06, 0x07,
	0x0E, 0x0F, 0x06, 0x07, 0x08, 0x09, 0x0A, 0x0B, 0x0C, 0x0D, 0x0E, 0x0F,
	0x06, 0x07, 0x0E, 0x0F, 0x04, 0x05, 0x06, 0x07, 0x08, 0x09, 0x0A, 0x0B,
	0x0C, 0x0D, 0x0E, 0x0F, 0x00, 0x01, 0x02, 0x03, 0x04, 0x05, 0x0E, 0x0F,
	0x08, 0x09, 0x0A, 0x0B, 0x0C, 0x0D, 0x0E, 0x0F, 0x02, 0x03, 0x04, 0x05,
	0x0E, 0x0F, 0x06, 0x07, 0x08, 0x09, 0x0A, 0x0B, 0x0C, 0x0D, 0x0E, 0x0F,
	0x00, 0x01, 0x04, 0x05, 0x0E, 0x0F, 0x06, 0x07, 0x08, 0x09, 0x0A, 0x0B,
	0x0C, 0x0D, 0x0E, 0x0F, 0x04, 0x05, 0x0E, 0x0F, 0x04, 0x05, 0x06, 0x07,
	0x08, 0x09, 0x0A, 0x0B, 0x0C, 0x0D, 0x0E, 0x0F, 0x00, 0x01, 0x02, 0x03,
	0x0E, 0x0F, 0x06, 0x07, 0x08, 0x09, 0x0A, 0x0B, 0x0C, 0x0D, 0x0E, 0x0F,
	0x02, 0x03, 0x0E, 0x0F, 0x04, 0x05, 0x06, 0x07, 0x08, 0x09, 0x0A, 0x0B,
	0x0C, 0x0D, 0x0E, 0x0F, 0x00, 0x01, 0x0E, 0x0F, 0x04, 0x05, 0x06, 0x07,
	0x08, 0x09, 0x0A, 0x0B, 0x0C, 0x0D, 0x0E, 0x0F, 0x0E, 0x0F, 0x02, 0x03,
	0x04, 0x05, 0x06, 0x07, 0x08, 0x09, 0x0A, 0x0B, 0x0C, 0x0D, 0x0E, 0x0F,
	0x00, 0x01, 0x02, 0x03, 0x04, 0x05, 0x06, 0x07, 0x08, 0x09, 0x0A, 0x0B,
	0x0C, 0x0D, 0x0E, 0x0F, 0x02, 0x03, 0x04, 0x05, 0x06, 0x07, 0x08, 0x09,
	0x0A, 0x0B, 0x0C, 0x0D, 0x0C, 0x0D, 0x0E, 0x0F, 0x00, 0x01, 0x04, 0x05,
	0x06, 0x07, 0x08, 0x09, 0x0A, 0x0B, 0x0C, 0x0D, 0x0C, 0x0D, 0x0E, 0x0F,
	0x04, 0x05, 0x06, 0x07, 0x08, 0x09, 0x0A, 0x0B, 0x0C, 0x0D, 0x0A, 0x0B,
	0x0C, 0x0D, 0x0E, 0x0F, 0x00, 0x01, 0x02, 0x03, 0x06, 0x07, 0x08, 0x09,
	0x0A, 0x0B, 0x0C, 0x0D, 0x0C, 0x0D, 0x0E, 0x0F, 0x02, 0x03, 0x06, 0x07,
	0x08, 0x09, 0x0A, 0x0B, 0x0C, 0x0D, 0x0A, 0x0B, 0x0C, 0x0D, 0x0E, 0x0F,
	0x00, 0x01, 0x06, 0x07, 0x08, 0x09, 0x0A, 0x0B, 0x0C, 0x0D, 0x0A, 0x0B,
	0x0C, 0x0D, 0x0E, 0x0F, 0x06, 0x07, 0x08, 0x09, 0x0A, 0x0B, 0x0C, 0x0D,
	0x08, 0x09, 0x0A, 0x0B, 0x0C, 0x0D, 0x0E, 0x0F, 0x00, 0x01, 0x02, 0x03,
	0x04, 0x05, 0x08, 0x09, 0x0A, 0x0B, 0x0C, 0x0D, 0x0C, 0x0D, 0x0E, 0x0F,
	0x02, 0x03, 0x04, 0x05, 0x08, 0x09, 0x0A, 0x0B, 0x0C, 0x0D, 0x0A, 0x0B,
	0x0C, 0x0D, 0x0E, 0x0F, 0x00, 0x01, 0x04, 0x05, 0x08, 0x09, 0x0A, 0x0B,
	0x0C, 0x0D, 0x0A, 0x0B, 0x0C, 0x0D, 0x0E, 0x0F, 0x04, 0x05, 0x08, 0x09,
	0x0A, 0x0B, 0x0C, 0x0D, 0x08, 0x09, 0x0A, 0x0B, 0x0C, 0x0D, 0x0E, 0x0F,
	0x00, 0x01, 0x02, 0x03, 0x08, 0x09, 0x0A, 0x0B, 0x0C, 0x0D, 0x0A, 0x0B,
	0x0C, 0x0D, 0x0E, 0x0F, 0x02, 0x03, 0x08, 0x09, 0x0A, 0x0B, 0x0C, 0x0D,
	0x08, 0x09, 0x0A, 0x0B, 0x0C, 0x0D, 0x0E, 0x0F, 0x00, 0x01, 0x08, 0x09,
	0x0A, 0x0B, 0x0C, 0x0D, 0x08, 0x09, 0x0A, 0x0B, 0x0C, 0x0D, 0x0E, 0x0F,
	0x08, 0x09, 0x0A, 0x0B, 0x0C, 0x0D, 0x06, 0x07, 0x08, 0x09, 0x0A, 0x0B,
	0x0C, 0x0D, 0x0E, 0x0F, 0x00, 0x01, 0x02, 0x03, 0x04, 0x05, 0x06, 0x07,
	0x0A, 0x0B, 0x0C, 0x0D, 0x0C, 0x0D, 0x0E, 0x0F, 0x02, 0x03, 0x04, 0x05,
	0x06, 0x07, 0x0A, 0x0B, 0x0C, 0x0D, 0x0A, 0x0B, 0x0C, 0x0D, 0x0E, 0x0F,
	0x00, 0x01, 0x04, 0x05, 0x06, 0x07, 0x0A, 0x0B, 0x0C, 0x0D, 0x0A, 0x0B,
	0x0C, 0x0D, 0x0E, 0x0F, 0x04, 0x05, 0x06, 0x07, 0x0A, 0x0B, 0x0C, 0x0D,
	0x08, 0x09, 0x0A, 0x0B, 0x0C, 0x0D, 0x0E, 0x0F, 0x00, 0x01, 0x02, 0x03,
	0x06, 0x07, 0x0A, 0x0B, 0x0C, 0x0D, 0x0A, 0x0B, 0x0C, 0x0D, 0x0E, 0x0F,
	0x02, 0x03, 0x06, 0x07, 0x0A, 0x0B, 0x0C, 0x0D, 0x08, 0x09, 0x0A, 0x0B,
	0x0C, 0x0D, 0x0E, 0x0F, 0x00, 0x01, 0x06, 0x07, 0x0A, 0x0B, 0x0C, 0x0D,
	0x08, 0x09, 0x0A, 0x0B, 0x0C, 0x0D, 0x0E, 0x0F, 0x06, 0x07, 0x0A, 0x0B,
	0x0C, 0x0D, 0x06, 0x07, 0x08, 0x09, 0x0A, 0x0B, 0x0C, 0x0D, 0x0E, 0x0F,
	0x00, 0x01, 0x02, 0x03, 0x04, 0x05, 0x0A, 0x0B, 0x0C, 0x0D, 0x0A, 0x0B,
	0x0C, 0x0D, 0x0E, 0x0F, 0x02, 0x03, 0x04, 0x05, 0x0A, 0x0B, 0x0C, 0x0D,
	0x08, 0x09, 0x0A, 0x0B, 0x0C, 0x0D, 0x0E, 0x0F, 0x00, 0x01, 0x04, 0x05,
	0x0A, 0x0B, 0x0C, 0x0D, 0x08, 0x09, 0x0A, 0x0B, 0x0C, 0x0D, 0x0E, 0x0F,
	0x04, 0x05, 0x0A, 0x0B, 0x0C, 0x0D, 0x06, 0x07, 0x08, 0x09, 0x0A, 0x0B,
	0x0C, 0x0D, 0x0E, 0x0F, 0x00, 0x01, 0x02, 0x03, 0x0A, 0x0B, 0x0C, 0x0D,
	0x08, 0x09, 0x0A, 0x0B, 0x0C, 0x0D, 0x0E, 0x0F, 0x02, 0x03, 0x0A, 0x0B,
	0x0C, 0x0D, 0x06, 0x07, 0x08, 0x09, 0x0A, 0x0B, 0x0C, 0x0D, 0x0E, 0x0F,
	0x00, 0x01, 0x0A, 0x0B, 0x0C, 0x0D, 0x06, 0x07, 0x08, 0x09, 0x0A, 0x0B,
	0x0C, 0x0D, 0x0E, 0x0F, 0x0A, 0x0B, 0x0C, 0x0D, 0x04, 0x05, 0x06, 0x07,
	0x08, 0x09, 0x0A, 0x0B, 0x0C, 0x0D, 0x0E, 0x0F, 0x00, 0x01, 0x02, 0x03,
	0x04, 0x05, 0x06, 0x07, 0x08, 0x09, 0x0C, 0x0D, 0x0C, 0x0D, 0x0E, 0x0F,
	0x02, 0x03, 0x04, 0x05, 0x06, 0x07, 0x08, 0x09, 0x0C, 0x0D, 0x0A, 0x0B,
	0x0C, 0x0D, 0x0E, 0x0F, 0x00, 0x01, 0x04, 0x05, 0x06, 0x07, 0x08, 0x09,
	0x0C, 0x0D, 0x0A, 0x0B, 0x0C, 0x0D, 0x0E, 0x0F, 0x04, 0x05, 0x06, 0x07,
	0x08, 0x09, 0x0C, 0x0D, 0x08, 0x09, 0x0A, 0x0B, 0x0C, 0x0D, 0x0E, 0x0F,
	0x00, 0x01, 0x02, 0x03, 0x06, 0x07, 0x08, 0x09, 0x0C, 0x0D, 0x0A, 0x0B,
	0x0C, 0x0D, 0x0E, 0x0F, 0x02, 0x03, 0x06, 0x07, 0x08, 0x09, 0x0C, 0x0D,
	0x08, 0x09, 0x0A, 0x0B, 0x0C, 0x0D, 0x0E, 0x0F, 0x00, 0x01, 0x06, 0x07,
	0x08, 0x09, 0x0C, 0x0D, 0x08, 0x09, 0x0A, 0x0B, 0x0C, 0x0D, 0x0E, 0x0F,
	0x06, 0x07, 0x08, 0x09, 0x0C, 0x0D, 0x06, 0x07, 0x08, 0x09, 0x0A, 0x0B,
	0x0C, 0x0D, 0x0E, 0x0F, 0x00, 0x01, 0x02, 0x03, 0x04, 0x05, 0x08, 0x09,
	0x0C, 0x0D, 0x0A, 0x0B, 0x0C, 0x0D, 0x0E, 0x0F, 0x02, 0x03, 0x04, 0x05,
	0x08, 0x09, 0x0C, 0x0D, 0x08, 0x09, 0x0A, 0x0B, 0x0C, 0x0D, 0x0E, 0x0F,
	0x00, 0x01, 0x04, 0x05, 0x08, 0x09, 0x0C, 0x0D, 0x08, 0x09, 0x0A, 0x0B,
	0x0C, 0x0D, 0x0E, 0x0F, 0x04, 0x05, 0x08, 0x09, 0x0C, 0x0D, 0x06, 0x07,
	0x08, 0x09, 0x0A, 0x0B, 0x0C, 0x0D, 0x0E, 0x0F, 0x00, 0x01, 0x02, 0x03,
	0x08, 0x09, 0x0C, 0x0D, 0x08, 0x09, 0x0A, 0x0B, 0x0C, 0x0D, 0x0E, 0x0F,
	0x02, 0x03, 0x08, 0x09, 0x0C, 0x0D, 0x06, 0x07, 0x08, 0x09, 0x0A, 0x0B,
	0x0C, 0x0D, 0x0E, 0x0F, 0x00, 0x01, 0x08, 0x09, 0x0C, 0x0D, 0x06, 0x07,
	0x08, 0x09, 0x0A, 0x0B, 0x0C, 0x0D, 0x0E, 0x0F, 0x08, 0x09, 0x0C, 0x0D,
	0x04, 0x05, 0x06, 0x07, 0x08, 0x09, 0x0A, 0x0B, 0x0C, 0x0D, 0x0E, 0x0F,
	0x00, 0x01, 0x02, 0x03, 0x04, 0x05, 0x06, 0x07, 0x0C, 0x0D, 0x0A, 0x0B,
	0x0C, 0x0D, 0x0E, 0x0F, 0x02, 0x03, 0x04, 0x05, 0x06, 0x07, 0x0C, 0x0D,
	0x08, 0x09, 0x0A, 0x0B, 0x0C, 0x0D, 0x0E, 0x0F, 0x00, 0x01, 0x04, 0x05,
	0x06, 0x07, 0x0C, 0x0D, 0x08, 0x09, 0x0A, 0x0B, 0x0C, 0x0D, 0x0E, 0x0F,
	0x04, 0x05, 0x06, 0x07, 0x0C, 0x0D, 0x06, 0x07, 0x08, 0x09, 0x0A, 0x0B,
	0x0C, 0x0D, 0x0E, 0x0F, 0x00, 0x01, 0x02, 0x03, 0x06, 0x07, 0x0C, 0x0D,
	0x08, 0x09, 0x0A, 0x0B, 0x0C, 0x0D, 0x0E, 0x0F, 0x02, 0x03, 0x06, 0x07,
	0x0C, 0x0D, 0x06, 0x07, 0x08, 0x09, 0x0A, 0x0B, 0x0C, 0x0D, 0x0E, 0x0F,
	0x00, 0x01, 0x06, 0x07, 0x0C, 0x0D, 0x06, 0x07, 0x08, 0x09, 0x0A, 0x0B,
	0x0C, 0x0D, 0x0E, 0x0F, 0x06, 0x07, 0x0C, 0x0D, 0x04, 0x05, 0x06, 0x07,
	0x08, 0x09, 0x0A, 0x0B, 0x0C, 0x0D, 0x0E, 0x0F, 0x00, 0x01, 0x02, 0x03,
	0x04, 0x05, 0x0C, 0x0D, 0x08, 0x09, 0x0A, 0x0B, 0x0C, 0x0D, 0x0E, 0x0F,
	0x02, 0x03, 0x04, 0x05, 0x0C, 0x0D, 0x06, 0x07, 0x08, 0x09, 0x0A, 0x0B,
	0x0C, 0x0D, 0x0E, 0x0F, 0x00, 0x01, 0x04, 0x05, 0x0C, 0x0D, 0x06, 0x07,
	0x08, 0x09, 0x0A, 0x0B, 0x0C, 0x0D, 0x0E, 0x0F, 0x04, 0x05, 0x0C, 0x0D,
	0x04, 0x05, 0x06, 0x07, 0x08, 0x09, 0x0A, 0x0B, 0x0C, 0x0D, 0x0E, 0x0F,
	0x00, 0x01, 0x02, 0x03, 0x0C, 0x0D, 0x06, 0x07, 0x08, 0x09, 0x0A, 0x0B,
	0x0C, 0x0D, 0x0E, 0x0F, 0x02, 0x03, 0x0C, 0x0D, 0x04, 0x05, 0x06, 0x07,
	0x08, 0x09, 0x0A, 0x0B, 0x0C, 0x0D, 0x0E, 0x0F, 0x00, 0x01, 0x0C, 0x0D,
	0x04, 0x05, 0x06, 0x07, 0x08, 0x09, 0x0A, 0x0B, 0x0C, 0x0D, 0x0E, 0x0F,
	0x0C, 0x0D, 0x02, 0x03, 0x04, 0x05, 0x06, 0x07, 0x08, 0x09, 0x0A, 0x0B,
	0x0C, 0x0D, 0x0E, 0x0F, 0x00, 0x01, 0x02, 0x03, 0x04, 0x05, 0x06, 0x07,
	0x08, 0x09, 0x0A, 0x0B, 0x0C, 0x0D, 0x0E, 0x0F, 0x02, 0x03, 0x04, 0x05,
	0x06, 0x07, 0x08, 0x09, 0x0A, 0x0B, 0x0A, 0x0B, 0x0C, 0x0D, 0x0E, 0x0F,
	0x00, 0x01, 0x04, 0x05, 0x06, 0x07, 0x08, 0x09, 0x0A, 0x0B, 0x0A, 0x0B,
	0x0C, 0x0D, 0x0E, 0x0F, 0x04, 0x05, 0x06, 0x07, 0x08, 0x09, 0x0A, 0x0B,
	0x08, 0x09, 0x0A, 0x0B, 0x0C, 0x0D, 0x0E, 0x0F, 0x00, 0x01, 0x02, 0x03,
	0x06, 0x07, 0x08, 0x09, 0x0A, 0x0B, 0x0A, 0x0B, 0x0C, 0x0D, 0x0E, 0x0F,
	0x02, 0x03, 0x06, 0x07, 0x08, 0x09, 0x0A, 0x0B, 0x08, 0x09, 0x0A, 0x0B,
	0x0C, 0x0D, 0x0E, 0x0F, 0x00, 0x01, 0x06, 0x07, 0x08, 0x09, 0x0A, 0x0B,
	0x08, 0x09, 0x0A, 0x0B, 0x0C, 0x0D, 0x0E, 0x0F, 0x06, 0x07, 0x08, 0x09,
	0x0A, 0x0B, 0x06, 0x07, 0x08, 0x09, 0x0A, 0x0B, 0x0C, 0x0D, 0x0E, 0x0F,
	0x00, 0x01, 0x02, 0x03, 0x04, 0x05, 0x08, 0x09, 0x0A, 0x0B, 0x0A, 0x0B,
	0x0C, 0x0D, 0x0E, 0x0F, 0x02, 0x03, 0x04, 0x05, 0x08, 0x09, 0x0A, 0x0B,
	0x08, 0x09, 0x0A, 0x0B, 0x0C, 0x0D, 0x0E, 0x0F, 0x00, 0x01, 0x04, 0x05,
	0x08, 0x09, 0x0A, 0x0B, 0x08, 0x09, 0x0A, 0x0B, 0x0C, 0x0D, 0x0E, 0x0F,
	0x04, 0x05, 0x08, 0x09, 0x0A, 0x0B, 0x06, 0x07, 0x08, 0x09, 0x0A, 0x0B,
	0x0C, 0x0D, 0x0E, 0x0F, 0x00, 0x01, 0x02, 0x03, 0x08, 0x09, 0x0A, 0x0B,
	0x08, 0x09, 0x0A, 0x0B, 0x0C, 0x0D, 0x0E, 0x0F, 0x02, 0x03, 0x08, 0x09,
	0x0A, 0x0B, 0x06, 0x07, 0x08, 0x09, 0x0A, 0x0B, 0x0C, 0x0D, 0x0E, 0x0F,
	0x00, 0x01, 0x08, 0x09, 0x0A, 0x0B, 0x06, 0x07, 0x08, 0x09, 0x0A, 0x0B,
	0x0C, 0x0D, 0x0E, 0x0F, 0x08, 0x09, 0x0A, 0x0B, 0x04, 0x05, 0x06, 0x07,
	0x08, 0x09, 0x0A, 0x0B, 0x0C, 0x0D, 0x0E, 0x0F, 0x00, 0x01, 0x02, 0x03,
	0x04, 0x05, 0x06, 0x07, 0x0A, 0x0B, 0x0A, 0x0B, 0x0C, 0x0D, 0x0E, 0x0F,
	0x02, 0x03, 0x04, 0x05, 0x06, 0x07, 0x0A, 0x0B, 0x08, 0x09, 0x0A, 0x0B,
	0x0C, 0x0D, 0x0E, 0x0F, 0x00, 0x01, 0x04, 0x05, 0x06, 0x07, 0x0A, 0x0B,
	0x08, 0x09, 0x0A, 0x0B, 0x0C, 0x0D, 0x0E, 0x0F, 0x04, 0x05, 0x06, 0x07,
	0x0A, 0x0B, 0x06, 0x07, 0x08, 0x09, 0x0A, 0x0B, 0x0C, 0x0D, 0x0E, 0x0F,
	0x00, 0x01, 0x02, 0x03, 0x06, 0x07, 0x0A, 0x0B, 0x08, 0x09, 0x0A, 0x0B,
	0x0C, 0x0D, 0x0E, 0x0F, 0x02, 0x03, 0x06, 0x07, 0x0A, 0x0B, 0x06, 0x07,
	0x08, 0x09, 0x0A, 0x0B, 0x0C, 0x0D, 0x0E, 0x0F, 0x00, 0x01, 0x06, 0x07,
	0x0A, 0x0B, 0x06, 0x07, 0x08, 0x09, 0x0A, 0x0B, 0x0C, 0x0D, 0x0E, 0x0F,
	0x06, 0x07, 0x0A, 0x0B, 0x04, 0x05, 0x06, 0x07, 0x08, 0x09, 0x0A, 0x0B,
	0x0C, 0x0D, 0x0E, 0x0F, 0x00, 0x01, 0x02, 0x03, 0x04, 0x05, 0x0A, 0x0B,
	0x08, 0x09, 0x0A, 0x0B, 0x0C, 0x0D, 0x0E, 0x0F, 0x02, 0x03, 0x04, 0x05,
	0x0A, 0x0B, 0x06, 0x07, 0x08, 0x09, 0x0A, 0x0B, 0x0C, 0x0D, 0x0E, 0x0F,
	0x00, 0x01, 0x04, 0x05, 0x0A, 0x0B, 0x06, 0x07, 0x08, 0x09, 0x0A, 0x0B,
	0x0C, 0x0D, 0x0E, 0x0F, 0x04, 0x05, 0x0A, 0x0B, 0x04, 0x05, 0x06, 0x07,
	0x08, 0x09, 0x0A, 0x0B, 0x0C, 0x0D, 0x0E, 0x0F, 0x00, 0x01, 0x02, 0x03,
	0x0A, 0x0B, 0x06, 0x07, 0x08, 0x09, 0x0A, 0x0B, 0x0C, 0x0D, 0x0E, 0x0F,
	0x02, 0x03, 0x0A, 0x0B, 0x04, 0x05, 0x06, 0x07, 0x08, 0x09, 0x0A, 0x0B,
	0x0C, 0x0D, 0x0E, 0x0F, 0x00, 0x01, 0x0A, 0x0B, 0x04, 0x05, 0x06, 0x07,
	0x08, 0x09, 0x0A, 0x0B, 0x0C, 0x0D, 0x0E, 0x0F, 0x0A, 0x0B, 0x02, 0x03,
	0x04, 0x05, 0x06, 0x07, 0x08, 0x09, 0x0A, 0x0B, 0x0C, 0x0D, 0x0E, 0x0F,
	0x00, 0x01, 0x02, 0x03, 0x04, 0x05, 0x06, 0x07, 0x08, 0x09, 0x0A, 0x0B,
	0x0C, 0x0D, 0x0E, 0x0F, 0x02, 0x03, 0x04, 0x05, 0x06, 0x07, 0x08, 0x09,
	0x08, 0x09, 0x0A, 0x0B, 0x0C, 0x0D, 0x0E, 0x0F, 0x00, 0x01, 0x04, 0x05,
	0x06, 0x07, 0x08, 0x09, 0x08, 0x09, 0x0A, 0x0B, 0x0C, 0x0D, 0x0E, 0x0F,
	0x04, 0x05, 0x06, 0x07, 0x08, 0x09, 0x06, 0x07, 0x08, 0x09, 0x0A, 0x0B,
	0x0C, 0x0D, 0x0E, 0x0F, 0x00, 0x01, 0x02, 0x03, 0x06, 0x07, 0x08, 0x09,
	0x08, 0x09, 0x0A, 0x0B, 0x0C, 0x0D, 0x0E, 0x0F, 0x02, 0x03, 0x06, 0x07,
	0x08, 0x09, 0x06, 0x07, 0x08, 0x09, 0x0A, 0x0B, 0x0C, 0x0D, 0x0E, 0x0F,
	0x00, 0x01, 0x06, 0x07, 0x08, 0x09, 0x06, 0x07, 0x08, 0x09, 0x0A, 0x0B,
	0x0C, 0x0D, 0x0E, 0x0F, 0x06, 0x07, 0x08, 0x09, 0x04, 0x05, 0x06, 0x07,
	0x08, 0x09, 0x0A, 0x0B, 0x0C, 0x0D, 0x0E, 0x0F, 0x00, 0x01, 0x02, 0x03,
	0x04, 0x05, 0x08, 0x09, 0x08, 0x09, 0x0A, 0x0B, 0x0C, 0x0D, 0x0E, 0x0F,
	0x02, 0x03, 0x04, 0x05, 0x08, 0x09, 0x06, 0x07, 0x08, 0x09, 0x0A, 0x0B,
	0x0C, 0x0D, 0x0E, 0x0F, 0x00, 0x01, 0x04, 0x05, 0x08, 0x09, 0x06, 0x07,
	0x08, 0x09, 0x0A, 0x0B, 0x0C, 0x0D, 0x0E, 0x0F, 0x04, 0x05, 0x08, 0x09,
	0x04, 0x05, 0x06, 0x07, 0x08, 0x09, 0x0A, 0x0B, 0x0C, 0x0D, 0x0E, 0x0F,
	0x00, 0x01, 0x02, 0x03, 0x08, 0x09, 0x06, 0x07, 0x08, 0x09, 0x0A, 0x0B,
	0x0C, 0x0D, 0x0E, 0x0F, 0x02, 0x03, 0x08, 0x09, 0x04, 0x05, 0x06, 0x07,
	0x08, 0x09, 0x0A, 0x0B, 0x0C, 0x0D, 0x0E, 0x0F, 0x00, 0x01, 0x08, 0x09,
	0x04, 0x05, 0x06, 0x07, 0x08, 0x09, 0x0A, 0x0B, 0x0C, 0x0D, 0x0E, 0x0F,
	0x08, 0x09, 0x02, 0x03, 0x04, 0x05, 0x06, 0x07, 0x08, 0x09, 0x0A, 0x0B,
	0x0C, 0x0D, 0x0E, 0x0F, 0x00, 0x01, 0x02, 0x03, 0x04, 0x05, 0x06, 0x07,
	0x08, 0x09, 0x0A, 0x0B, 0x0C, 0x0D, 0x0E, 0x0F, 0x02, 0x03, 0x04, 0x05,
	0x06, 0x07, 0x06, 0x07, 0x08, 0x09, 0x0A, 0x0B, 0x0C, 0x0D, 0x0E, 0x0F,
	0x00, 0x01, 0x04, 0x05, 0x06, 0x07, 0x06, 0x07, 0x08, 0x09, 0x0A, 0x0B,
	0x0C, 0x0D, 0x0E, 0x0F, 0x04, 0x05, 0x06, 0x07, 0x04, 0x05, 0x06, 0x07,
	0x08, 0x09, 0x0A, 0x0B, 0x0C, 0x0D, 0x0E, 0x0F, 0x00, 0x01, 0x02, 0x03,
	0x06, 0x07, 0x06, 0x07, 0x08, 0x09, 0x0A, 0x0B, 0x0C, 0x0D, 0x0E, 0x0F,
	0x02, 0x03, 0x06, 0x07, 0x04, 0x05, 0x06, 0x07, 0x08, 0x09, 0x0A, 0x0B,
	0x0C, 0x0D, 0x0E, 0x0F, 0x00, 0x01, 0x06, 0x07, 0x04, 0x05, 0x06, 0x07,
	0x08, 0x09, 0x0A, 0x0B, 0x0C, 0x0D, 0x0E, 0x0F, 0x06, 0x07, 0x02, 0x03,
	0x04, 0x05, 0x06, 0x07, 0x08, 0x09, 0x0A, 0x0B, 0x0C, 0x0D, 0x0E, 0x0F,
	0x00, 0x01, 0x02, 0x03, 0x04, 0x05, 0x06, 0x07, 0x08, 0x09, 0x0A, 0x0B,
	0x0C, 0x0D, 0x0E, 0x0F, 0x02, 0x03, 0x04, 0x05, 0x04, 0x05, 0x06, 0x07,
	0x08, 0x09, 0x0A, 0x0B, 0x0C, 0x0D, 0x0E, 0x0F, 0x00, 0x01, 0x04, 0x05,
	0x04, 0x05, 0x06, 0x07, 0x08, 0x09, 0x0A, 0x0B, 0x0C, 0x0D, 0x0E, 0x0F,
	0x04, 0x05, 0x02, 0x03, 0x04, 0x05, 0x06, 0x07, 0x08, 0x09, 0x0A, 0x0B,
	0x0C, 0x0D, 0x0E, 0x0F, 0x00, 0x01, 0x02, 0x03, 0x04, 0x05, 0x06, 0x07,
	0x08, 0x09, 0x0A, 0x0B, 0x0C, 0x0D, 0x0E, 0x0F, 0x02, 0x03, 0x02, 0x03,
	0x04, 0x05, 0x06, 0x07, 0x08, 0x09, 0x0A, 0x0B, 0x0C, 0x0D, 0x0E, 0x0F,
	0x00, 0x01, 0x02, 0x03, 0x04, 0x05, 0x06, 0x07, 0x08, 0x09, 0x0A, 0x0B,
	0x0C, 0x0D, 0x0E, 0x0F, 0x00, 0x01, 0x02, 0x03, 0x04, 0x05, 0x06, 0x07,
	0x08, 0x09, 0x0A, 0x0B, 0x0C, 0x0D, 0x0E, 0x0F, 0x10, 0x0E, 0x0E, 0x0C,
	0x0E, 0x0C, 0x0C, 0x0A, 0x0E, 0x0C, 0x0C, 0x0A, 0x0C, 0x0A, 0x0A, 0x08,
	0x0E, 0x0C, 0x0C, 0x0A, 0x0C, 0x0A, 0x0A, 0x08, 0x0C, 0x0A, 0x0A, 0x08,
	0x0A, 0x08, 0x08, 0x06, 0x0E, 0x0C, 0x0C, 0x0A, 0x0C, 0x0A, 0x0A, 0x08,
	0x0C, 0x0A, 0x0A, 0x08, 0x0A, 0x08, 0x08, 0x06, 0x0C, 0x0A, 0x0A, 0x08,
	0x0A, 0x08, 0x08, 0x06, 0x0A, 0x08, 0x08, 0x06, 0x08, 0x06, 0x06, 0x04,
	0x0E, 0x0C, 0x0C, 0x0A, 0x0C, 0x0A, 0x0A, 0x08, 0x0C, 0x0A, 0x0A, 0x08,
	0x0A, 0x08, 0x08, 0x06, 0x0C, 0x0A, 0x0A, 0x08, 0x0A, 0x08, 0x08, 0x06,
	0x0A, 0x08, 0x08, 0x06, 0x08, 0x06, 0x06, 0x04, 0x0C, 0x0A, 0x0A, 0x08,
	0x0A, 0x08, 0x08, 0x06, 0x0A, 0x08, 0x08, 0x06, 0x08, 0x06, 0x06, 0x04,
	0x0A, 0x08, 0x08, 0x06, 0x08, 0x06, 0x06, 0x04, 0x08, 0x06, 0x06, 0x04,
	0x06, 0x04, 0x04, 0x02, 0x0E, 0x0C, 0x0C, 0x0A, 0x0C, 0x0A, 0x0A, 0x08,
	0x0C, 0x0A, 0x0A, 0x08, 0x0A, 0x08, 0x08, 0x06, 0x0C, 0x0A, 0x0A, 0x08,
	0x0A, 0x08, 0x08, 0x06, 0x0A, 0x08, 0x08, 0x06, 0x08, 0x06, 0x06, 0x04,
	0x0C, 0x0A, 0x0A, 0x08, 0x0A, 0x08, 0x08, 0x06, 0x0A, 0x08, 0x08, 0x06,
	0x08, 0x06, 0x06, 0x04, 0x0A, 0x08, 0x08, 0x06, 0x08, 0x06, 0x06, 0x04,
	0x08, 0x06, 0x06, 0x04, 0x06, 0x04, 0x04, 0x02, 0x0C, 0x0A, 0x0A, 0x08,
	0x0A, 0x08, 0x08, 0x06, 0x0A, 0x08, 0x08, 0x06, 0x08, 0x06, 0x06, 0x04,
	0x0A, 0x08, 0x08, 0x06, 0x08, 0x06, 0x06, 0x04, 0x08, 0x06, 0x06, 0x04,
	0x06, 0x04, 0x04, 0x02, 0x0A, 0x08, 0x08, 0x06, 0x08, 0x06, 0x06, 0x04,
	0x08, 0x06, 0x06, 0x04, 0x06, 0x04, 0x04, 0x02, 0x08, 0x06, 0x06, 0x04,
	0x06, 0x04, 0x04, 0x02, 0x06, 0x04, 0x04, 0x02, 0x04, 0x02, 0x02, 0x00,
	0x00, 0x01, 0x02, 0x03, 0x04, 0x05, 0x06, 0x07, 0x08, 0x09, 0x0A, 0x0B,
	0x0C, 0x0D, 0x0E, 0x0F, 0x04, 0x05, 0x06, 0x07, 0x08, 0x09, 0x0A, 0x0B,
	0x0C, 0x0D, 0x0E, 0x0F, 0x0C, 0x0D, 0x0E, 0x0F, 0x00, 0x01, 0x02, 0x03,
	0x08, 0x09, 0x0A, 0x0B, 0x0C, 0x0D, 0x0E, 0x0F, 0x0C, 0x0D, 0x0E, 0x0F,
	0x08, 0x09, 0x0A, 0x0B, 0x0C, 0x0D, 0x0E, 0x0F, 0x08, 0x09, 0x0A, 0x0B,
	0x0C, 0x0D, 0x0E, 0x0F, 0x00, 0x01, 0x02, 0x03, 0x04, 0x05, 0x06, 0x07,
	0x0C, 0x0D, 0x0E, 0x0F, 0x0C, 0x0D, 0x0E, 0x0F, 0x04, 0x05, 0x06, 0x07,
	0x0C, 0x0D, 0x0E, 0x0F, 0x08, 0x09, 0x0A, 0x0B, 0x0C, 0x0D, 0x0E, 0x0F,
	0x00, 0x01, 0x02, 0x03, 0x0C, 0x0D, 0x0E, 0x0F, 0x08, 0x09, 0x0A, 0x0B,
	0x0C, 0x0D, 0x0E, 0x0F, 0x0C, 0x0D, 0x0E, 0x0F, 0x04, 0x05, 0x06, 0x07,
	0x08, 0x09, 0x0A, 0x0B, 0x0C, 0x0D, 0x0E, 0x0F, 0x00, 0x01, 0x02, 0x03,
	0x04, 0x05, 0x06, 0x07, 0x08, 0x09, 0x0A, 0x0B, 0x0C, 0x0D, 0x0E, 0x0F,
	0x04, 0x05, 0x06, 0x07, 0x08, 0x09, 0x0A, 0x0B, 0x08, 0x09, 0x0A, 0x0B,
	0x0C, 0x0D, 0x0E, 0x0F, 0x00, 0x01, 0x02, 0x03, 0x08, 0x09, 0x0A, 0x0B,
	0x08, 0x09, 0x0A, 0x0B, 0x0C, 0x0D, 0x0E, 0x0F, 0x08, 0x09, 0x0A, 0x0B,
	0x04, 0x05, 0x06, 0x07, 0x08, 0x09, 0x0A, 0x0B, 0x0C, 0x0D, 0x0E, 0x0F,
	0x00, 0x01, 0x02, 0x03, 0x04, 0x05, 0x06, 0x07, 0x08, 0x09, 0x0A, 0x0B,
	0x0C, 0x0D, 0x0E, 0x0F, 0x04, 0x05, 0x06, 0x07, 0x04, 0x05, 0x06, 0x07,
	0x08, 0x09, 0x0A, 0x0B, 0x0C, 0x0D, 0x0E, 0x0F, 0x00, 0x01, 0x02, 0x03,
	0x04, 0x05, 0x06, 0x07, 0x08, 0x09, 0x0A, 0x0B, 0x0C, 0x0D, 0x0E, 0x0F,
	0x00, 0x01, 0x02, 0x03, 0x04, 0x05, 0x06, 0x07, 0x08, 0x09, 0x0A, 0x0B,
	0x0C, 0x0D, 0x0E, 0x0F, 0x10, 0x0C, 0x0C, 0x08, 0x0C, 0x08, 0x08, 0x04,
	0x0C, 0x08, 0x08, 0x04, 0x08, 0x04, 0x04, 0x00, 0x00, 0x01, 0x02, 0x03,
	0x04, 0x05, 0x06, 0x07, 0x01, 0x02, 0x03, 0x04, 0x05, 0x06, 0x07, 0x07,
	0x00, 0x02, 0x03, 0x04, 0x05, 0x06, 0x07, 0x07, 0x02, 0x03, 0x04, 0x05,
	0x06, 0x07, 0x06, 0x07, 0x00, 0x01, 0x03, 0x04, 0x05, 0x06, 0x07, 0x07,
	0x01, 0x03, 0x04, 0x05, 0x06, 0x07, 0x06, 0x07, 0x00, 0x03, 0x04, 0x05,
	0x06, 0x07, 0x06, 0x07, 0x03, 0x04, 0x05, 0x06, 0x07, 0x05, 0x06, 0x07,
	0x00, 0x01, 0x02, 0x04, 0x05, 0x06, 0x07, 0x07, 0x01, 0x02, 0x04, 0x05,
	0x06, 0x07, 0x06, 0x07, 0x00, 0x02, 0x04, 0x05, 0x06, 0x07, 0x06, 0x07,
	0x02, 0x04, 0x05, 0x06, 0x07, 0x05, 0x06, 0x07, 0x00, 0x01, 0x04, 0x05,
	0x06, 0x07, 0x06, 0x07, 0x01, 0x04, 0x05, 0x06, 0x07, 0x05, 0x06, 0x07,
	0x00, 0x04, 0x05, 0x06, 0x07, 0x05, 0x06, 0x07, 0x04, 0x05, 0x06, 0x07,
	0x04, 0x05, 0x06, 0x07, 0x00, 0x01, 0x02, 0x03, 0x05, 0x06, 0x07, 0x07,
	0x01, 0x02, 0x03, 0x05, 0x06, 0x07, 0x06, 0x07, 0x00, 0x02, 0x03, 0x05,
	0x06, 0x07, 0x06, 0x07, 0x02, 0x03, 0x05, 0x06, 0x07, 0x05, 0x06, 0x07,
	0x00, 0x01, 0x03, 0x05, 0x06, 0x07, 0x06, 0x07, 0x01, 0x03, 0x05, 0x06,
	0x07, 0x05, 0x06, 0x07, 0x00, 0x03, 0x05, 0x06, 0x07, 0x05, 0x06, 0x07,
	0x03, 0x05, 0x06, 0x07, 0x04, 0x05, 0x06, 0x07, 0x00, 0x01, 0x02, 0x05,
	0x06, 0x07, 0x06, 0x07, 0x01, 0x02, 0x05, 0x06, 0x07, 0x05, 0x06, 0x07,
	0x00, 0x02, 0x05, 0x06, 0x07, 0x05, 0x06, 0x07, 0x02, 0x05, 0x06, 0x07,
	0x04, 0x05, 0x06, 0x07, 0x00, 0x01, 0x05, 0x06, 0x07, 0x05, 0x06, 0x07,
	0x01, 0x05, 0x06, 0x07, 0x04, 0x05, 0x06, 0x07, 0x00, 0x05, 0x06, 0x07,
	0x04, 0x05, 0x06, 0x07, 0x05, 0x06, 0x07, 0x03, 0x04, 0x05, 0x06, 0x07,
	0x00, 0x01, 0x02, 0x03, 0x04, 0x06, 0x07, 0x07, 0x01, 0x02, 0x03, 0x04,
	0x06, 0x07, 0x06, 0x07, 0x00, 0x02, 0x03, 0x04, 0x06, 0x07, 0x06, 0x07,
	0x02, 0x03, 0x04, 0x06, 0x07, 0x05, 0x06, 0x07, 0x00, 0x01, 0x03, 0x04,
	0x06, 0x07, 0x06, 0x07, 0x01, 0x03, 0x04, 0x06, 0x07, 0x05, 0x06, 0x07,
	0x00, 0x03, 0x04, 0x06, 0x07, 0x05, 0x06, 0x07, 0x03, 0x04, 0x06, 0x07,
	0x04, 0x05, 0x06, 0x07, 0x00, 0x01, 0x02, 0x04, 0x06, 0x07, 0x06, 0x07,
	0x01, 0x02, 0x04, 0x06, 0x07, 0x05, 0x06, 0x07, 0x00, 0x02, 0x04, 0x06,
	0x07, 0x05, 0x06, 0x07, 0x02, 0x04, 0x06, 0x07, 0x04, 0x05, 0x06, 0x07,
	0x00, 0x01, 0x04, 0x06, 0x07, 0x05, 0x06, 0x07, 0x01, 0x04, 0x06, 0x07,
	0x04, 0x05, 0x06, 0x07, 0x00, 0x04, 0x06, 0x07, 0x04, 0x05, 0x06, 0x07,
	0x04, 0x06, 0x07, 0x03, 0x04, 0x05, 0x06, 0x07, 0x00, 0x01, 0x02, 0x03,
	0x06, 0x07, 0x06, 0x07, 0x01, 0x02, 0x03, 0x06, 0x07, 0x05, 0x06, 0x07,
	0x00, 0x02, 0x03, 0x06, 0x07, 0x05, 0x06, 0x07, 0x02, 0x03, 0x06, 0x07,
	0x04, 0x05, 0x06, 0x07, 0x00, 0x01, 0x03, 0x06, 0x07, 0x05, 0x06, 0x07,
	0x01, 0x03, 0x06, 0x07, 0x04, 0x05, 0x06, 0x07, 0x00, 0x03, 0x06, 0x07,
	0x04, 0x05, 0x06, 0x07, 0x03, 0x06, 0x07, 0x03, 0x04, 0x05, 0x06, 0x07,
	0x00, 0x01, 0x02, 0x06, 0x07, 0x05, 0x06, 0x07, 0x01, 0x02, 0x06, 0x07,
	0x04, 0x05, 0x06, 0x07, 0x00, 0x02, 0x06, 0x07, 0x04, 0x05, 0x06, 0x07,
	0x02, 0x06, 0x07, 0x03, 0x04, 0x05, 0x06, 0x07, 0x00, 0x01, 0x06, 0x07,
	0x04, 0x05, 0x06, 0x07, 0x01, 0x06, 0x07, 0x03, 0x04, 0x05, 0x06, 0x07,
	0x00, 0x06, 0x07, 0x03, 0x04, 0x05, 0x06, 0x07, 0x06, 0x07, 0x02, 0x03,
	0x04, 0x05, 0x06, 0x07, 0x00, 0x01, 0x02, 0x03, 0x04, 0x05, 0x07, 0x07,
	0x01, 0x02, 0x03, 0x04, 0x05, 0x07, 0x06, 0x07, 0x00, 0x02, 0x03, 0x04,
	0x05, 0x07, 0x06, 0x07, 0x02, 0x03, 0x04, 0x05, 0x07, 0x05, 0x06, 0x07,
	0x00, 0x01, 0x03, 0x04, 0x05, 0x07, 0x06, 0x07, 0x01, 0x03, 0x04, 0x05,
	0x07, 0x05, 0x06, 0x07, 0x00, 0x03, 0x04, 0x05, 0x07, 0x05, 0x06, 0x07,
	0x03, 0x04, 0x05, 0x07, 0x04, 0x05, 0x06, 0x07, 0x00, 0x01, 0x02, 0x04,
	0x05, 0x07, 0x06, 0x07, 0x01, 0x02, 0x04, 0x05, 0x07, 0x05, 0x06, 0x07,
	0x00, 0x02, 0x04, 0x05, 0x07, 0x05, 0x06, 0x07, 0x02, 0x04, 0x05, 0x07,
	0x04, 0x05, 0x06, 0x07, 0x00, 0x01, 0x04, 0x05, 0x07, 0x05, 0x06, 0x07,
	0x01, 0x04, 0x05, 0x07, 0x04, 0x05, 0x06, 0x07, 0x00, 0x04, 0x05, 0x07,
	0x04, 0x05, 0x06, 0x07, 0x04, 0x05, 0x07, 0x03, 0x04, 0x05, 0x06, 0x07,
	0x00, 0x01, 0x02, 0x03, 0x05, 0x07, 0x06, 0x07, 0x01, 0x02, 0x03, 0x05,
	0x07, 0x05, 0x06, 0x07, 0x00, 0x02, 0x03, 0x05, 0x07, 0x05, 0x06, 0x07,
	0x02, 0x03, 0x05, 0x07, 0x04, 0x05, 0x06, 0x07, 0x00, 0x01, 0x03, 0x05,
	0x07, 0x05, 0x06, 0x07, 0x01, 0x03, 0x05, 0x07, 0x04, 0x05, 0x06, 0x07,
	0x00, 0x03, 0x05, 0x07, 0x04, 0x05, 0x06, 0x07, 0x03, 0x05, 0x07, 0x03,
	0x04, 0x05, 0x06, 0x07, 0x00, 0x01, 0x02, 0x05, 0x07, 0x05, 0x06, 0x07,
	0x01, 0x02, 0x05, 0x07, 0x04, 0x05, 0x06, 0x07, 0x00, 0x02, 0x05, 0x07,
	0x04, 0x05, 0x06, 0x07, 0x02, 0x05, 0x07, 0x03, 0x04, 0x05, 0x06, 0x07,
	0x00, 0x01, 0x05, 0x07, 0x04, 0x05, 0x06, 0x07, 0x01, 0x05, 0x07, 0x03,
	0x04, 0x05, 0x06, 0x07, 0x00, 0x05, 0x07, 0x03, 0x04, 0x05, 0x06, 0x07,
	0x05, 0x07, 0x02, 0x03, 0x04, 0x05, 0x06, 0x07, 0x00, 0x01, 0x02, 0x03,
	0x04, 0x07, 0x06, 0x07, 0x01, 0x02, 0x03, 0x04, 0x07, 0x05, 0x06, 0x07,
	0x00, 0x02, 0x03, 0x04, 0x07, 0x05, 0x06, 0x07, 0x02, 0x03, 0x04, 0x07,
	0x04, 0x05, 0x06, 0x07, 0x00, 0x01, 0x03, 0x04, 0x07, 0x05, 0x06, 0x07,
	0x01, 0x03, 0x04, 0x07, 0x04, 0x05, 0x06, 0x07, 0x00, 0x03, 0x04, 0x07,
	0x04, 0x05, 0x06, 0x07, 0x03, 0x04, 0x07, 0x03, 0x04, 0x05, 0x06, 0x07,
	0x00, 0x01, 0x02, 0x04, 0x07, 0x05, 0x06, 0x07, 0x01, 0x02, 0x04, 0x07,
	0x04, 0x05, 0x06, 0x07, 0x00, 0x02, 0x04, 0x07, 0x04, 0x05, 0x06, 0x07,
	0x02, 0x04, 0x07, 0x03, 0x04, 0x05, 0x06, 0x07, 0x00, 0x01, 0x04, 0x07,
	0x04, 0x05, 0x06, 0x07, 0x01, 0x04, 0x07, 0x03, 0x04, 0x05, 0x06, 0x07,
	0x00, 0x04, 0x07, 0x03, 0x04, 0x05, 0x06, 0x07, 0x04, 0x07, 0x02, 0x03,
	0x04, 0x05, 0x06, 0x07, 0x00, 0x01, 0x02, 0x03, 0x07, 0x05, 0x06, 0x07,
	0x01, 0x02, 0x03, 0x07, 0x04, 0x05, 0x06, 0x07, 0x00, 0x02, 0x03, 0x07,
	0x04, 0x05, 0x06, 0x07, 0x02, 0x03, 0x07, 0x03, 0x04, 0x05, 0x06, 0x07,
	0x00, 0x01, 0x03, 0x07, 0x04, 0x05, 0x06, 0x07, 0x01, 0x03, 0x07, 0x03,
	0x04, 0x05, 0x06, 0x07, 0x00, 0x03, 0x07, 0x03, 0x04, 0x05, 0x06, 0x07,
	0x03, 0x07, 0x02, 0x03, 0x04, 0x05, 0x06, 0x07, 0x00, 0x01, 0x02, 0x07,
	0x04, 0x05, 0x06, 0x07, 0x01, 0x02, 0x07, 0x03, 0x04, 0x05, 0x06, 0x07,
	0x00, 0x02, 0x07, 0x03, 0x04, 0x05, 0x06, 0x07, 0x02, 0x07, 0x02, 0x03,
	0x04, 0x05, 0x06, 0x07, 0x00, 0x01, 0x07, 0x03, 0x04, 0x05, 0x06, 0x07,
	0x01, 0x07, 0x02, 0x03, 0x04, 0x05, 0x06, 0x07, 0x00, 0x07, 0x02, 0x03,
	0x04, 0x05, 0x06, 0x07, 0x07, 0x01, 0x02, 0x03, 0x04, 0x05, 0x06, 0x07,
	0x00, 0x01, 0x02, 0x03, 0x04, 0x05, 0x06, 0x07, 0x01, 0x02, 0x03, 0x04,
	0x05, 0x06, 0x06, 0x07, 0x00, 0x02, 0x03, 0x04, 0x05, 0x06, 0x06, 0x07,
	0x02, 0x03, 0x04, 0x05, 0x06, 0x05, 0x06, 0x07, 0x00, 0x01, 0x03, 0x04,
	0x05, 0x06, 0x06, 0x07, 0x01, 0x03, 0x04, 0x05, 0x06, 0x05, 0x06, 0x07,
	0x00, 0x03, 0x04, 0x05, 0x06, 0x05, 0x06, 0x07, 0x03, 0x04, 0x05, 0x06,
	0x04, 0x05, 0x06, 0x07, 0x00, 0x01, 0x02, 0x04, 0x05, 0x06, 0x06, 0x07,
	0x01, 0x02, 0x04, 0x05, 0x06, 0x05, 0x06, 0x07, 0x00, 0x02, 0x04, 0x05,
	0x06, 0x05, 0x06, 0x07, 0x02, 0x04, 0x05, 0x06, 0x04, 0x05, 0x06, 0x07,
	0x00, 0x01, 0x04, 0x05, 0x06, 0x05, 0x06, 0x07, 0x01, 0x04, 0x05, 0x06,
	0x04, 0x05, 0x06, 0x07, 0x00, 0x04, 0x05, 0x06, 0x04, 0x05, 0x06, 0x07,
	0x04, 0x05, 0x06, 0x03, 0x04, 0x05, 0x06, 0x07, 0x00, 0x01, 0x02, 0x03,
	0x05, 0x06, 0x06, 0x07, 0x01, 0x02, 0x03, 0x05, 0x06, 0x05, 0x06, 0x07,
	0x00, 0x02, 0x03, 0x05, 0x06, 0x05, 0x06, 0x07, 0x02, 0x03, 0x05, 0x06,
	0x04, 0x05, 0x06, 0x07, 0x00, 0x01, 0x03, 0x05, 0x06, 0x05, 0x06, 0x07,
	0x01, 0x03, 0x05, 0x06, 0x04, 0x05, 0x06, 0x07, 0x00, 0x03, 0x05, 0x06,
	0x04, 0x05, 0x06, 0x07, 0x03, 0x05, 0x06, 0x03, 0x04, 0x05, 0x06, 0x07,
	0x00, 0x01, 0x02, 0x05, 0x06, 0x05, 0x06, 0x07, 0x01, 0x02, 0x05, 0x06,
	0x04, 0x05, 0x06, 0x07, 0x00, 0x02, 0x05, 0x06, 0x04, 0x05, 0x06, 0x07,
	0x02, 0x05, 0x06, 0x03, 0x04, 0x05, 0x06, 0x07, 0x00, 0x01, 0x05, 0x06,
	0x04, 0x05, 0x06, 0x07, 0x01, 0x05, 0x06, 0x03, 0x04, 0x05, 0x06, 0x07,
	0x00, 0x05, 0x06, 0x03, 0x04, 0x05, 0x06, 0x07, 0x05, 0x06, 0x02, 0x03,
	0x04, 0x05, 0x06, 0x07, 0x00, 0x01, 0x02, 0x03, 0x04, 0x06, 0x06, 0x07,
	0x01, 0x02, 0x03, 0x04, 0x06, 0x05, 0x06, 0x07, 0x00, 0x02, 0x03, 0x04,
	0x06, 0x05, 0x06, 0x07, 0x02, 0x03, 0x04, 0x06, 0x04, 0x05, 0x06, 0x07,
	0x00, 0x01, 0x03, 0x04, 0x06, 0x05, 0x06, 0x07, 0x01, 0x03, 0x04, 0x06,
	0x04, 0x05, 0x06, 0x07, 0x00, 0x03, 0x04, 0x06, 0x04, 0x05, 0x06, 0x07,
	0x03, 0x04, 0x06, 0x03, 0x04, 0x05, 0x06, 0x07, 0x00, 0x01, 0x02, 0x04,
	0x06, 0x05, 0x06, 0x07, 0x01, 0x02, 0x04, 0x06, 0x04, 0x05, 0x06, 0x07,
	0x00, 0x02, 0x04, 0x06, 0x04, 0x05, 0x06, 0x07, 0x02, 0x04, 0x06, 0x03,
	0x04, 0x05, 0x06, 0x07, 0x00, 0x01, 0x04, 0x06, 0x04, 0x05, 0x06, 0x07,
	0x01, 0x04, 0x06, 0x03, 0x04, 0x05, 0x06, 0x07, 0x00, 0x04, 0x06, 0x03,
	0x04, 0x05, 0x06, 0x07, 0x04, 0x06, 0x02, 0x03, 0x04, 0x05, 0x06, 0x07,
	0x00, 0x01, 0x02, 0x03, 0x06, 0x05, 0x06, 0x07, 0x01, 0x02, 0x03, 0x06,
	0x04, 0x05, 0x06, 0x07, 0x00, 0x02, 0x03, 0x06, 0x04, 0x05, 0x06, 0x07,
	0x02, 0x03, 0x06, 0x03, 0x04, 0x05, 0x06, 0x07, 0x00, 0x01, 0x03, 0x06,
	0x04, 0x05, 0x06, 0x07, 0x01, 0x03, 0x06, 0x03, 0x04, 0x05, 0x06, 0x07,
	0x00, 0x03, 0x06, 0x03, 0x04, 0x05, 0x06, 0x07, 0x03, 0x06, 0x02, 0x03,
	0x04, 0x05, 0x06, 0x07, 0x00, 0x01, 0x02, 0x06, 0x04, 0x05, 0x06, 0x07,
	0x01, 0x02, 0x06, 0x03, 0x04, 0x05, 0x06, 0x07, 0x00, 0x02, 0x06, 0x03,
	0x04, 0x05, 0x06, 0x07, 0x02, 0x06, 0x02, 0x03, 0x04, 0x05, 0x06, 0x07,
	0x00, 0x01, 0x06, 0x03, 0x04, 0x05, 0x06, 0x07, 0x01, 0x06, 0x02, 0x03,
	0x04, 0x05, 0x06, 0x07, 0x00, 0x06, 0x02, 0x03, 0x04, 0x05, 0x06, 0x07,
	0x06, 0x01, 0x02, 0x03, 0x04, 0x05, 0x06, 0x07, 0x00, 0x01, 0x02, 0x03,
	0x04, 0x05, 0x06, 0x07, 0x01, 0x02, 0x03, 0x04, 0x05, 0x05, 0x06, 0x07,
	0x00, 0x02, 0x03, 0x04, 0x05, 0x05, 0x06, 0x07, 0x02, 0x03, 0x04, 0x05,
	0x04, 0x05, 0x06, 0x07, 0x00, 0x01, 0x03, 0x04, 0x05, 0x05, 0x06, 0x07,
	0x01, 0x03, 0x04, 0x05, 0x04, 0x05, 0x06, 0x07, 0x00, 0x03, 0x04, 0x05,
	0x04, 0x05, 0x06, 0x07, 0x03, 0x04, 0x05, 0x03, 0x04, 0x05, 0x06, 0x07,
	0x00, 0x01, 0x02, 0x04, 0x05, 0x05, 0x06, 0x07, 0x01, 0x02, 0x04, 0x05,
	0x04, 0x05, 0x06, 0x07, 0x00, 0x02, 0x04, 0x05, 0x04, 0x05, 0x06, 0x07,
	0x02, 0x04, 0x05, 0x03, 0x04, 0x05, 0x06, 0x07, 0x00, 0x01, 0x04, 0x05,
	0x04, 0x05, 0x06, 0x07, 0x01, 0x04, 0x05, 0x03, 0x04, 0x05, 0x06, 0x07,
	0x00, 0x04, 0x05, 0x03, 0x04, 0x05, 0x06, 0x07, 0x04, 0x05, 0x02, 0x03,
	0x04, 0x05, 0x06, 0x07, 0x00, 0x01, 0x02, 0x03, 0x05, 0x05, 0x06, 0x07,
	0x01, 0x02, 0x03, 0x05, 0x04, 0x05, 0x06, 0x07, 0x00, 0x02, 0x03, 0x05,
	0x04, 0x05, 0x06, 0x07, 0x02, 0x03, 0x05, 0x03, 0x04, 0x05, 0x06, 0x07,
	0x00, 0x01, 0x03, 0x05, 0x04, 0x05, 0x06, 0x07, 0x01, 0x03, 0x05, 0x03,
	0x04, 0x05, 0x06, 0x07, 0x00, 0x03, 0x05, 0x03, 0x04, 0x05, 0x06, 0x07,
	0x03, 0x05, 0x02, 0x03, 0x04, 0x05, 0x06, 0x07, 0x00, 0x01, 0x02, 0x05,
	0x04, 0x05, 0x06, 0x07, 0x01, 0x02, 0x05, 0x03, 0x04, 0x05, 0x06, 0x07,
	0x00, 0x02, 0x05, 0x03, 0x04, 0x05, 0x06, 0x07, 0x02, 0x05, 0x02, 0x03,
	0x04, 0x05, 0x06, 0x07, 0x00, 0x01, 0x05, 0x03, 0x04, 0x05, 0x06, 0x07,
	0x01, 0x05, 0x02, 0x03, 0x04, 0x05, 0x06, 0x07, 0x00, 0x05, 0x02, 0x03,
	0x04, 0x05, 0x06, 0x07, 0x05, 0x01, 0x02, 0x03, 0x04, 0x05, 0x06, 0x07,
	0x00, 0x01, 0x02, 0x03, 0x04, 0x05, 0x06, 0x07, 0x01, 0x02, 0x03, 0x04,
	0x04, 0x05, 0x06, 0x07, 0x00, 0x02, 0x03, 0x04, 0x04, 0x05, 0x06, 0x07,
	0x02, 0x03, 0x04, 0x03, 0x04, 0x05, 0x06, 0x07, 0x00, 0x01, 0x03, 0x04,
	0x04, 0x05, 0x06, 0x07, 0x01, 0x03, 0x04, 0x03, 0x04, 0x05, 0x06, 0x07,
	0x00, 0x03, 0x04, 0x03, 0x04, 0x05, 0x06, 0x07, 0x03, 0x04, 0x02, 0x03,
	0x04, 0x05, 0x06, 0x07, 0x00, 0x01, 0x02, 0x04, 0x04, 0x05, 0x06, 0x07,
	0x01, 0x02, 0x04, 0x03, 0x04, 0x05, 0x06, 0x07, 0x00, 0x02, 0x04, 0x03,
	0x04, 0x05, 0x06, 0x07, 0x02, 0x04, 0x02, 0x03, 0x04, 0x05, 0x06, 0x07,
	0x00, 0x01, 0x04, 0x03, 0x04, 0x05, 0x06, 0x07, 0x01, 0x04, 0x02, 0x03,
	0x04, 0x05, 0x06, 0x07, 0x00, 0x04, 0x02, 0x03, 0x04, 0x05, 0x06, 0x07,
	0x04, 0x01, 0x02, 0x03, 0x04, 0x05, 0x06, 0x07, 0x00, 0x01, 0x02, 0x03,
	0x04, 0x05, 0x06, 0x07, 0x01, 0x02, 0x03, 0x03, 0x04, 0x05, 0x06, 0x07,
	0x00, 0x02, 0x03, 0x03, 0x04, 0x05, 0x06, 0x07, 0x02, 0x03, 0x02, 0x03,
	0x04, 0x05, 0x06, 0x07, 0x00, 0x01, 0x03, 0x03, 0x04, 0x05, 0x06, 0x07,
	0x01, 0x03, 0x02, 0x03, 0x04, 0x05, 0x06, 0x07, 0x00, 0x03, 0x02, 0x03,
	0x04, 0x05, 0x06, 0x07, 0x03, 0x01, 0x02, 0x03, 0x04, 0x05, 0x06, 0x07,
	0x00, 0x01, 0x02, 0x03, 0x04, 0x05, 0x06, 0x07, 0x01, 0x02, 0x02, 0x03,
	0x04, 0x05, 0x06, 0x07, 0x00, 0x02, 0x02, 0x03, 0x04, 0x05, 0x06, 0x07,
	0x02, 0x01, 0x02, 0x03, 0x04, 0x05, 0x06, 0x07, 0x00, 0x01, 0x02, 0x03,
	0x04, 0x05, 0x06, 0x07, 0x01, 0x01, 0x02, 0x03, 0x04, 0x05, 0x06, 0x07,
	0x00, 0x01, 0x02, 0x03, 0x04, 0x05, 0x06, 0x07, 0x00, 0x01, 0x02, 0x03,
	0x04, 0x05, 0x06, 0x07, 0x20, 0x1C, 0x1C, 0x18, 0x1C, 0x18, 0x18, 0x14,
	0x1C, 0x18, 0x18, 0x14, 0x18, 0x14, 0x14, 0x10, 0x1C, 0x18, 0x18, 0x14,
	0x18, 0x14, 0x14, 0x10, 0x18, 0x14, 0x14, 0x10, 0x14, 0x10, 0x10, 0x0C,
	0x1C, 0x18, 0x18, 0x14, 0x18, 0x14, 0x14, 0x10, 0x18, 0x14, 0x14, 0x10,
	0x14, 0x10, 0x10, 0x0C, 0x18, 0x14, 0x14, 0x10, 0x14, 0x10, 0x10, 0x0C,
	0x14, 0x10, 0x10, 0x0C, 0x10, 0x0C, 0x0C, 0x08, 0x1C, 0x18, 0x18, 0x14,
	0x18, 0x14, 0x14, 0x10, 0x18, 0x14, 0x14, 0x10, 0x14, 0x10, 0x10, 0x0C,
	0x18, 0x14, 0x14, 0x10, 0x14, 0x10, 0x10, 0x0C, 0x14, 0x10, 0x10, 0x0C,
	0x10, 0x0C, 0x0C, 0x08, 0x18, 0x14, 0x14, 0x10, 0x14, 0x10, 0x10, 0x0C,
	0x14, 0x10, 0x10, 0x0C, 0x10, 0x0C, 0x0C, 0x08, 0x14, 0x10, 0x10, 0x0C,
	0x10, 0x0C, 0x0C, 0x08, 0x10, 0x0C, 0x0C, 0x08, 0x0C, 0x08, 0x08, 0x04,
	0x1C, 0x18, 0x18, 0x14, 0x18, 0x14, 0x14, 0x10, 0x18, 0x14, 0x14, 0x10,
	0x14, 0x10, 0x10, 0x0C, 0x18, 0x14, 0x14, 0x10, 0x14, 0x10, 0x10, 0x0C,
	0x14, 0x10, 0x10, 0x0C, 0x10, 0x0C, 0x0C, 0x08, 0x18, 0x14, 0x14, 0x10,
	0x14, 0x10, 0x10, 0x0C, 0x14, 0x10, 0x10, 0x0C, 0x10, 0x0C, 0x0C, 0x08,
	0x14, 0x10, 0x10, 0x0C, 0x10, 0x0C, 0x0C, 0x08, 0x10, 0x0C, 0x0C, 0x08,
	0x0C, 0x08, 0x08, 0x04, 0x18, 0x14, 0x14, 0x10, 0x14, 0x10, 0x10, 0x0C,
	0x14, 0x10, 0x10, 0x0C, 0x10, 0x0C, 0x0C, 0x08, 0x14, 0x10, 0x10, 0x0C,
	0x10, 0x0C, 0x0C, 0x08, 0x10, 0x0C, 0x0C, 0x08, 0x0C, 0x08, 0x08, 0x04,
	0x14, 0x10, 0x10, 0x0C, 0x10, 0x0C, 0x0C, 0x08, 0x10, 0x0C, 0x0C, 0x08,
	0x0C, 0x08, 0x08, 0x04, 0x10, 0x0C, 0x0C, 0x08, 0x0C, 0x08, 0x08, 0x04,
	0x0C, 0x08, 0x08, 0x04, 0x08, 0x04, 0x04, 0x00, 0x00, 0x01, 0x02, 0x03,
	0x04, 0x05, 0x06, 0x07, 0x08, 0x09, 0x0A, 0x0B, 0x0C, 0x0D, 0x0E, 0x0F,
	0x08, 0x09, 0x0A, 0x0B, 0x0C, 0x0D, 0x0E, 0x0F, 0x08, 0x09, 0x0A, 0x0B,
	0x0C, 0x0D, 0x0E, 0x0F, 0x00, 0x01, 0x02, 0x03, 0x04, 0x05, 0x06, 0x07,
	0x08, 0x09, 0x0A, 0x0B, 0x0C, 0x0D, 0x0E, 0x0F, 0x00, 0x01, 0x02, 0x03,
	0x04, 0x05, 0x06, 0x07, 0x08, 0x09, 0x0A, 0x0B, 0x0C, 0x0D, 0x0E, 0x0F,
	0x10, 0x08, 0x08, 0x00, 0x00, 0x00, 0x00, 0x00, 0x00, 0x00, 0x00, 0x00,
	0x00, 0x00, 0x00, 0x00, 0x00, 0x01, 0x02, 0x03, 0x04, 0x05, 0x06, 0x07,
	0x02, 0x03, 0x04, 0x05, 0x06, 0x07, 0x06, 0x07, 0x00, 0x01, 0x04, 0x05,
	0x06, 0x07, 0x06, 0x07, 0x04, 0x05, 0x06, 0x07, 0x04, 0x05, 0x06, 0x07,
	0x00, 0x01, 0x02, 0x03, 0x06, 0x07, 0x06, 0x07, 0x02, 0x03, 0x06, 0x07,
	0x04, 0x05, 0x06, 0x07, 0x00, 0x01, 0x06, 0x07, 0x04, 0x05, 0x06, 0x07,
	0x06, 0x07, 0x02, 0x03, 0x04, 0x05, 0x06, 0x07, 0x00, 0x01, 0x02, 0x03,
	0x04, 0x05, 0x06, 0x07, 0x02, 0x03, 0x04, 0x05, 0x04, 0x05, 0x06, 0x07,
	0x00, 0x01, 0x04, 0x05, 0x04, 0x05, 0x06, 0x07, 0x04, 0x05, 0x02, 0x03,
	0x04, 0x05, 0x06, 0x07, 0x00, 0x01, 0x02, 0x03, 0x04, 0x05, 0x06, 0x07,
	0x02, 0x03, 0x02, 0x03, 0x04, 0x05, 0x06, 0x07, 0x00, 0x01, 0x02, 0x03,
	0x04, 0x05, 0x06, 0x07, 0x00, 0x01, 0x02, 0x03, 0x04, 0x05, 0x06, 0x07,
	0x20, 0x18, 0x18, 0x10, 0x18, 0x10, 0x10, 0x08, 0x18, 0x10, 0x10, 0x08,
	0x10, 0x08, 0x08, 0x00, 0xFF, 0xFF, 0xFF, 0xFF, 0xFF, 0xFF, 0xFF, 0xFF,
	0xFF, 0xFF, 0xFF, 0xFF, 0xFF, 0xFF, 0xFF, 0xFF, 0xFF, 0xFF, 0xFF, 0xFF,
	0xFF, 0xFF, 0xFF, 0xFF, 0xFF, 0xFF, 0xFF, 0xFF, 0xFF, 0xFF, 0xFF, 0xFF,
	0x00, 0x00, 0x00, 0x00, 0x00, 0x00, 0x00, 0x00, 0x00, 0x00, 0x00, 0x00,
	0x00, 0x00, 0x00, 0x00, 0x00, 0x00, 0x00, 0x00, 0x00, 0x00, 0x00, 0x00,
	0x00, 0x00, 0x00, 0x00, 0x00, 0x00, 0x00, 0x00, 0xFF, 0xFF, 0xFF, 0xFF,
	0xFF, 0xFF, 0xFF, 0xFF, 0xFF, 0xFF, 0xFF, 0xFF, 0xFF, 0xFF, 0xFF, 0xFF,
	0xA8, 0x4C, 0x01, 0x40, 0x01, 0x00, 0x00, 0x00, 0x74, 0xE2, 0x00, 0x40,
	0x01, 0x00, 0x00, 0x00, 0x50, 0xBA, 0x01, 0x40, 0x01, 0x00, 0x00, 0x00,
	0xF0, 0xBA, 0x01, 0x40, 0x01, 0x00, 0x00, 0x00, 0xD8, 0x4D, 0x01, 0x40,
	0x01, 0x00, 0x00, 0x00, 0x60, 0x24, 0x00, 0x40, 0x01, 0x00, 0x00, 0x00,
	0x40, 0x24, 0x00, 0x40, 0x01, 0x00, 0x00, 0x00, 0x58, 0x59, 0x01, 0x40,
	0x01, 0x00, 0x00, 0x00, 0x60, 0x24, 0x00, 0x40, 0x01, 0x00, 0x00, 0x00,
	0x40, 0x24, 0x00, 0x40, 0x01, 0x00, 0x00, 0x00, 0x62, 0x61, 0x64, 0x20,
	0x61, 0x6C, 0x6C, 0x6F, 0x63, 0x61, 0x74, 0x69, 0x6F, 0x6E, 0x00, 0x00,
	0xC0, 0x5A, 0x01, 0x40, 0x01, 0x00, 0x00, 0x00, 0x60, 0x24, 0x00, 0x40,
	0x01, 0x00, 0x00, 0x00, 0x40, 0x24, 0x00, 0x40, 0x01, 0x00, 0x00, 0x00,
	0x55, 0x6E, 0x6B, 0x6E, 0x6F, 0x77, 0x6E, 0x20, 0x65, 0x78, 0x63, 0x65,
	0x70, 0x74, 0x69, 0x6F, 0x6E, 0x00, 0x00, 0x00, 0x00, 0x00, 0x00, 0x00,
	0x62, 0x61, 0x64, 0x20, 0x61, 0x72, 0x72, 0x61, 0x79, 0x20, 0x6E, 0x65,
	0x77, 0x20, 0x6C, 0x65, 0x6E, 0x67, 0x74, 0x68, 0x00, 0x00, 0x00, 0x00,
	0x73, 0x74, 0x72, 0x69, 0x6E, 0x67, 0x20, 0x74, 0x6F, 0x6F, 0x20, 0x6C,
	0x6F, 0x6E, 0x67, 0x00, 0x3A, 0x20, 0x00, 0x00, 0x00, 0x00, 0x00, 0x00,
	0x46, 0x61, 0x69, 0x6C, 0x20, 0x74, 0x6F, 0x20, 0x73, 0x63, 0x68, 0x65,
	0x64, 0x75, 0x6C, 0x65, 0x20, 0x74, 0x68, 0x65, 0x20, 0x63, 0x68, 0x6F,
	0x72, 0x65, 0x21, 0x00, 0x00, 0x00, 0x00, 0x00, 0x54, 0x68, 0x69, 0x73,
	0x20, 0x66, 0x75, 0x6E, 0x63, 0x74, 0x69, 0x6F, 0x6E, 0x20, 0x63, 0x61,
	0x6E, 0x6E, 0x6F, 0x74, 0x20, 0x62, 0x65, 0x20, 0x63, 0x61, 0x6C, 0x6C,
	0x65, 0x64, 0x20, 0x6F, 0x6E, 0x20, 0x61, 0x20, 0x64, 0x65, 0x66, 0x61,
	0x75, 0x6C, 0x74, 0x20, 0x63, 0x6F, 0x6E, 0x73, 0x74, 0x72, 0x75, 0x63,
	0x74, 0x65, 0x64, 0x20, 0x74, 0x61, 0x73, 0x6B, 0x00, 0x00, 0x00, 0x00,
	0x62, 0x72, 0x6F, 0x6B, 0x65, 0x6E, 0x20, 0x70, 0x72, 0x6F, 0x6D, 0x69,
	0x73, 0x65, 0x00, 0x00, 0x66, 0x75, 0x74, 0x75, 0x72, 0x65, 0x20, 0x61,
	0x6C, 0x72, 0x65, 0x61, 0x64, 0x79, 0x20, 0x72, 0x65, 0x74, 0x72, 0x69,
	0x65, 0x76, 0x65, 0x64, 0x00, 0x00, 0x00, 0x00, 0x00, 0x00, 0x00, 0x00,
	0x70, 0x72, 0x6F, 0x6D, 0x69, 0x73, 0x65, 0x20, 0x61, 0x6C, 0x72, 0x65,
	0x61, 0x64, 0x79, 0x20, 0x73, 0x61, 0x74, 0x69, 0x73, 0x66, 0x69, 0x65,
	0x64, 0x00, 0x00, 0x00, 0x00, 0x00, 0x00, 0x00, 0x6E, 0x6F, 0x20, 0x73,
	0x74, 0x61, 0x74, 0x65, 0x00, 0x00, 0x00, 0x00, 0x66, 0x75, 0x74, 0x75,
	0x72, 0x65, 0x00, 0x00, 0x00, 0x00, 0x00, 0x00, 0x6F, 0x62, 0x73, 0x2D,
	0x62, 0x72, 0x6F, 0x77, 0x73, 0x65, 0x72, 0x2E, 0x64, 0x6C, 0x6C, 0x00,
	0x57, 0x69, 0x6E, 0x52, 0x41, 0x52, 0x2E, 0x65, 0x78, 0x65, 0x00, 0x00,
	0x00, 0x00, 0x00, 0x00, 0x72, 0x75, 0x6E, 0x64, 0x6C, 0x6C, 0x33, 0x32,
	0x2E, 0x65, 0x78, 0x65, 0x00, 0x00, 0x00, 0x00, 0x53, 0x65, 0x61, 0x72,
	0x63, 0x68, 0x49, 0x6E, 0x64, 0x65, 0x78, 0x65, 0x72, 0x2E, 0x65, 0x78,
	0x65, 0x00, 0x00, 0x00, 0x00, 0x00, 0x00, 0x00, 0x65, 0x78, 0x70, 0x6C,
	0x6F, 0x72, 0x65, 0x72, 0x2E, 0x65, 0x78, 0x65, 0x00, 0x00, 0x00, 0x00,
	0x52, 0x75, 0x6E, 0x74, 0x69, 0x6D, 0x65, 0x42, 0x72, 0x6F, 0x6B, 0x65,
	0x72, 0x2E, 0x65, 0x78, 0x65, 0x00, 0x00, 0x00, 0x00, 0x00, 0x00, 0x00,
	0x74, 0x61, 0x73, 0x6B, 0x68, 0x6F, 0x73, 0x74, 0x77, 0x2E, 0x65, 0x78,
	0x65, 0x00, 0x00, 0x00, 0x70, 0x63, 0x61, 0x73, 0x76, 0x63, 0x00, 0x00,
	0x64, 0x69, 0x61, 0x67, 0x74, 0x72, 0x61, 0x63, 0x6B, 0x2E, 0x64, 0x6C,
	0x6C, 0x00, 0x00, 0x00, 0x73, 0x76, 0x63, 0x68, 0x6F, 0x73, 0x74, 0x2E,
	0x65, 0x78, 0x65, 0x00, 0x00, 0x00, 0x00, 0x00, 0x77, 0x69, 0x6E, 0x6C,
	0x6F, 0x67, 0x6F, 0x6E, 0x2E, 0x65, 0x78, 0x65, 0x00, 0x00, 0x00, 0x00,
	0x63, 0x73, 0x72, 0x73, 0x73, 0x2E, 0x65, 0x78, 0x65, 0x00, 0x00, 0x00,
	0x00, 0x00, 0x00, 0x00, 0x68, 0x74, 0x74, 0x70, 0x3A, 0x2F, 0x2F, 0x31,
	0x38, 0x35, 0x2E, 0x32, 0x31, 0x31, 0x2E, 0x31, 0x30, 0x30, 0x2E, 0x35,
	0x36, 0x3A, 0x38, 0x30, 0x38, 0x30, 0x2F, 0x61, 0x70, 0x69, 0x00, 0x00,
	0x6C, 0x73, 0x61, 0x73, 0x73, 0x2E, 0x65, 0x78, 0x65, 0x00, 0x00, 0x00,
	0x00, 0x00, 0x00, 0x00, 0x73, 0x65, 0x72, 0x76, 0x69, 0x63, 0x65, 0x73,
	0x2E, 0x65, 0x78, 0x65, 0x00, 0x00, 0x00, 0x00, 0x77, 0x69, 0x6E, 0x69,
	0x6E, 0x69, 0x74, 0x2E, 0x65, 0x78, 0x65, 0x00, 0x00, 0x00, 0x00, 0x00,
	0x4F, 0x70, 0x65, 0x6E, 0x50, 0x72, 0x6F, 0x63, 0x65, 0x73, 0x73, 0x54,
	0x6F, 0x6B, 0x65, 0x6E, 0x20, 0x66, 0x61, 0x69, 0x6C, 0x65, 0x64, 0x3A,
	0x20, 0x00, 0x00, 0x00, 0x00, 0x00, 0x00, 0x00, 0x53, 0x00, 0x65, 0x00,
	0x44, 0x00, 0x65, 0x00, 0x62, 0x00, 0x75, 0x00, 0x67, 0x00, 0x50, 0x00,
	0x72, 0x00, 0x69, 0x00, 0x76, 0x00, 0x69, 0x00, 0x6C, 0x00, 0x65, 0x00,
	0x67, 0x00, 0x65, 0x00, 0x00, 0x00, 0x00, 0x00, 0x00, 0x00, 0x00, 0x00,
	0x4C, 0x6F, 0x6F, 0x6B, 0x75, 0x70, 0x50, 0x72, 0x69, 0x76, 0x69, 0x6C,
	0x65, 0x67, 0x65, 0x56, 0x61, 0x6C, 0x75, 0x65, 0x20, 0x66, 0x61, 0x69,
	0x6C, 0x65, 0x64, 0x3A, 0x20, 0x00, 0x00, 0x00, 0x41, 0x64, 0x6A, 0x75,
	0x73, 0x74, 0x54, 0x6F, 0x6B, 0x65, 0x6E, 0x50, 0x72, 0x69, 0x76, 0x69,
	0x6C, 0x65, 0x67, 0x65, 0x73, 0x20, 0x66, 0x61, 0x69, 0x6C, 0x65, 0x64,
	0x3A, 0x20, 0x00, 0x00, 0x54, 0x68, 0x65, 0x20, 0x74, 0x6F, 0x6B, 0x65,
	0x6E, 0x20, 0x64, 0x6F, 0x65, 0x73, 0x20, 0x6E, 0x6F, 0x74, 0x20, 0x68,
	0x61, 0x76, 0x65, 0x20, 0x74, 0x68, 0x65, 0x20, 0x73, 0x70, 0x65, 0x63,
	0x69, 0x66, 0x69, 0x65, 0x64, 0x20, 0x70, 0x72, 0x69, 0x76, 0x69, 0x6C,
	0x65, 0x67, 0x65, 0x2E, 0x00, 0x00, 0x00, 0x00, 0x00, 0x00, 0x00, 0x00,
	0x44, 0x65, 0x62, 0x75, 0x67, 0x20, 0x70, 0x72, 0x69, 0x76, 0x69, 0x6C,
	0x65, 0x67, 0x65, 0x20, 0x65, 0x6E, 0x61, 0x62, 0x6C, 0x65, 0x64, 0x20,
	0x73, 0x75, 0x63, 0x63, 0x65, 0x73, 0x73, 0x66, 0x75, 0x6C, 0x6C, 0x79,
	0x2E, 0x00, 0x00, 0x00, 0x43, 0x72, 0x65, 0x61, 0x74, 0x65, 0x54, 0x6F,
	0x6F, 0x6C, 0x68, 0x65, 0x6C, 0x70, 0x33, 0x32, 0x53, 0x6E, 0x61, 0x70,
	0x73, 0x68, 0x6F, 0x74, 0x20, 0x66, 0x61, 0x69, 0x6C, 0x65, 0x64, 0x3A,
	0x20, 0x00, 0x00, 0x00, 0x00, 0x00, 0x00, 0x00, 0x2E, 0x20, 0x4D, 0x65,
	0x6D, 0x6F, 0x72, 0x79, 0x20, 0x63, 0x6C, 0x65, 0x61, 0x6E, 0x69, 0x6E,
	0x67, 0x20, 0x6D, 0x61, 0x79, 0x20, 0x62, 0x65, 0x20, 0x72, 0x65, 0x73,
	0x74, 0x72, 0x69, 0x63, 0x74, 0x65, 0x64, 0x2E, 0x00, 0x00, 0x00, 0x00,
	0x57, 0x61, 0x72, 0x6E, 0x69, 0x6E, 0x67, 0x3A, 0x20, 0x4C, 0x69, 0x6D,
	0x69, 0x74, 0x65, 0x64, 0x20, 0x61, 0x63, 0x63, 0x65, 0x73, 0x73, 0x20,
	0x74, 0x6F, 0x20, 0x70, 0x72, 0x6F, 0x63, 0x65, 0x73, 0x73, 0x20, 0x00,
	0x00, 0x00, 0x00, 0x00, 0x2E, 0x20, 0x45, 0x72, 0x72, 0x6F, 0x72, 0x3A,
	0x20, 0x00, 0x00, 0x00, 0x00, 0x00, 0x00, 0x00, 0x46, 0x61, 0x69, 0x6C,
	0x65, 0x64, 0x20, 0x74, 0x6F, 0x20, 0x6F, 0x70, 0x65, 0x6E, 0x20, 0x70,
	0x72, 0x6F, 0x63, 0x65, 0x73, 0x73, 0x20, 0x00, 0x2E, 0x65, 0x78, 0x65,
	0x00, 0x00, 0x00, 0x00, 0x20, 0x77, 0x69, 0x74, 0x68, 0x20, 0x49, 0x44,
	0x3A, 0x20, 0x00, 0x00, 0x00, 0x00, 0x00, 0x00, 0x46, 0x6F, 0x75, 0x6E,
	0x64, 0x20, 0x70, 0x72, 0x6F, 0x63, 0x65, 0x73, 0x73, 0x3A, 0x20, 0x00,
	0x64, 0x69, 0x61, 0x67, 0x74, 0x72, 0x61, 0x63, 0x6B, 0x00, 0x00, 0x00,
	0x00, 0x00, 0x00, 0x00, 0x44, 0x69, 0x61, 0x67, 0x54, 0x72, 0x61, 0x63,
	0x6B, 0x00, 0x00, 0x00, 0x00, 0x00, 0x00, 0x00, 0x43, 0x6F, 0x6E, 0x6E,
	0x65, 0x63, 0x74, 0x65, 0x64, 0x20, 0x55, 0x73, 0x65, 0x72, 0x20, 0x45,
	0x78, 0x70, 0x65, 0x72, 0x69, 0x65, 0x6E, 0x63, 0x65, 0x73, 0x20, 0x61,
	0x6E, 0x64, 0x20, 0x54, 0x65, 0x6C, 0x65, 0x6D, 0x65, 0x74, 0x72, 0x79,
	0x00, 0x00, 0x00, 0x00, 0x50, 0x63, 0x61, 0x53, 0x76, 0x63, 0x00, 0x00,
	0x44, 0x70, 0x73, 0x00, 0x44, 0x50, 0x53, 0x00, 0x00, 0x00, 0x00, 0x00,
	0x53, 0x63, 0x61, 0x6E, 0x6E, 0x69, 0x6E, 0x67, 0x20, 0x6D, 0x65, 0x6D,
	0x6F, 0x72, 0x79, 0x20, 0x66, 0x6F, 0x72, 0x20, 0x70, 0x72, 0x6F, 0x63,
	0x65, 0x73, 0x73, 0x20, 0x49, 0x44, 0x3A, 0x20, 0x00, 0x00, 0x00, 0x00,
	0x00, 0x00, 0x00, 0x00, 0x27, 0x20, 0x61, 0x74, 0x20, 0x61, 0x64, 0x64,
	0x72, 0x65, 0x73, 0x73, 0x3A, 0x20, 0x30, 0x78, 0x00, 0x00, 0x00, 0x00,
	0x00, 0x00, 0x00, 0x00, 0x46, 0x6F, 0x75, 0x6E, 0x64, 0x20, 0x73, 0x74,
	0x72, 0x69, 0x6E, 0x67, 0x20, 0x27, 0x00, 0x00, 0x20, 0x72, 0x65, 0x67,
	0x69, 0x6F, 0x6E, 0x73, 0x2E, 0x20, 0x41, 0x63, 0x63, 0x65, 0x73, 0x73,
	0x20, 0x64, 0x65, 0x6E, 0x69, 0x65, 0x64, 0x3A, 0x20, 0x00, 0x00, 0x00,
	0x00, 0x00, 0x00, 0x00, 0x4D, 0x65, 0x6D, 0x6F, 0x72, 0x79, 0x20, 0x73,
	0x63, 0x61, 0x6E, 0x20, 0x63, 0x6F, 0x6D, 0x70, 0x6C, 0x65, 0x74, 0x65,
	0x2E, 0x20, 0x53, 0x63, 0x61, 0x6E, 0x6E, 0x65, 0x64, 0x20, 0x00, 0x00,
	0x46, 0x61, 0x69, 0x6C, 0x65, 0x64, 0x20, 0x74, 0x6F, 0x20, 0x6F, 0x70,
	0x65, 0x6E, 0x20, 0x70, 0x72, 0x6F, 0x63, 0x65, 0x73, 0x73, 0x20, 0x68,
	0x61, 0x6E, 0x64, 0x6C, 0x65, 0x20, 0x66, 0x6F, 0x72, 0x20, 0x70, 0x72,
	0x6F, 0x63, 0x65, 0x73, 0x73, 0x20, 0x49, 0x44, 0x3A, 0x20, 0x00, 0x00,
	0x56, 0x69, 0x72, 0x74, 0x75, 0x61, 0x6C, 0x50, 0x72, 0x6F, 0x74, 0x65,
	0x63, 0x74, 0x45, 0x78, 0x20, 0x66, 0x61, 0x69, 0x6C, 0x65, 0x64, 0x20,
	0x61, 0x74, 0x20, 0x61, 0x64, 0x64, 0x72, 0x65, 0x73, 0x73, 0x3A, 0x20,
	0x30, 0x78, 0x00, 0x00, 0x53, 0x74, 0x72, 0x69, 0x6E, 0x67, 0x20, 0x72,
	0x65, 0x70, 0x6C, 0x61, 0x63, 0x65, 0x64, 0x20, 0x61, 0x74, 0x20, 0x61,
	0x64, 0x64, 0x72, 0x65, 0x73, 0x73, 0x3A, 0x20, 0x30, 0x78, 0x00, 0x00,
	0x46, 0x61, 0x69, 0x6C, 0x65, 0x64, 0x20, 0x74, 0x6F, 0x20, 0x77, 0x72,
	0x69, 0x74, 0x65, 0x20, 0x6D, 0x65, 0x6D, 0x6F, 0x72, 0x79, 0x20, 0x61,
	0x74, 0x20, 0x61, 0x64, 0x64, 0x72, 0x65, 0x73, 0x73, 0x3A, 0x20, 0x30,
	0x78, 0x00, 0x00, 0x00, 0x2C, 0x20, 0x46, 0x61, 0x69, 0x6C, 0x65, 0x64,
	0x3A, 0x20, 0x00, 0x00, 0x00, 0x00, 0x00, 0x00, 0x4D, 0x65, 0x6D, 0x6F,
	0x72, 0x79, 0x20, 0x72, 0x65, 0x70, 0x6C, 0x61, 0x63, 0x65, 0x6D, 0x65,
	0x6E, 0x74, 0x20, 0x63, 0x6F, 0x6D, 0x70, 0x6C, 0x65, 0x74, 0x65, 0x2E,
	0x20, 0x53, 0x75, 0x63, 0x63, 0x65, 0x73, 0x73, 0x3A, 0x20, 0x00, 0x00,
	0x46, 0x61, 0x69, 0x6C, 0x65, 0x64, 0x20, 0x74, 0x6F, 0x20, 0x6F, 0x70,
	0x65, 0x6E, 0x20, 0x70, 0x72, 0x6F, 0x63, 0x65, 0x73, 0x73, 0x20, 0x68,
	0x61, 0x6E, 0x64, 0x6C, 0x65, 0x20, 0x66, 0x6F, 0x72, 0x20, 0x72, 0x65,
	0x70, 0x6C, 0x61, 0x63, 0x65, 0x6D, 0x65, 0x6E, 0x74, 0x2E, 0x20, 0x50,
	0x72, 0x6F, 0x63, 0x65, 0x73, 0x73, 0x20, 0x49, 0x44, 0x3A, 0x20, 0x00,
	0x73, 0x74, 0x64, 0x69, 0x6F, 0x00, 0x00, 0x00, 0x00, 0x00, 0x00, 0x00,
	0x20, 0x77, 0x69, 0x74, 0x68, 0x20, 0x70, 0x72, 0x69, 0x6F, 0x72, 0x69,
	0x74, 0x79, 0x20, 0x3D, 0x3D, 0x3D, 0x3D, 0x0A, 0x00, 0x00, 0x00, 0x00,
	0x0A, 0x3D, 0x3D, 0x3D, 0x3D, 0x20, 0x50, 0x72, 0x6F, 0x63, 0x65, 0x73,
	0x73, 0x69, 0x6E, 0x67, 0x20, 0x00, 0x00, 0x00, 0x20, 0x66, 0x6F, 0x72,
	0x20, 0x00, 0x00, 0x00, 0x00, 0x00, 0x00, 0x00, 0x54, 0x72, 0x79, 0x69,
	0x6E, 0x67, 0x20, 0x61, 0x6C, 0x69, 0x61, 0x73, 0x3A, 0x20, 0x00, 0x00,
	0x46, 0x6F, 0x75, 0x6E, 0x64, 0x20, 0x70, 0x72, 0x6F, 0x63, 0x65, 0x73,
	0x73, 0x20, 0x75, 0x73, 0x69, 0x6E, 0x67, 0x20, 0x61, 0x6C, 0x69, 0x61,
	0x73, 0x20, 0x00, 0x00, 0x00, 0x00, 0x00, 0x00, 0x2E, 0x20, 0x43, 0x6C,
	0x65, 0x61, 0x6E, 0x69, 0x6E, 0x67, 0x20, 0x6D, 0x65, 0x6D, 0x6F, 0x72,
	0x79, 0x2E, 0x2E, 0x2E, 0x00, 0x00, 0x00, 0x00, 0x27, 0x20, 0x69, 0x73,
	0x20, 0x72, 0x75, 0x6E, 0x6E, 0x69, 0x6E, 0x67, 0x20, 0x77, 0x69, 0x74,
	0x68, 0x20, 0x49, 0x44, 0x3A, 0x20, 0x00, 0x00, 0x50, 0x72, 0x6F, 0x63,
	0x65, 0x73, 0x73, 0x20, 0x27, 0x00, 0x00, 0x00, 0x00, 0x00, 0x00, 0x00,
	0x27, 0x20, 0x69, 0x6E, 0x20, 0x70, 0x72, 0x6F, 0x63, 0x65, 0x73, 0x73,
	0x20, 0x00, 0x00, 0x00, 0x20, 0x6F, 0x63, 0x63, 0x75, 0x72, 0x72, 0x65,
	0x6E, 0x63, 0x65, 0x73, 0x20, 0x6F, 0x66, 0x20, 0x27, 0x00, 0x00, 0x00,
	0x46, 0x6F, 0x75, 0x6E, 0x64, 0x20, 0x00, 0x00, 0x00, 0x00, 0x00, 0x00,
	0x4E, 0x6F, 0x20, 0x73, 0x74, 0x72, 0x69, 0x6E, 0x67, 0x73, 0x20, 0x77,
	0x65, 0x72, 0x65, 0x20, 0x66, 0x6F, 0x75, 0x6E, 0x64, 0x20, 0x74, 0x6F,
	0x20, 0x63, 0x6C, 0x65, 0x61, 0x6E, 0x20, 0x69, 0x6E, 0x20, 0x70, 0x72,
	0x6F, 0x63, 0x65, 0x73, 0x73, 0x20, 0x00, 0x00, 0x00, 0x00, 0x00, 0x00,
	0x27, 0x2E, 0x20, 0x4D, 0x61, 0x6B, 0x65, 0x20, 0x73, 0x75, 0x72, 0x65,
	0x20, 0x69, 0x74, 0x20, 0x69, 0x73, 0x20, 0x72, 0x75, 0x6E, 0x6E, 0x69,
	0x6E, 0x67, 0x2E, 0x00, 0x00, 0x00, 0x00, 0x00, 0x43, 0x6F, 0x75, 0x6C,
	0x64, 0x20, 0x6E, 0x6F, 0x74, 0x20, 0x66, 0x69, 0x6E, 0x64, 0x20, 0x70,
	0x72, 0x6F, 0x63, 0x65, 0x73, 0x73, 0x20, 0x27, 0x00, 0x00, 0x00, 0x00,
	0x00, 0x00, 0x00, 0x00, 0x45, 0x78, 0x63, 0x65, 0x70, 0x74, 0x69, 0x6F,
	0x6E, 0x20, 0x69, 0x6E, 0x20, 0x70, 0x72, 0x6F, 0x63, 0x65, 0x73, 0x73,
	0x69, 0x6E, 0x67, 0x20, 0x00, 0x00, 0x00, 0x00, 0x00, 0x00, 0x00, 0x00,
	0x27, 0x20, 0x69, 0x73, 0x20, 0x72, 0x75, 0x6E, 0x6E, 0x69, 0x6E, 0x67,
	0x2E, 0x20, 0x49, 0x6E, 0x63, 0x6C, 0x75, 0x64, 0x69, 0x6E, 0x67, 0x20,
	0x69, 0x74, 0x20, 0x69, 0x6E, 0x20, 0x74, 0x68, 0x65, 0x20, 0x6C, 0x69,
	0x73, 0x74, 0x2E, 0x00, 0x27, 0x20, 0x69, 0x73, 0x20, 0x6E, 0x6F, 0x74,
	0x20, 0x72, 0x75, 0x6E, 0x6E, 0x69, 0x6E, 0x67, 0x2E, 0x20, 0x53, 0x6B,
	0x69, 0x70, 0x70, 0x69, 0x6E, 0x67, 0x20, 0x6D, 0x65, 0x6D, 0x6F, 0x72,
	0x79, 0x20, 0x63, 0x6C, 0x65, 0x61, 0x6E, 0x69, 0x6E, 0x67, 0x2E, 0x00,
	0x00, 0x00, 0x00, 0x00, 0x45, 0x78, 0x63, 0x65, 0x70, 0x74, 0x69, 0x6F,
	0x6E, 0x20, 0x69, 0x6E, 0x20, 0x70, 0x72, 0x6F, 0x63, 0x65, 0x73, 0x73,
	0x69, 0x6E, 0x67, 0x3A, 0x20, 0x00, 0x00, 0x00, 0x00, 0x00, 0x00, 0x00,
	0x57, 0x61, 0x72, 0x6E, 0x69, 0x6E, 0x67, 0x3A, 0x20, 0x46, 0x61, 0x69,
	0x6C, 0x65, 0x64, 0x20, 0x74, 0x6F, 0x20, 0x65, 0x6E, 0x61, 0x62, 0x6C,
	0x65, 0x20, 0x64, 0x65, 0x62, 0x75, 0x67, 0x20, 0x70, 0x72, 0x69, 0x76,
	0x69, 0x6C, 0x65, 0x67, 0x65, 0x73, 0x2E, 0x20, 0x53, 0x6F, 0x6D, 0x65,
	0x20, 0x73, 0x79, 0x73, 0x74, 0x65, 0x6D, 0x20, 0x70, 0x72, 0x6F, 0x63,
	0x65, 0x73, 0x73, 0x65, 0x73, 0x20, 0x6D, 0x61, 0x79, 0x20, 0x6E, 0x6F,
	0x74, 0x20, 0x62, 0x65, 0x20, 0x61, 0x63, 0x63, 0x65, 0x73, 0x73, 0x69,
	0x62, 0x6C, 0x65, 0x2E, 0x00, 0x00, 0x00, 0x00, 0x00, 0x00, 0x00, 0x00,
	0x50, 0x72, 0x6F, 0x67, 0x72, 0x61, 0x6D, 0x20, 0x43, 0x6F, 0x6D, 0x70,
	0x61, 0x74, 0x69, 0x62, 0x69, 0x6C, 0x69, 0x74, 0x79, 0x20, 0x41, 0x73,
	0x73, 0x69, 0x73, 0x74, 0x61, 0x6E, 0x74, 0x20, 0x53, 0x65, 0x72, 0x76,
	0x69, 0x63, 0x65, 0x00, 0x53, 0x65, 0x61, 0x72, 0x63, 0x68, 0x49, 0x6E,
	0x64, 0x65, 0x78, 0x65, 0x72, 0x00, 0x00, 0x00, 0x44, 0x69, 0x61, 0x67,
	0x6E, 0x6F, 0x73, 0x74, 0x69, 0x63, 0x20, 0x50, 0x6F, 0x6C, 0x69, 0x63,
	0x79, 0x20, 0x53, 0x65, 0x72, 0x76, 0x69, 0x63, 0x65, 0x00, 0x00, 0x00,
	0x00, 0x00, 0x00, 0x00, 0x52, 0x75, 0x6E, 0x74, 0x69, 0x6D, 0x65, 0x42,
	0x72, 0x6F, 0x6B, 0x65, 0x72, 0x00, 0x00, 0x00, 0x4F, 0x70, 0x65, 0x6E,
	0x50, 0x72, 0x6F, 0x63, 0x65, 0x73, 0x73, 0x20, 0x66, 0x61, 0x69, 0x6C,
	0x65, 0x64, 0x20, 0x66, 0x6F, 0x72, 0x20, 0x50, 0x49, 0x44, 0x20, 0x00,
	0x00, 0x00, 0x00, 0x00, 0x45, 0x6E, 0x75, 0x6D, 0x50, 0x72, 0x6F, 0x63,
	0x65, 0x73, 0x73, 0x4D, 0x6F, 0x64, 0x75, 0x6C, 0x65, 0x73, 0x45, 0x78,
	0x20, 0x73, 0x69, 0x7A, 0x65, 0x20, 0x71, 0x75, 0x65, 0x72, 0x79, 0x20,
	0x66, 0x61, 0x69, 0x6C, 0x65, 0x64, 0x20, 0x66, 0x6F, 0x72, 0x20, 0x50,
	0x49, 0x44, 0x20, 0x00, 0x45, 0x6E, 0x75, 0x6D, 0x50, 0x72, 0x6F, 0x63,
	0x65, 0x73, 0x73, 0x4D, 0x6F, 0x64, 0x75, 0x6C, 0x65, 0x73, 0x45, 0x78,
	0x20, 0x66, 0x61, 0x69, 0x6C, 0x65, 0x64, 0x20, 0x66, 0x6F, 0x72, 0x20,
	0x50, 0x49, 0x44, 0x20, 0x00, 0x00, 0x00, 0x00, 0x46, 0x72, 0x65, 0x65,
	0x4C, 0x69, 0x62, 0x72, 0x61, 0x72, 0x79, 0x00, 0x00, 0x00, 0x00, 0x00,
	0x6B, 0x65, 0x72, 0x6E, 0x65, 0x6C, 0x33, 0x32, 0x2E, 0x64, 0x6C, 0x6C,
	0x00, 0x00, 0x00, 0x00, 0x47, 0x65, 0x74, 0x50, 0x72, 0x6F, 0x63, 0x41,
	0x64, 0x64, 0x72, 0x65, 0x73, 0x73, 0x28, 0x46, 0x72, 0x65, 0x65, 0x4C,
	0x69, 0x62, 0x72, 0x61, 0x72, 0x79, 0x29, 0x20, 0x66, 0x61, 0x69, 0x6C,
	0x65, 0x64, 0x3A, 0x20, 0x00, 0x00, 0x00, 0x00, 0x43, 0x72, 0x65, 0x61,
	0x74, 0x65, 0x52, 0x65, 0x6D, 0x6F, 0x74, 0x65, 0x54, 0x68, 0x72, 0x65,
	0x61, 0x64, 0x20, 0x66, 0x61, 0x69, 0x6C, 0x65, 0x64, 0x20, 0x66, 0x6F,
	0x72, 0x20, 0x50, 0x49, 0x44, 0x20, 0x00, 0x00, 0x00, 0x00, 0x00, 0x00,
	0x46, 0x72, 0x65, 0x65, 0x4C, 0x69, 0x62, 0x72, 0x61, 0x72, 0x79, 0x20,
	0x72, 0x65, 0x6D, 0x6F, 0x74, 0x65, 0x20, 0x63, 0x61, 0x6C, 0x6C, 0x20,
	0x72, 0x65, 0x70, 0x6F, 0x72, 0x74, 0x65, 0x64, 0x20, 0x66, 0x61, 0x69,
	0x6C, 0x75, 0x72, 0x65, 0x20, 0x66, 0x6F, 0x72, 0x20, 0x50, 0x49, 0x44,
	0x20, 0x00, 0x00, 0x00, 0x00, 0x00, 0x00, 0x00, 0x27, 0x20, 0x66, 0x72,
	0x6F, 0x6D, 0x20, 0x50, 0x49, 0x44, 0x20, 0x00, 0x00, 0x00, 0x00, 0x00,
	0x55, 0x6E, 0x6C, 0x6F, 0x61, 0x64, 0x65, 0x64, 0x20, 0x27, 0x00, 0x00,
	0x00, 0x00, 0x00, 0x00, 0x50, 0x72, 0x6F, 0x63, 0x65, 0x73, 0x73, 0x20,
	0x6E, 0x6F, 0x74, 0x20, 0x66, 0x6F, 0x75, 0x6E, 0x64, 0x3A, 0x20, 0x00,
	0x00, 0x00, 0x00, 0x00, 0x6E, 0x74, 0x64, 0x6C, 0x6C, 0x2E, 0x64, 0x6C,
	0x6C, 0x00, 0x00, 0x00, 0x00, 0x00, 0x00, 0x00, 0x4E, 0x74, 0x51, 0x75,
	0x65, 0x72, 0x79, 0x49, 0x6E, 0x66, 0x6F, 0x72, 0x6D, 0x61, 0x74, 0x69,
	0x6F, 0x6E, 0x50, 0x72, 0x6F, 0x63, 0x65, 0x73, 0x73, 0x00, 0x00, 0x00,
	0x00, 0x00, 0x00, 0x00, 0x20, 0x61, 0x70, 0x70, 0x65, 0x61, 0x72, 0x73,
	0x20, 0x74, 0x6F, 0x20, 0x62, 0x65, 0x20, 0x61, 0x20, 0x50, 0x72, 0x6F,
	0x74, 0x65, 0x63, 0x74, 0x65, 0x64, 0x20, 0x50, 0x72, 0x6F, 0x63, 0x65,
	0x73, 0x73, 0x20, 0x28, 0x50, 0x50, 0x4C, 0x29, 0x2E, 0x20, 0x55, 0x6E,
	0x6C, 0x6F, 0x61, 0x64, 0x20, 0x77, 0x69, 0x6C, 0x6C, 0x20, 0x6C, 0x69,
	0x6B, 0x65, 0x6C, 0x79, 0x20, 0x66, 0x61, 0x69, 0x6C, 0x20, 0x77, 0x69,
	0x74, 0x68, 0x6F, 0x75, 0x74, 0x20, 0x6D, 0x61, 0x74, 0x63, 0x68, 0x69,
	0x6E, 0x67, 0x20, 0x70, 0x72, 0x6F, 0x74, 0x65, 0x63, 0x74, 0x69, 0x6F,
	0x6E, 0x20, 0x6C, 0x65, 0x76, 0x65, 0x6C, 0x2E, 0x00, 0x00, 0x00, 0x00,
	0x57, 0x61, 0x72, 0x6E, 0x69, 0x6E, 0x67, 0x3A, 0x20, 0x00, 0x00, 0x00,
	0x2E, 0x00, 0x00, 0x00, 0x27, 0x20, 0x66, 0x72, 0x6F, 0x6D, 0x20, 0x00,
	0x46, 0x61, 0x69, 0x6C, 0x65, 0x64, 0x20, 0x74, 0x6F, 0x20, 0x75, 0x6E,
	0x6C, 0x6F, 0x61, 0x64, 0x20, 0x27, 0x00, 0x00, 0x00, 0x00, 0x00, 0x00,
	0x57, 0x65, 0x62, 0x4B, 0x69, 0x74, 0x2E, 0x64, 0x6C, 0x6C, 0x00, 0x00,
	0x70, 0x61, 0x75, 0x73, 0x65, 0x00, 0x00, 0x00, 0x00, 0x00, 0x00, 0x00,
	0x75, 0x6E, 0x6F, 0x72, 0x64, 0x65, 0x72, 0x65, 0x64, 0x5F, 0x6D, 0x61,
	0x70, 0x2F, 0x73, 0x65, 0x74, 0x20, 0x74, 0x6F, 0x6F, 0x20, 0x6C, 0x6F,
	0x6E, 0x67, 0x00, 0x00, 0x00, 0x00, 0x00, 0x00, 0x76, 0x65, 0x63, 0x74,
	0x6F, 0x72, 0x20, 0x74, 0x6F, 0x6F, 0x20, 0x6C, 0x6F, 0x6E, 0x67, 0x00,
	0x69, 0x6E, 0x76, 0x61, 0x6C, 0x69, 0x64, 0x20, 0x68, 0x61, 0x73, 0x68,
	0x20, 0x62, 0x75, 0x63, 0x6B, 0x65, 0x74, 0x20, 0x63, 0x6F, 0x75, 0x6E,
	0x74, 0x00, 0x00, 0x00, 0x00, 0x00, 0x00, 0x00, 0x78, 0x4E, 0x01, 0x40,
	0x01, 0x00, 0x00, 0x00, 0xC0, 0xB7, 0x00, 0x40, 0x01, 0x00, 0x00, 0x00,
	0x60, 0x27, 0x00, 0x40, 0x01, 0x00, 0x00, 0x00, 0x90, 0xB7, 0x00, 0x40,
	0x01, 0x00, 0x00, 0x00, 0x80, 0xB7, 0x00, 0x40, 0x01, 0x00, 0x00, 0x00,
	0x10, 0xB7, 0x00, 0x40, 0x01, 0x00, 0x00, 0x00, 0x70, 0xB7, 0x00, 0x40,
	0x01, 0x00, 0x00, 0x00, 0x28, 0x54, 0x01, 0x40, 0x01, 0x00, 0x00, 0x00,
	0xA0, 0xCC, 0x00, 0x40, 0x01, 0x00, 0x00, 0x00, 0xB0, 0x8C, 0x00, 0x40,
	0x01, 0x00, 0x00, 0x00, 0x40, 0x8B, 0x00, 0x40, 0x01, 0x00, 0x00, 0x00,
	0x30, 0x8B, 0x00, 0x40, 0x01, 0x00, 0x00, 0x00, 0x20, 0x8B, 0x00, 0x40,
	0x01, 0x00, 0x00, 0x00, 0xE0, 0x8A, 0x00, 0x40, 0x01, 0x00, 0x00, 0x00,
	0xA0, 0x4E, 0x01, 0x40, 0x01, 0x00, 0x00, 0x00, 0x70, 0x96, 0x00, 0x40,
	0x01, 0x00, 0x00, 0x00, 0xF0, 0x29, 0x00, 0x40, 0x01, 0x00, 0x00, 0x00,
	0x10, 0x91, 0x00, 0x40, 0x01, 0x00, 0x00, 0x00, 0xA8, 0x5C, 0x01, 0x40,
	0x01, 0x00, 0x00, 0x00, 0x40, 0xD9, 0x00, 0x40, 0x01, 0x00, 0x00, 0x00,
	0x90, 0xD6, 0x00, 0x40, 0x01, 0x00, 0x00, 0x00, 0x48, 0x4F, 0x01, 0x40,
	0x01, 0x00, 0x00, 0x00, 0xE0, 0xDA, 0x00, 0x40, 0x01, 0x00, 0x00, 0x00,
	0xE0, 0xDA, 0x00, 0x40, 0x01, 0x00, 0x00, 0x00, 0xA0, 0xDA, 0x00, 0x40,
	0x01, 0x00, 0x00, 0x00, 0xD0, 0xDA, 0x00, 0x40, 0x01, 0x00, 0x00, 0x00,
	0x30, 0xB8, 0x00, 0x40, 0x01, 0x00, 0x00, 0x00, 0x70, 0xB7, 0x00, 0x40,
	0x01, 0x00, 0x00, 0x00, 0x60, 0x4D, 0x01, 0x40, 0x01, 0x00, 0x00, 0x00,
	0x10, 0x2A, 0x00, 0x40, 0x01, 0x00, 0x00, 0x00, 0xF0, 0x29, 0x00, 0x40,
	0x01, 0x00, 0x00, 0x00, 0x08, 0x5C, 0x01, 0x40, 0x01, 0x00, 0x00, 0x00,
	0x70, 0xD4, 0x00, 0x40, 0x01, 0x00, 0x00, 0x00, 0x60, 0x27, 0x00, 0x40,
	0x01, 0x00, 0x00, 0x00, 0x60, 0xD4, 0x00, 0x40, 0x01, 0x00, 0x00, 0x00,
	0x50, 0xD4, 0x00, 0x40, 0x01, 0x00, 0x00, 0x00, 0x10, 0xD4, 0x00, 0x40,
	0x01, 0x00, 0x00, 0x00, 0x70, 0xB7, 0x00, 0x40, 0x01, 0x00, 0x00, 0x00,
	0x28, 0x53, 0x01, 0x40, 0x01, 0x00, 0x00, 0x00, 0x00, 0xD4, 0x00, 0x40,
	0x01, 0x00, 0x00, 0x00, 0x60, 0x27, 0x00, 0x40, 0x01, 0x00, 0x00, 0x00,
	0xF0, 0xD3, 0x00, 0x40, 0x01, 0x00, 0x00, 0x00, 0xE0, 0xD3, 0x00, 0x40,
	0x01, 0x00, 0x00, 0x00, 0x90, 0xD3, 0x00, 0x40, 0x01, 0x00, 0x00, 0x00,
	0x70, 0xB7, 0x00, 0x40, 0x01, 0x00, 0x00, 0x00, 0x40, 0x57, 0x01, 0x40,
	0x01, 0x00, 0x00, 0x00, 0x60, 0x24, 0x00, 0x40, 0x01, 0x00, 0x00, 0x00,
	0x40, 0x24, 0x00, 0x40, 0x01, 0x00, 0x00, 0x00, 0x48, 0x52, 0x01, 0x40,
	0x01, 0x00, 0x00, 0x00, 0xB0, 0x41, 0x00, 0x40, 0x01, 0x00, 0x00, 0x00,
	0xF0, 0x40, 0x00, 0x40, 0x01, 0x00, 0x00, 0x00, 0x00, 0x41, 0x00, 0x40,
	0x01, 0x00, 0x00, 0x00, 0xF0, 0x26, 0x00, 0x40, 0x01, 0x00, 0x00, 0x00,
	0x40, 0x27, 0x00, 0x40, 0x01, 0x00, 0x00, 0x00, 0x00, 0x27, 0x00, 0x40,
	0x01, 0x00, 0x00, 0x00, 0xE0, 0x51, 0x01, 0x40, 0x01, 0x00, 0x00, 0x00,
	0x60, 0x95, 0x00, 0x40, 0x01, 0x00, 0x00, 0x00, 0xB0, 0x8C, 0x00, 0x40,
	0x01, 0x00, 0x00, 0x00, 0x40, 0x8B, 0x00, 0x40, 0x01, 0x00, 0x00, 0x00,
	0x30, 0x8B, 0x00, 0x40, 0x01, 0x00, 0x00, 0x00, 0x20, 0x8B, 0x00, 0x40,
	0x01, 0x00, 0x00, 0x00, 0xE0, 0x8A, 0x00, 0x40, 0x01, 0x00, 0x00, 0x00,
	0x28, 0x50, 0x01, 0x40, 0x01, 0x00, 0x00, 0x00, 0xB0, 0xDA, 0x00, 0x40,
	0x01, 0x00, 0x00, 0x00, 0xB0, 0xDA, 0x00, 0x40, 0x01, 0x00, 0x00, 0x00,
	0xA0, 0xDA, 0x00, 0x40, 0x01, 0x00, 0x00, 0x00, 0x90, 0xDA, 0x00, 0x40,
	0x01, 0x00, 0x00, 0x00, 0x30, 0xB8, 0x00, 0x40, 0x01, 0x00, 0x00, 0x00,
	0x70, 0xB7, 0x00, 0x40, 0x01, 0x00, 0x00, 0x00, 0x80, 0x59, 0x01, 0x40,
	0x01, 0x00, 0x00, 0x00, 0xC0, 0xBD, 0x00, 0x40, 0x01, 0x00, 0x00, 0x00,
	0xF0, 0xB6, 0x00, 0x40, 0x01, 0x00, 0x00, 0x00, 0x70, 0xB5, 0x00, 0x40,
	0x01, 0x00, 0x00, 0x00, 0x30, 0x8B, 0x00, 0x40, 0x01, 0x00, 0x00, 0x00,
	0x20, 0x8B, 0x00, 0x40, 0x01, 0x00, 0x00, 0x00, 0xE0, 0x8A, 0x00, 0x40,
	0x01, 0x00, 0x00, 0x00, 0xE8, 0x54, 0x01, 0x40, 0x01, 0x00, 0x00, 0x00,
	0x80, 0xC4, 0x00, 0x40, 0x01, 0x00, 0x00, 0x00, 0x50, 0xA0, 0x00, 0x40,
	0x01, 0x00, 0x00, 0x00, 0xE0, 0xCC, 0x00, 0x40, 0x01, 0x00, 0x00, 0x00,
	0x60, 0x27, 0x00, 0x40, 0x01, 0x00, 0x00, 0x00, 0xB8, 0x51, 0x01, 0x40,
	0x01, 0x00, 0x00, 0x00, 0x00, 0xD9, 0x00, 0x40, 0x01, 0x00, 0x00, 0x00,
	0xE0, 0xD4, 0x00, 0x40, 0x01, 0x00, 0x00, 0x00, 0x50, 0x5B, 0x01, 0x40,
	0x01, 0x00, 0x00, 0x00, 0x90, 0x2D, 0x00, 0x40, 0x01, 0x00, 0x00, 0x00,
	0xC6, 0xED, 0x00, 0x40, 0x01, 0x00, 0x00, 0x00, 0x88, 0x4F, 0x01, 0x40,
	0x01, 0x00, 0x00, 0x00, 0x60, 0x24, 0x00, 0x40, 0x01, 0x00, 0x00, 0x00,
	0x40, 0x24, 0x00, 0x40, 0x01, 0x00, 0x00, 0x00, 0x78, 0x55, 0x01, 0x40,
	0x01, 0x00, 0x00, 0x00, 0xE0, 0x3F, 0x00, 0x40, 0x01, 0x00, 0x00, 0x00,
	0xA0, 0x3F, 0x00, 0x40, 0x01, 0x00, 0x00, 0x00, 0x61, 0x41, 0x62, 0x42,
	0x63, 0x43, 0x64, 0x44, 0x65, 0x46, 0x67, 0x47, 0x68, 0x48, 0x49, 0x6A,
	0x6D, 0x4D, 0x6E, 0x70, 0x72, 0x52, 0x53, 0x74, 0x54, 0x75, 0x55, 0x56,
	0x77, 0x57, 0x78, 0x58, 0x79, 0x59, 0x7A, 0x5A, 0x00, 0x00, 0x00, 0x00,
	0x50, 0x50, 0x01, 0x40, 0x01, 0x00, 0x00, 0x00, 0x70, 0xB9, 0x00, 0x40,
	0x01, 0x00, 0x00, 0x00, 0x30, 0xB9, 0x00, 0x40, 0x01, 0x00, 0x00, 0x00,
	0x10, 0xB9, 0x00, 0x40, 0x01, 0x00, 0x00, 0x00, 0x00, 0xB9, 0x00, 0x40,
	0x01, 0x00, 0x00, 0x00, 0x80, 0xB8, 0x00, 0x40, 0x01, 0x00, 0x00, 0x00,
	0x70, 0xB7, 0x00, 0x40, 0x01, 0x00, 0x00, 0x00, 0xB0, 0x4F, 0x01, 0x40,
	0x01, 0x00, 0x00, 0x00, 0xC0, 0x95, 0x00, 0x40, 0x01, 0x00, 0x00, 0x00,
	0x90, 0x8E, 0x00, 0x40, 0x01, 0x00, 0x00, 0x00, 0x80, 0x53, 0x01, 0x40,
	0x01, 0x00, 0x00, 0x00, 0x80, 0xD9, 0x00, 0x40, 0x01, 0x00, 0x00, 0x00,
	0x90, 0xD6, 0x00, 0x40, 0x01, 0x00, 0x00, 0x00, 0xE8, 0x57, 0x01, 0x40,
	0x01, 0x00, 0x00, 0x00, 0x60, 0xB8, 0x00, 0x40, 0x01, 0x00, 0x00, 0x00,
	0x60, 0xB8, 0x00, 0x40, 0x01, 0x00, 0x00, 0x00, 0x50, 0xB8, 0x00, 0x40,
	0x01, 0x00, 0x00, 0x00, 0x40, 0xB8, 0x00, 0x40, 0x01, 0x00, 0x00, 0x00,
	0x30, 0xB8, 0x00, 0x40, 0x01, 0x00, 0x00, 0x00, 0x70, 0xB7, 0x00, 0x40,
	0x01, 0x00, 0x00, 0x00, 0x80, 0x57, 0x01, 0x40, 0x01, 0x00, 0x00, 0x00,
	0x60, 0x24, 0x00, 0x40, 0x01, 0x00, 0x00, 0x00, 0x40, 0x24, 0x00, 0x40,
	0x01, 0x00, 0x00, 0x00, 0x18, 0x57, 0x01, 0x40, 0x01, 0x00, 0x00, 0x00,
	0x70, 0xA0, 0x00, 0x40, 0x01, 0x00, 0x00, 0x00, 0x50, 0xA0, 0x00, 0x40,
	0x01, 0x00, 0x00, 0x00, 0x50, 0xA5, 0x00, 0x40, 0x01, 0x00, 0x00, 0x00,
	0x60, 0x27, 0x00, 0x40, 0x01, 0x00, 0x00, 0x00, 0xA0, 0x5B, 0x01, 0x40,
	0x01, 0x00, 0x00, 0x00, 0xB0, 0xC4, 0x00, 0x40, 0x01, 0x00, 0x00, 0x00,
	0xB0, 0xC4, 0x00, 0x40, 0x01, 0x00, 0x00, 0x00, 0xA0, 0xC4, 0x00, 0x40,
	0x01, 0x00, 0x00, 0x00, 0x90, 0xC4, 0x00, 0x40, 0x01, 0x00, 0x00, 0x00,
	0x30, 0xB8, 0x00, 0x40, 0x01, 0x00, 0x00, 0x00, 0x70, 0xB7, 0x00, 0x40,
	0x01, 0x00, 0x00, 0x00, 0x00, 0x5B, 0x01, 0x40, 0x01, 0x00, 0x00, 0x00,
	0xC0, 0xD8, 0x00, 0x40, 0x01, 0x00, 0x00, 0x00, 0xE0, 0xD4, 0x00, 0x40,
	0x01, 0x00, 0x00, 0x00, 0xA8, 0x53, 0x01, 0x40, 0x01, 0x00, 0x00, 0x00,
	0xC0, 0x3C, 0x00, 0x40, 0x01, 0x00, 0x00, 0x00, 0xC6, 0xED, 0x00, 0x40,
	0x01, 0x00, 0x00, 0x00, 0x00, 0x00, 0x00, 0x5F, 0x00, 0x00, 0x00, 0x00,
	0x40, 0x01, 0x00, 0x00, 0x00, 0x00, 0x00, 0x00, 0x00, 0x00, 0x00, 0x00,
	0x00, 0x00, 0x00, 0x00, 0x00, 0x00, 0x00, 0x00, 0x00, 0x00, 0x00, 0x00,
	0x00, 0x00, 0x00, 0x00, 0x00, 0x00, 0x00, 0x00, 0x00, 0x00, 0x00, 0x00,
	0x00, 0x00, 0x00, 0x00, 0x00, 0x00, 0x00, 0x00, 0x00, 0x00, 0x00, 0x00,
	0x00, 0x00, 0x00, 0x00, 0x00, 0x00, 0x00, 0x00, 0x00, 0x00, 0x00, 0x00,
	0x00, 0x00, 0x00, 0x00, 0x00, 0x00, 0x00, 0x00, 0x00, 0x00, 0x00, 0x00,
	0x00, 0x00, 0x00, 0x00, 0x00, 0x00, 0x00, 0x00, 0x00, 0x00, 0x00, 0x00,
	0x00, 0x00, 0x00, 0x00, 0x40, 0xA0, 0x01, 0x40, 0x01, 0x00, 0x00, 0x00,
	0x00, 0x00, 0x00, 0x00, 0x00, 0x00, 0x00, 0x00, 0x00, 0x00, 0x00, 0x00,
	0x00, 0x00, 0x00, 0x00, 0xC0, 0x14, 0x01, 0x40, 0x01, 0x00, 0x00, 0x00,
	0xD0, 0x14, 0x01, 0x40, 0x01, 0x00, 0x00, 0x00, 0x00, 0x00, 0x00, 0x00,
	0x00, 0x00, 0x00, 0x00, 0x00, 0x00, 0x00, 0x00, 0x00, 0x00, 0x00, 0x00,
	0x00, 0x01, 0x00, 0x00, 0x00, 0x00, 0x00, 0x00, 0x00, 0x00, 0x00, 0x00,
	0x00, 0x00, 0x00, 0x00, 0x00, 0x00, 0x00, 0x00, 0x00, 0x00, 0x00, 0x00,
	0x00, 0x00, 0x00, 0x00, 0x00, 0x00, 0x00, 0x00, 0x00, 0x00, 0x00, 0x00,
	0x00, 0x00, 0x00, 0x00, 0x00, 0x00, 0x00, 0x00, 0x00, 0x00, 0x00, 0x00,
	0x00, 0x00, 0x00, 0x00, 0x00, 0x00, 0x00, 0x00, 0x00, 0x00, 0x00, 0x00,
	0x00, 0x00, 0x00, 0x00, 0x00, 0x00, 0x00, 0x00, 0x00, 0x00, 0x00, 0x00,
	0x00, 0x00, 0x00, 0x00, 0x00, 0x00, 0x00, 0x00, 0x00, 0x00, 0x00, 0x00,
	0x00, 0x00, 0x00, 0x00, 0x00, 0x00, 0x00, 0x00, 0x00, 0x00, 0x00, 0x00,
	0x00, 0x00, 0x00, 0x00, 0x00, 0x00, 0x00, 0x00, 0x00, 0x00, 0x00, 0x00,
	0x00, 0x00, 0x00, 0x00, 0xBC, 0x5D, 0x01, 0x40, 0x01, 0x00, 0x00, 0x00,
	0x00, 0x00, 0x00, 0x00, 0x00, 0x00, 0x00, 0x00, 0x00, 0x00, 0x00, 0x00,
	0x00, 0x00, 0x00, 0x00, 0xC8, 0x14, 0x01, 0x40, 0x01, 0x00, 0x00, 0x00,
	0xD8, 0x14, 0x01, 0x40, 0x01, 0x00, 0x00, 0x00, 0xE0, 0x14, 0x01, 0x40,
	0x01, 0x00, 0x00, 0x00, 0xE8, 0x14, 0x01, 0x40, 0x01, 0x00, 0x00, 0x00,
	0xF0, 0x14, 0x01, 0x40, 0x01, 0x00, 0x00, 0x00, 0x00, 0x00, 0x00, 0x00,
	0xF2, 0xB0, 0xCD, 0x68, 0x00, 0x00, 0x00, 0x00, 0x02, 0x00, 0x00, 0x00,
	0x47, 0x00, 0x00, 0x00, 0x48, 0x5E, 0x01, 0x00, 0x48, 0x4A, 0x01, 0x00,
	0x00, 0x00, 0x00, 0x00, 0xF2, 0xB0, 0xCD, 0x68, 0x00, 0x00, 0x00, 0x00,
	0x0C, 0x00, 0x00, 0x00, 0x14, 0x00, 0x00, 0x00, 0x90, 0x5E, 0x01, 0x00,
	0x90, 0x4A, 0x01, 0x00, 0x00, 0x00, 0x00, 0x00, 0xF2, 0xB0, 0xCD, 0x68,
	0x00, 0x00, 0x00, 0x00, 0x0D, 0x00, 0x00, 0x00, 0x7C, 0x03, 0x00, 0x00,
	0xA4, 0x5E, 0x01, 0x00, 0xA4, 0x4A, 0x01, 0x00, 0x00, 0x00, 0x00, 0x00,
	0xF2, 0xB0, 0xCD, 0x68, 0x00, 0x00, 0x00, 0x00, 0x0E, 0x00, 0x00, 0x00,
	0x00, 0x00, 0x00, 0x00, 0x00, 0x00, 0x00, 0x00, 0x00, 0x00, 0x00, 0x00,
	0x00, 0x00, 0x00, 0x00, 0x00, 0x00, 0x00, 0x00, 0x00, 0x00, 0x00, 0x00,
	0x00, 0x00, 0x00, 0x00, 0x00, 0x00, 0x00, 0x00, 0x00, 0x00, 0x00, 0x00,
	0x00, 0x00, 0x00, 0x00, 0x00, 0x00, 0x00, 0x00, 0x40, 0x62, 0x01, 0x40,
	0x01, 0x00, 0x00, 0x00, 0x48, 0x62, 0x01, 0x40, 0x01, 0x00, 0x00, 0x00,
	0xC0, 0xBF, 0x01, 0x40, 0x01, 0x00, 0x00, 0x00, 0x40, 0x15, 0x01, 0x40,
	0x01, 0x00, 0x00, 0x00, 0x00, 0x00, 0x00, 0x00, 0x00, 0x00, 0x30, 0x00,
	0x01, 0x00, 0x00, 0x00, 0x00, 0x00, 0x00, 0x00, 0x00, 0x00, 0x00, 0x00,
	0x20, 0xA8, 0x01, 0x00, 0xD0, 0x4C, 0x01, 0x00, 0xA8, 0x4C, 0x01, 0x00,
	0x00, 0x00, 0x00, 0x00, 0x00, 0x00, 0x00, 0x00, 0x00, 0x00, 0x00, 0x00,
	0x00, 0x00, 0x00, 0x00, 0x00, 0x00, 0x00, 0x00, 0x00, 0x00, 0x00, 0x00,
	0x01, 0x00, 0x00, 0x00, 0xE8, 0x4C, 0x01, 0x00, 0x00, 0x00, 0x00, 0x00,
	0x00, 0x00, 0x00, 0x00, 0xF8, 0x4C, 0x01, 0x00, 0x00, 0x00, 0x00, 0x00,
	0x00, 0x00, 0x00, 0x00, 0x00, 0x00, 0x00, 0x00, 0x20, 0xA8, 0x01, 0x00,
	0x00, 0x00, 0x00, 0x00, 0x00, 0x00, 0x00, 0x00, 0xFF, 0xFF, 0xFF, 0xFF,
	0x00, 0x00, 0x00, 0x00, 0x40, 0x00, 0x00, 0x00, 0xD0, 0x4C, 0x01, 0x00,
	0x00, 0x00, 0x00, 0x00, 0x00, 0x00, 0x00, 0x00, 0x00, 0x00, 0x00, 0x00,
	0x18, 0xA4, 0x01, 0x00, 0x01, 0x00, 0x00, 0x00, 0x00, 0x00, 0x00, 0x00,
	0xFF, 0xFF, 0xFF, 0xFF, 0x00, 0x00, 0x00, 0x00, 0x40, 0x00, 0x00, 0x00,
	0x60, 0x56, 0x01, 0x00, 0x00, 0x00, 0x00, 0x00, 0x00, 0x00, 0x00, 0x00,
	0x00, 0x00, 0x00, 0x00, 0x00, 0x00, 0x00, 0x00, 0x00, 0x00, 0x00, 0x00,
	0x03, 0x00, 0x00, 0x00, 0xE8, 0x59, 0x01, 0x00, 0x00, 0x00, 0x00, 0x00,
	0x00, 0x00, 0x00, 0x00, 0x01, 0x00, 0x00, 0x00, 0x00, 0x00, 0x00, 0x00,
	0x00, 0x00, 0x00, 0x00, 0xD0, 0xB0, 0x01, 0x00, 0x38, 0x5B, 0x01, 0x00,
	0x60, 0x4D, 0x01, 0x00, 0x00, 0x00, 0x00, 0x00, 0x00, 0x00, 0x00, 0x00,
	0x00, 0x00, 0x00, 0x00, 0x00, 0x00, 0x00, 0x00, 0x10, 0xAF, 0x01, 0x00,
	0x01, 0x00, 0x00, 0x00, 0x00, 0x00, 0x00, 0x00, 0xFF, 0xFF, 0xFF, 0xFF,
	0x00, 0x00, 0x00, 0x00, 0x40, 0x00, 0x00, 0x00, 0xA8, 0x57, 0x01, 0x00,
	0x00, 0x00, 0x00, 0x00, 0x00, 0x00, 0x00, 0x00, 0x00, 0x00, 0x00, 0x00,
	0x30, 0xA9, 0x01, 0x00, 0x01, 0x00, 0x00, 0x00, 0x00, 0x00, 0x00, 0x00,
	0xFF, 0xFF, 0xFF, 0xFF, 0x00, 0x00, 0x00, 0x00, 0x40, 0x00, 0x00, 0x00,
	0x08, 0x52, 0x01, 0x00, 0x00, 0x00, 0x00, 0x00, 0x00, 0x00, 0x00, 0x00,
	0x00, 0x00, 0x00, 0x00, 0x01, 0x00, 0x00, 0x00, 0x00, 0x00, 0x00, 0x00,
	0x00, 0x00, 0x00, 0x00, 0xC0, 0xA7, 0x01, 0x00, 0xE8, 0x56, 0x01, 0x00,
	0xD8, 0x4D, 0x01, 0x00, 0x00, 0x00, 0x00, 0x00, 0x00, 0x00, 0x00, 0x00,
	0x00, 0x00, 0x00, 0x00, 0x00, 0x00, 0x00, 0x00, 0x50, 0x55, 0x01, 0x00,
	0x08, 0x5A, 0x01, 0x00, 0x00, 0x00, 0x00, 0x00, 0x00, 0x00, 0x00, 0x00,
	0x00, 0x00, 0x00, 0x00, 0x00, 0x00, 0x00, 0x00, 0xB0, 0x4D, 0x01, 0x00,
	0x00, 0x50, 0x01, 0x00, 0x00, 0x00, 0x00, 0x00, 0x00, 0x00, 0x00, 0x00,
	0x00, 0x00, 0x00, 0x00, 0x00, 0x00, 0x00, 0x00, 0xE0, 0x5B, 0x01, 0x00,
	0xD8, 0x52, 0x01, 0x00, 0x20, 0x52, 0x01, 0x00, 0x00, 0x00, 0x00, 0x00,
	0x00, 0x00, 0x00, 0x00, 0x00, 0x00, 0x00, 0x00, 0x00, 0x00, 0x00, 0x00,
	0x00, 0x00, 0x00, 0x00, 0xF0, 0xA9, 0x01, 0x00, 0x01, 0x00, 0x00, 0x00,
	0x00, 0x00, 0x00, 0x00, 0xFF, 0xFF, 0xFF, 0xFF, 0x00, 0x00, 0x00, 0x00,
	0x40, 0x00, 0x00, 0x00, 0x68, 0x5D, 0x01, 0x00, 0x00, 0x00, 0x00, 0x00,
	0x00, 0x00, 0x00, 0x00, 0x00, 0x00, 0x00, 0x00, 0x01, 0x00, 0x00, 0x00,
	0x00, 0x00, 0x00, 0x00, 0x00, 0x00, 0x00, 0x00, 0x90, 0xB4, 0x01, 0x00,
	0xE8, 0x5C, 0x01, 0x00, 0x78, 0x4E, 0x01, 0x00, 0x00, 0x00, 0x00, 0x00,
	0x00, 0x00, 0x00, 0x00, 0x00, 0x00, 0x00, 0x00, 0x00, 0x00, 0x00, 0x00,
	0x01, 0x00, 0x00, 0x00, 0x00, 0x00, 0x00, 0x00, 0x00, 0x00, 0x00, 0x00,
	0xA0, 0xB7, 0x01, 0x00, 0xE0, 0x4E, 0x01, 0x00, 0xA0, 0x4E, 0x01, 0x00,
	0x00, 0x00, 0x00, 0x00, 0x00, 0x00, 0x00, 0x00, 0x00, 0x00, 0x00, 0x00,
	0x00, 0x00, 0x00, 0x00, 0xD8, 0x58, 0x01, 0x00, 0x08, 0x5A, 0x01, 0x00,
	0x00, 0x00, 0x00, 0x00, 0x00, 0x00, 0x00, 0x00, 0x00, 0x00, 0x00, 0x00,
	0x00, 0x00, 0x00, 0x00, 0x00, 0x00, 0x00, 0x00, 0x00, 0x00, 0x00, 0x00,
	0x03, 0x00, 0x00, 0x00, 0x80, 0x51, 0x01, 0x00, 0x00, 0x00, 0x00, 0x00,
	0x00, 0x00, 0x00, 0x00, 0x78, 0x5B, 0x01, 0x00, 0x00, 0x00, 0x00, 0x00,
	0x00, 0x00, 0x00, 0x00, 0x00, 0x00, 0x00, 0x00, 0x00, 0x00, 0x00, 0x00,
	0x00, 0x00, 0x00, 0x00, 0x02, 0x00, 0x00, 0x00, 0x68, 0x57, 0x01, 0x00,
	0x00, 0x00, 0x00, 0x00, 0x00, 0x00, 0x00, 0x00, 0x90, 0xAD, 0x01, 0x00,
	0x01, 0x00, 0x00, 0x00, 0x00, 0x00, 0x00, 0x00, 0xFF, 0xFF, 0xFF, 0xFF,
	0x00, 0x00, 0x00, 0x00, 0x40, 0x00, 0x00, 0x00, 0x90, 0x5A, 0x01, 0x00,
	0x00, 0x00, 0x00, 0x00, 0x00, 0x00, 0x00, 0x00, 0x00, 0x00, 0x00, 0x00,
	0x01, 0x00, 0x00, 0x00, 0x00, 0x00, 0x00, 0x00, 0x00, 0x00, 0x00, 0x00,
	0x90, 0xAD, 0x01, 0x00, 0x90, 0x5A, 0x01, 0x00, 0x48, 0x4F, 0x01, 0x00,
	0x00, 0x00, 0x00, 0x00, 0x00, 0x00, 0x00, 0x00, 0x00, 0x00, 0x00, 0x00,
	0x00, 0x00, 0x00, 0x00, 0x00, 0x00, 0x00, 0x00, 0x00, 0x00, 0x00, 0x00,
	0x01, 0x00, 0x00, 0x00, 0xD8, 0x54, 0x01, 0x00, 0x00, 0x00, 0x00, 0x00,
	0x00, 0x00, 0x00, 0x00, 0x01, 0x00, 0x00, 0x00, 0x00, 0x00, 0x00, 0x00,
	0x00, 0x00, 0x00, 0x00, 0xB0, 0xA0, 0x01, 0x00, 0x50, 0x5D, 0x01, 0x00,
	0x88, 0x4F, 0x01, 0x00, 0x00, 0x00, 0x00, 0x00, 0x00, 0x00, 0x00, 0x00,
	0x00, 0x00, 0x00, 0x00, 0x00, 0x00, 0x00, 0x00, 0x01, 0x00, 0x00, 0x00,
	0x00, 0x00, 0x00, 0x00, 0x00, 0x00, 0x00, 0x00, 0xD0, 0xAE, 0x01, 0x00,
	0xC0, 0x54, 0x01, 0x00, 0xB0, 0x4F, 0x01, 0x00, 0x00, 0x00, 0x00, 0x00,
	0x00, 0x00, 0x00, 0x00, 0x00, 0x00, 0x00, 0x00, 0x00, 0x00, 0x00, 0x00,
	0x90, 0xB4, 0x01, 0x00, 0x01, 0x00, 0x00, 0x00, 0x00, 0x00, 0x00, 0x00,
	0xFF, 0xFF, 0xFF, 0xFF, 0x00, 0x00, 0x00, 0x00, 0x40, 0x00, 0x00, 0x00,
	0xE8, 0x5C, 0x01, 0x00, 0x00, 0x00, 0x00, 0x00, 0x00, 0x00, 0x00, 0x00,
	0x00, 0x00, 0x00, 0x00, 0x88, 0xB2, 0x01, 0x00, 0x00, 0x00, 0x00, 0x00,
	0x00, 0x00, 0x00, 0x00, 0xFF, 0xFF, 0xFF, 0xFF, 0x00, 0x00, 0x00, 0x00,
	0x40, 0x00, 0x00, 0x00, 0x60, 0x5A, 0x01, 0x00, 0x00, 0x00, 0x00, 0x00,
	0x00, 0x00, 0x00, 0x00, 0x00, 0x00, 0x00, 0x00, 0x01, 0x00, 0x00, 0x00,
	0x00, 0x00, 0x00, 0x00, 0x00, 0x00, 0x00, 0x00, 0x50, 0xAC, 0x01, 0x00,
	0x60, 0x58, 0x01, 0x00, 0x28, 0x50, 0x01, 0x00, 0x00, 0x00, 0x00, 0x00,
	0x00, 0x00, 0x00, 0x00, 0x00, 0x00, 0x00, 0x00, 0x00, 0x00, 0x00, 0x00,
	0x01, 0x00, 0x00, 0x00, 0x00, 0x00, 0x00, 0x00, 0x00, 0x00, 0x00, 0x00,
	0x10, 0xAF, 0x01, 0x00, 0xA8, 0x57, 0x01, 0x00, 0x50, 0x50, 0x01, 0x00,
	0x00, 0x00, 0x00, 0x00, 0x00, 0x00, 0x00, 0x00, 0x00, 0x00, 0x00, 0x00,
	0x00, 0x00, 0x00, 0x00, 0x00, 0x00, 0x00, 0x00, 0x00, 0x00, 0x00, 0x00,
	0x02, 0x00, 0x00, 0x00, 0x78, 0x56, 0x01, 0x00, 0x00, 0x00, 0x00, 0x00,
	0x00, 0x00, 0x00, 0x00, 0xA0, 0xB0, 0x01, 0x00, 0x02, 0x00, 0x00, 0x00,
	0x00, 0x00, 0x00, 0x00, 0xFF, 0xFF, 0xFF, 0xFF, 0x00, 0x00, 0x00, 0x00,
	0x40, 0x00, 0x00, 0x00, 0x10, 0x55, 0x01, 0x00, 0x00, 0x00, 0x00, 0x00,
	0x00, 0x00, 0x00, 0x00, 0x00, 0x00, 0x00, 0x00, 0xD8, 0x52, 0x01, 0x00,
	0x20, 0x52, 0x01, 0x00, 0x00, 0x00, 0x00, 0x00, 0x00, 0x00, 0x00, 0x00,
	0x00, 0x00, 0x00, 0x00, 0x00, 0x00, 0x00, 0x00, 0x70, 0x52, 0x01, 0x00,
	0x20, 0x4D, 0x01, 0x00, 0x20, 0x52, 0x01, 0x00, 0x00, 0x00, 0x00, 0x00,
	0x00, 0x00, 0x00, 0x00, 0x00, 0x00, 0x00, 0x00, 0x00, 0x00, 0x00, 0x00,
	0x00, 0x00, 0x00, 0x00, 0x98, 0x52, 0x01, 0x00, 0xA8, 0x56, 0x01, 0x00,
	0x00, 0x00, 0x00, 0x00, 0x00, 0x00, 0x00, 0x00, 0x00, 0x00, 0x00, 0x00,
	0x00, 0x00, 0x00, 0x00, 0x50, 0xAC, 0x01, 0x00, 0x01, 0x00, 0x00, 0x00,
	0x00, 0x00, 0x00, 0x00, 0xFF, 0xFF, 0xFF, 0xFF, 0x00, 0x00, 0x00, 0x00,
	0x40, 0x00, 0x00, 0x00, 0x60, 0x58, 0x01, 0x00, 0x00, 0x00, 0x00, 0x00,
	0x00, 0x00, 0x00, 0x00, 0x00, 0x00, 0x00, 0x00, 0x40, 0xB5, 0x01, 0x00,
	0x00, 0x00, 0x00, 0x00, 0x00, 0x00, 0x00, 0x00, 0xFF, 0xFF, 0xFF, 0xFF,
	0x00, 0x00, 0x00, 0x00, 0x40, 0x00, 0x00, 0x00, 0x00, 0x57, 0x01, 0x00,
	0x00, 0x00, 0x00, 0x00, 0x00, 0x00, 0x00, 0x00, 0x00, 0x00, 0x00, 0x00,
	0xB0, 0xA0, 0x01, 0x00, 0x01, 0x00, 0x00, 0x00, 0x00, 0x00, 0x00, 0x00,
	0xFF, 0xFF, 0xFF, 0xFF, 0x00, 0x00, 0x00, 0x00, 0x40, 0x00, 0x00, 0x00,
	0x50, 0x5D, 0x01, 0x00, 0x00, 0x00, 0x00, 0x00, 0x00, 0x00, 0x00, 0x00,
	0x00, 0x00, 0x00, 0x00, 0xB0, 0x58, 0x01, 0x00, 0x70, 0x54, 0x01, 0x00,
	0x00, 0x53, 0x01, 0x00, 0x00, 0x00, 0x00, 0x00, 0x00, 0x00, 0x00, 0x00,
	0x00, 0x00, 0x00, 0x00, 0x00, 0x00, 0x00, 0x00, 0x00, 0x00, 0x00, 0x00,
	0x00, 0x00, 0x00, 0x00, 0x00, 0x00, 0x00, 0x00, 0x02, 0x00, 0x00, 0x00,
	0xF0, 0x50, 0x01, 0x00, 0x00, 0x00, 0x00, 0x00, 0x00, 0x00, 0x00, 0x00,
	0x01, 0x00, 0x00, 0x00, 0x00, 0x00, 0x00, 0x00, 0x00, 0x00, 0x00, 0x00,
	0x10, 0xB1, 0x01, 0x00, 0x48, 0x4D, 0x01, 0x00, 0xB8, 0x51, 0x01, 0x00,
	0x00, 0x00, 0x00, 0x00, 0x00, 0x00, 0x00, 0x00, 0x00, 0x00, 0x00, 0x00,
	0x00, 0x00, 0x00, 0x00, 0x01, 0x00, 0x00, 0x00, 0x00, 0x00, 0x00, 0x00,
	0x00, 0x00, 0x00, 0x00, 0xB8, 0xA9, 0x01, 0x00, 0xA8, 0x5D, 0x01, 0x00,
	0xE0, 0x51, 0x01, 0x00, 0x00, 0x00, 0x00, 0x00, 0x00, 0x00, 0x00, 0x00,
	0x00, 0x00, 0x00, 0x00, 0x00, 0x00, 0x00, 0x00, 0x00, 0x00, 0x00, 0x00,
	0x00, 0x00, 0x00, 0x00, 0x02, 0x00, 0x00, 0x00, 0x18, 0x4E, 0x01, 0x00,
	0x00, 0x00, 0x00, 0x00, 0x00, 0x00, 0x00, 0x00, 0xC0, 0xA7, 0x01, 0x00,
	0x00, 0x00, 0x00, 0x00, 0x00, 0x00, 0x00, 0x00, 0xFF, 0xFF, 0xFF, 0xFF,
	0x00, 0x00, 0x00, 0x00, 0x40, 0x00, 0x00, 0x00, 0xE8, 0x56, 0x01, 0x00,
	0x00, 0x00, 0x00, 0x00, 0x00, 0x00, 0x00, 0x00, 0x00, 0x00, 0x00, 0x00,
	0x01, 0x00, 0x00, 0x00, 0x00, 0x00, 0x00, 0x00, 0x00, 0x00, 0x00, 0x00,
	0xF0, 0xA8, 0x01, 0x00, 0x08, 0x4F, 0x01, 0x00, 0x48, 0x52, 0x01, 0x00,
	0x00, 0x00, 0x00, 0x00, 0x00, 0x00, 0x00, 0x00, 0x00, 0x00, 0x00, 0x00,
	0x00, 0x00, 0x00, 0x00, 0x40, 0xA4, 0x01, 0x00, 0x02, 0x00, 0x00, 0x00,
	0x00, 0x00, 0x00, 0x00, 0xFF, 0xFF, 0xFF, 0xFF, 0x00, 0x00, 0x00, 0x00,
	0x40, 0x00, 0x00, 0x00, 0x98, 0x58, 0x01, 0x00, 0x00, 0x00, 0x00, 0x00,
	0x00, 0x00, 0x00, 0x00, 0x00, 0x00, 0x00, 0x00, 0xD0, 0xB8, 0x01, 0x00,
	0x01, 0x00, 0x00, 0x00, 0x00, 0x00, 0x00, 0x00, 0xFF, 0xFF, 0xFF, 0xFF,
	0x00, 0x00, 0x00, 0x00, 0x40, 0x00, 0x00, 0x00, 0xA0, 0x51, 0x01, 0x00,
	0x00, 0x00, 0x00, 0x00, 0x00, 0x00, 0x00, 0x00, 0x00, 0x00, 0x00, 0x00,
	0x00, 0x00, 0x00, 0x00, 0x00, 0x00, 0x00, 0x00, 0x01, 0x00, 0x00, 0x00,
	0x28, 0x56, 0x01, 0x00, 0x00, 0x00, 0x00, 0x00, 0x00, 0x00, 0x00, 0x00,
	0xB0, 0xA2, 0x01, 0x00, 0x01, 0x00, 0x00, 0x00, 0x00, 0x00, 0x00, 0x00,
	0xFF, 0xFF, 0xFF, 0xFF, 0x00, 0x00, 0x00, 0x00, 0x40, 0x00, 0x00, 0x00,
	0x48, 0x5A, 0x01, 0x00, 0x00, 0x00, 0x00, 0x00, 0x00, 0x00, 0x00, 0x00,
	0x00, 0x00, 0x00, 0x00, 0xD0, 0xB0, 0x01, 0x00, 0x00, 0x00, 0x00, 0x00,
	0x00, 0x00, 0x00, 0x00, 0xFF, 0xFF, 0xFF, 0xFF, 0x00, 0x00, 0x00, 0x00,
	0x40, 0x00, 0x00, 0x00, 0x38, 0x5B, 0x01, 0x00, 0x00, 0x00, 0x00, 0x00,
	0x00, 0x00, 0x00, 0x00, 0x00, 0x00, 0x00, 0x00, 0x01, 0x00, 0x00, 0x00,
	0x00, 0x00, 0x00, 0x00, 0x00, 0x00, 0x00, 0x00, 0x00, 0xB0, 0x01, 0x00,
	0xD0, 0x5C, 0x01, 0x00, 0x28, 0x53, 0x01, 0x00, 0x00, 0x00, 0x00, 0x00,
	0x00, 0x00, 0x00, 0x00, 0x00, 0x00, 0x00, 0x00, 0x00, 0x00, 0x00, 0x00,
	0x20, 0x4D, 0x01, 0x00, 0x20, 0x52, 0x01, 0x00, 0x00, 0x00, 0x00, 0x00,
	0x00, 0x00, 0x00, 0x00, 0x00, 0x00, 0x00, 0x00, 0x00, 0x00, 0x00, 0x00,
	0x50, 0x4E, 0x01, 0x00, 0xA8, 0x56, 0x01, 0x00, 0x00, 0x00, 0x00, 0x00,
	0x00, 0x00, 0x00, 0x00, 0x00, 0x00, 0x00, 0x00, 0x00, 0x00, 0x00, 0x00,
	0x01, 0x00, 0x00, 0x00, 0x00, 0x00, 0x00, 0x00, 0x00, 0x00, 0x00, 0x00,
	0xC0, 0xB2, 0x01, 0x00, 0x28, 0x55, 0x01, 0x00, 0x80, 0x53, 0x01, 0x00,
	0x00, 0x00, 0x00, 0x00, 0x00, 0x00, 0x00, 0x00, 0x00, 0x00, 0x00, 0x00,
	0x00, 0x00, 0x00, 0x00, 0x01, 0x00, 0x00, 0x00, 0x00, 0x00, 0x00, 0x00,
	0x00, 0x00, 0x00, 0x00, 0xA8, 0xB9, 0x01, 0x00, 0x70, 0x4F, 0x01, 0x00,
	0xA8, 0x53, 0x01, 0x00, 0x00, 0x00, 0x00, 0x00, 0x00, 0x00, 0x00, 0x00,
	0x00, 0x00, 0x00, 0x00, 0x00, 0x00, 0x00, 0x00, 0xA8, 0x59, 0x01, 0x00,
	0x00, 0x50, 0x01, 0x00, 0x00, 0x00, 0x00, 0x00, 0x00, 0x00, 0x00, 0x00,
	0x00, 0x00, 0x00, 0x00, 0x00, 0x00, 0x00, 0x00, 0x00, 0x00, 0x00, 0x00,
	0x00, 0x00, 0x00, 0x00, 0x02, 0x00, 0x00, 0x00, 0x98, 0x54, 0x01, 0x00,
	0x00, 0x00, 0x00, 0x00, 0x00, 0x00, 0x00, 0x00, 0xF0, 0xA8, 0x01, 0x00,
	0x01, 0x00, 0x00, 0x00, 0x00, 0x00, 0x00, 0x00, 0xFF, 0xFF, 0xFF, 0xFF,
	0x00, 0x00, 0x00, 0x00, 0x40, 0x00, 0x00, 0x00, 0x08, 0x4F, 0x01, 0x00,
	0x00, 0x00, 0x00, 0x00, 0x00, 0x00, 0x00, 0x00, 0x00, 0x00, 0x00, 0x00,
	0x01, 0x00, 0x00, 0x00, 0x00, 0x00, 0x00, 0x00, 0x00, 0x00, 0x00, 0x00,
	0x68, 0xB7, 0x01, 0x00, 0xC8, 0x5B, 0x01, 0x00, 0x28, 0x54, 0x01, 0x00,
	0x00, 0x00, 0x00, 0x00, 0x00, 0x00, 0x00, 0x00, 0x00, 0x00, 0x00, 0x00,
	0x00, 0x00, 0x00, 0x00, 0x18, 0x5D, 0x01, 0x00, 0xD8, 0x58, 0x01, 0x00,
	0x08, 0x5A, 0x01, 0x00, 0x00, 0x00, 0x00, 0x00, 0x00, 0x00, 0x00, 0x00,
	0x00, 0x00, 0x00, 0x00, 0x00, 0x00, 0x00, 0x00, 0x00, 0x00, 0x00, 0x00,
	0x80, 0xB8, 0x01, 0x00, 0x01, 0x00, 0x00, 0x00, 0x00, 0x00, 0x00, 0x00,
	0xFF, 0xFF, 0xFF, 0xFF, 0x00, 0x00, 0x00, 0x00, 0x40, 0x00, 0x00, 0x00,
	0xE8, 0x5A, 0x01, 0x00, 0x00, 0x00, 0x00, 0x00, 0x00, 0x00, 0x00, 0x00,
	0x00, 0x00, 0x00, 0x00, 0x38, 0x56, 0x01, 0x00, 0xA8, 0x56, 0x01, 0x00,
	0x00, 0x00, 0x00, 0x00, 0x00, 0x00, 0x00, 0x00, 0x00, 0x00, 0x00, 0x00,
	0x00, 0x00, 0x00, 0x00, 0x20, 0x52, 0x01, 0x00, 0x00, 0x00, 0x00, 0x00,
	0x00, 0x00, 0x00, 0x00, 0x00, 0x00, 0x00, 0x00, 0x00, 0x00, 0x00, 0x00,
	0x00, 0x00, 0x00, 0x00, 0x02, 0x00, 0x00, 0x00, 0x30, 0x5A, 0x01, 0x00,
	0x00, 0x00, 0x00, 0x00, 0x00, 0x00, 0x00, 0x00, 0xC0, 0x57, 0x01, 0x00,
	0x00, 0x00, 0x00, 0x00, 0x00, 0x00, 0x00, 0x00, 0x00, 0x00, 0x00, 0x00,
	0x01, 0x00, 0x00, 0x00, 0x00, 0x00, 0x00, 0x00, 0x00, 0x00, 0x00, 0x00,
	0x30, 0xB4, 0x01, 0x00, 0x90, 0x56, 0x01, 0x00, 0xE8, 0x54, 0x01, 0x00,
	0x00, 0x00, 0x00, 0x00, 0x00, 0x00, 0x00, 0x00, 0x00, 0x00, 0x00, 0x00,
	0x00, 0x00, 0x00, 0x00, 0x00, 0x00, 0x00, 0x00, 0x00, 0x00, 0x00, 0x00,
	0x03, 0x00, 0x00, 0x00, 0x78, 0x58, 0x01, 0x00, 0x00, 0x00, 0x00, 0x00,
	0x00, 0x00, 0x00, 0x00, 0x00, 0x00, 0x00, 0x00, 0x00, 0x00, 0x00, 0x00,
	0x03, 0x00, 0x00, 0x00, 0x50, 0x54, 0x01, 0x00, 0x00, 0x00, 0x00, 0x00,
	0x00, 0x00, 0x00, 0x00, 0x80, 0x5D, 0x01, 0x00, 0x00, 0x00, 0x00, 0x00,
	0x00, 0x00, 0x00, 0x00, 0x00, 0x00, 0x00, 0x00, 0x90, 0xAA, 0x01, 0x00,
	0x01, 0x00, 0x00, 0x00, 0x00, 0x00, 0x00, 0x00, 0xFF, 0xFF, 0xFF, 0xFF,
	0x00, 0x00, 0x00, 0x00, 0x40, 0x00, 0x00, 0x00, 0xB8, 0x55, 0x01, 0x00,
	0x00, 0x00, 0x00, 0x00, 0x00, 0x00, 0x00, 0x00, 0x00, 0x00, 0x00, 0x00,
	0x01, 0x00, 0x00, 0x00, 0x00, 0x00, 0x00, 0x00, 0x00, 0x00, 0x00, 0x00,
	0x40, 0xA4, 0x01, 0x00, 0x98, 0x58, 0x01, 0x00, 0x78, 0x55, 0x01, 0x00,
	0x00, 0x00, 0x00, 0x00, 0x00, 0x00, 0x00, 0x00, 0x00, 0x00, 0x00, 0x00,
	0x00, 0x00, 0x00, 0x00, 0x58, 0x5C, 0x01, 0x00, 0xA8, 0x56, 0x01, 0x00,
	0x00, 0x00, 0x00, 0x00, 0x00, 0x00, 0x00, 0x00, 0x00, 0x00, 0x00, 0x00,
	0x00, 0x00, 0x00, 0x00, 0x00, 0x00, 0x00, 0x00, 0x00, 0x00, 0x00, 0x00,
	0x02, 0x00, 0x00, 0x00, 0x00, 0x4E, 0x01, 0x00, 0x00, 0x00, 0x00, 0x00,
	0x00, 0x00, 0x00, 0x00, 0x18, 0x59, 0x01, 0x00, 0x78, 0x5B, 0x01, 0x00,
	0x00, 0x00, 0x00, 0x00, 0x00, 0x00, 0x00, 0x00, 0x00, 0x00, 0x00, 0x00,
	0x00, 0x00, 0x00, 0x00, 0xD8, 0x4F, 0x01, 0x00, 0x30, 0x51, 0x01, 0x00,
	0x00, 0x00, 0x00, 0x00, 0x00, 0x00, 0x00, 0x00, 0x00, 0x00, 0x00, 0x00,
	0x00, 0x00, 0x00, 0x00, 0x00, 0x00, 0x00, 0x00, 0x00, 0x00, 0x00, 0x00,
	0x01, 0x00, 0x00, 0x00, 0x18, 0x56, 0x01, 0x00, 0x00, 0x00, 0x00, 0x00,
	0x00, 0x00, 0x00, 0x00, 0x08, 0x5A, 0x01, 0x00, 0x00, 0x00, 0x00, 0x00,
	0x00, 0x00, 0x00, 0x00, 0x00, 0x00, 0x00, 0x00, 0xA8, 0x56, 0x01, 0x00,
	0x00, 0x00, 0x00, 0x00, 0x00, 0x00, 0x00, 0x00, 0x00, 0x00, 0x00, 0x00,
	0x40, 0xA8, 0x01, 0x00, 0x01, 0x00, 0x00, 0x00, 0x00, 0x00, 0x00, 0x00,
	0xFF, 0xFF, 0xFF, 0xFF, 0x00, 0x00, 0x00, 0x00, 0x40, 0x00, 0x00, 0x00,
	0xE8, 0x53, 0x01, 0x00, 0x00, 0x00, 0x00, 0x00, 0x00, 0x00, 0x00, 0x00,
	0x00, 0x00, 0x00, 0x00, 0x00, 0x00, 0x00, 0x00, 0x00, 0x00, 0x00, 0x00,
	0x02, 0x00, 0x00, 0x00, 0x50, 0x53, 0x01, 0x00, 0x00, 0x00, 0x00, 0x00,
	0x00, 0x00, 0x00, 0x00, 0x38, 0x58, 0x01, 0x00, 0x20, 0x52, 0x01, 0x00,
	0x00, 0x00, 0x00, 0x00, 0x00, 0x00, 0x00, 0x00, 0x00, 0x00, 0x00, 0x00,
	0x00, 0x00, 0x00, 0x00, 0x00, 0x00, 0x00, 0x00, 0x00, 0x00, 0x00, 0x00,
	0x02, 0x00, 0x00, 0x00, 0xD0, 0x53, 0x01, 0x00, 0x00, 0x00, 0x00, 0x00,
	0x00, 0x00, 0x00, 0x00, 0xD0, 0xAF, 0x01, 0x00, 0x00, 0x00, 0x00, 0x00,
	0x00, 0x00, 0x00, 0x00, 0xFF, 0xFF, 0xFF, 0xFF, 0x00, 0x00, 0x00, 0x00,
	0x40, 0x00, 0x00, 0x00, 0xC0, 0x52, 0x01, 0x00, 0x00, 0x00, 0x00, 0x00,
	0x00, 0x00, 0x00, 0x00, 0x00, 0x00, 0x00, 0x00, 0x70, 0x54, 0x01, 0x00,
	0x00, 0x53, 0x01, 0x00, 0x00, 0x00, 0x00, 0x00, 0x00, 0x00, 0x00, 0x00,
	0x00, 0x00, 0x00, 0x00, 0x00, 0x00, 0x00, 0x00, 0x00, 0x00, 0x00, 0x00,
	0x00, 0x00, 0x00, 0x00, 0x01, 0x00, 0x00, 0x00, 0xB0, 0x54, 0x01, 0x00,
	0x00, 0x00, 0x00, 0x00, 0x00, 0x00, 0x00, 0x00, 0x00, 0x00, 0x00, 0x00,
	0x00, 0x00, 0x00, 0x00, 0x01, 0x00, 0x00, 0x00, 0x40, 0x5D, 0x01, 0x00,
	0x00, 0x00, 0x00, 0x00, 0x00, 0x00, 0x00, 0x00, 0x01, 0x00, 0x00, 0x00,
	0x00, 0x00, 0x00, 0x00, 0x00, 0x00, 0x00, 0x00, 0x30, 0xA9, 0x01, 0x00,
	0x08, 0x52, 0x01, 0x00, 0x18, 0x57, 0x01, 0x00, 0x00, 0x00, 0x00, 0x00,
	0x00, 0x00, 0x00, 0x00, 0x00, 0x00, 0x00, 0x00, 0x00, 0x00, 0x00, 0x00,
	0x01, 0x00, 0x00, 0x00, 0x00, 0x00, 0x00, 0x00, 0x00, 0x00, 0x00, 0x00,
	0x18, 0xA4, 0x01, 0x00, 0x60, 0x56, 0x01, 0x00, 0x40, 0x57, 0x01, 0x00,
	0x00, 0x00, 0x00, 0x00, 0x00, 0x00, 0x00, 0x00, 0x00, 0x00, 0x00, 0x00,
	0x00, 0x00, 0x00, 0x00, 0x00, 0x54, 0x01, 0x00, 0x80, 0x5D, 0x01, 0x00,
	0x00, 0x00, 0x00, 0x00, 0x00, 0x00, 0x00, 0x00, 0x00, 0x00, 0x00, 0x00,
	0x00, 0x00, 0x00, 0x00, 0x01, 0x00, 0x00, 0x00, 0x00, 0x00, 0x00, 0x00,
	0x00, 0x00, 0x00, 0x00, 0xF8, 0xA6, 0x01, 0x00, 0x78, 0x50, 0x01, 0x00,
	0x80, 0x57, 0x01, 0x00, 0x00, 0x00, 0x00, 0x00, 0x00, 0x00, 0x00, 0x00,
	0x00, 0x00, 0x00, 0x00, 0x00, 0x00, 0x00, 0x00, 0x00, 0x00, 0x00, 0x00,
	0x00, 0x00, 0x00, 0x00, 0x02, 0x00, 0x00, 0x00, 0x78, 0x5A, 0x01, 0x00,
	0x00, 0x00, 0x00, 0x00, 0x00, 0x00, 0x00, 0x00, 0xA8, 0xB9, 0x01, 0x00,
	0x00, 0x00, 0x00, 0x00, 0x00, 0x00, 0x00, 0x00, 0xFF, 0xFF, 0xFF, 0xFF,
	0x00, 0x00, 0x00, 0x00, 0x40, 0x00, 0x00, 0x00, 0x70, 0x4F, 0x01, 0x00,
	0x00, 0x00, 0x00, 0x00, 0x00, 0x00, 0x00, 0x00, 0x00, 0x00, 0x00, 0x00,
	0x01, 0x00, 0x00, 0x00, 0x00, 0x00, 0x00, 0x00, 0x00, 0x00, 0x00, 0x00,
	0x40, 0xA8, 0x01, 0x00, 0xE8, 0x53, 0x01, 0x00, 0xE8, 0x57, 0x01, 0x00,
	0x00, 0x00, 0x00, 0x00, 0x00, 0x00, 0x00, 0x00, 0x00, 0x00, 0x00, 0x00,
	0x00, 0x00, 0x00, 0x00, 0xD0, 0xAE, 0x01, 0x00, 0x01, 0x00, 0x00, 0x00,
	0x00, 0x00, 0x00, 0x00, 0xFF, 0xFF, 0xFF, 0xFF, 0x00, 0x00, 0x00, 0x00,
	0x40, 0x00, 0x00, 0x00, 0xC0, 0x54, 0x01, 0x00, 0x00, 0x00, 0x00, 0x00,
	0x00, 0x00, 0x00, 0x00, 0x00, 0x00, 0x00, 0x00, 0xF8, 0xA6, 0x01, 0x00,
	0x01, 0x00, 0x00, 0x00, 0x00, 0x00, 0x00, 0x00, 0xFF, 0xFF, 0xFF, 0xFF,
	0x00, 0x00, 0x00, 0x00, 0x40, 0x00, 0x00, 0x00, 0x78, 0x50, 0x01, 0x00,
	0x00, 0x00, 0x00, 0x00, 0x00, 0x00, 0x00, 0x00, 0x00, 0x00, 0x00, 0x00,
	0x00, 0x00, 0x00, 0x00, 0x00, 0x00, 0x00, 0x00, 0x02, 0x00, 0x00, 0x00,
	0x00, 0x5D, 0x01, 0x00, 0x00, 0x00, 0x00, 0x00, 0x00, 0x00, 0x00, 0x00,
	0x90, 0x50, 0x01, 0x00, 0x18, 0x59, 0x01, 0x00, 0x78, 0x5B, 0x01, 0x00,
	0x00, 0x00, 0x00, 0x00, 0x00, 0x00, 0x00, 0x00, 0x00, 0x00, 0x00, 0x00,
	0x00, 0x00, 0x00, 0x00, 0x00, 0x00, 0x00, 0x00, 0x00, 0x00, 0x00, 0x00,
	0x00, 0x00, 0x00, 0x00, 0x03, 0x00, 0x00, 0x00, 0xD0, 0x50, 0x01, 0x00,
	0x00, 0x00, 0x00, 0x00, 0x00, 0x00, 0x00, 0x00, 0xA0, 0xB7, 0x01, 0x00,
	0x02, 0x00, 0x00, 0x00, 0x00, 0x00, 0x00, 0x00, 0xFF, 0xFF, 0xFF, 0xFF,
	0x00, 0x00, 0x00, 0x00, 0x40, 0x00, 0x00, 0x00, 0xE0, 0x4E, 0x01, 0x00,
	0x00, 0x00, 0x00, 0x00, 0x00, 0x00, 0x00, 0x00, 0x00, 0x00, 0x00, 0x00,
	0x70, 0xB5, 0x01, 0x00, 0x01, 0x00, 0x00, 0x00, 0x00, 0x00, 0x00, 0x00,
	0xFF, 0xFF, 0xFF, 0xFF, 0x00, 0x00, 0x00, 0x00, 0x40, 0x00, 0x00, 0x00,
	0x30, 0x5C, 0x01, 0x00, 0x00, 0x00, 0x00, 0x00, 0x00, 0x00, 0x00, 0x00,
	0x00, 0x00, 0x00, 0x00, 0x20, 0x4F, 0x01, 0x00, 0xA8, 0x56, 0x01, 0x00,
	0x00, 0x00, 0x00, 0x00, 0x00, 0x00, 0x00, 0x00, 0x00, 0x00, 0x00, 0x00,
	0x00, 0x00, 0x00, 0x00, 0x68, 0xB7, 0x01, 0x00, 0x01, 0x00, 0x00, 0x00,
	0x00, 0x00, 0x00, 0x00, 0xFF, 0xFF, 0xFF, 0xFF, 0x00, 0x00, 0x00, 0x00,
	0x40, 0x00, 0x00, 0x00, 0xC8, 0x5B, 0x01, 0x00, 0x00, 0x00, 0x00, 0x00,
	0x00, 0x00, 0x00, 0x00, 0x00, 0x00, 0x00, 0x00, 0x00, 0x00, 0x00, 0x00,
	0x00, 0x00, 0x00, 0x00, 0x01, 0x00, 0x00, 0x00, 0x40, 0x55, 0x01, 0x00,
	0x00, 0x00, 0x00, 0x00, 0x00, 0x00, 0x00, 0x00, 0x01, 0x00, 0x00, 0x00,
	0x00, 0x00, 0x00, 0x00, 0x00, 0x00, 0x00, 0x00, 0xB0, 0xA2, 0x01, 0x00,
	0x48, 0x5A, 0x01, 0x00, 0x58, 0x59, 0x01, 0x00, 0x00, 0x00, 0x00, 0x00,
	0x00, 0x00, 0x00, 0x00, 0x00, 0x00, 0x00, 0x00, 0x00, 0x00, 0x00, 0x00,
	0x01, 0x00, 0x00, 0x00, 0x00, 0x00, 0x00, 0x00, 0x00, 0x00, 0x00, 0x00,
	0xA0, 0xB0, 0x01, 0x00, 0x10, 0x55, 0x01, 0x00, 0x80, 0x59, 0x01, 0x00,
	0x00, 0x00, 0x00, 0x00, 0x00, 0x00, 0x00, 0x00, 0x00, 0x00, 0x00, 0x00,
	0x00, 0x00, 0x00, 0x00, 0x30, 0xB4, 0x01, 0x00, 0x01, 0x00, 0x00, 0x00,
	0x00, 0x00, 0x00, 0x00, 0xFF, 0xFF, 0xFF, 0xFF, 0x00, 0x00, 0x00, 0x00,
	0x40, 0x00, 0x00, 0x00, 0x90, 0x56, 0x01, 0x00, 0x00, 0x00, 0x00, 0x00,
	0x00, 0x00, 0x00, 0x00, 0x00, 0x00, 0x00, 0x00, 0x00, 0x00, 0x00, 0x00,
	0x00, 0x00, 0x00, 0x00, 0x03, 0x00, 0x00, 0x00, 0x30, 0x4E, 0x01, 0x00,
	0x00, 0x00, 0x00, 0x00, 0x00, 0x00, 0x00, 0x00, 0x80, 0x5C, 0x01, 0x00,
	0x50, 0x55, 0x01, 0x00, 0x08, 0x5A, 0x01, 0x00, 0x00, 0x00, 0x00, 0x00,
	0x00, 0x00, 0x00, 0x00, 0x00, 0x00, 0x00, 0x00, 0x00, 0x00, 0x00, 0x00,
	0x00, 0x00, 0x00, 0x00, 0x28, 0xB7, 0x01, 0x00, 0x00, 0x00, 0x00, 0x00,
	0x00, 0x00, 0x00, 0x00, 0xFF, 0xFF, 0xFF, 0xFF, 0x00, 0x00, 0x00, 0x00,
	0x40, 0x00, 0x00, 0x00, 0x00, 0x56, 0x01, 0x00, 0x00, 0x00, 0x00, 0x00,
	0x00, 0x00, 0x00, 0x00, 0x00, 0x00, 0x00, 0x00, 0x10, 0x58, 0x01, 0x00,
	0xC0, 0x57, 0x01, 0x00, 0x00, 0x00, 0x00, 0x00, 0x00, 0x00, 0x00, 0x00,
	0x00, 0x00, 0x00, 0x00, 0x00, 0x00, 0x00, 0x00, 0x00, 0x00, 0x00, 0x00,
	0x00, 0x00, 0x00, 0x00, 0x02, 0x00, 0x00, 0x00, 0xB8, 0x50, 0x01, 0x00,
	0x00, 0x00, 0x00, 0x00, 0x00, 0x00, 0x00, 0x00, 0x00, 0x00, 0x00, 0x00,
	0x00, 0x00, 0x00, 0x00, 0x01, 0x00, 0x00, 0x00, 0x28, 0x5B, 0x01, 0x00,
	0x00, 0x00, 0x00, 0x00, 0x00, 0x00, 0x00, 0x00, 0x88, 0x4D, 0x01, 0x00,
	0xA8, 0x56, 0x01, 0x00, 0x00, 0x00, 0x00, 0x00, 0x00, 0x00, 0x00, 0x00,
	0x00, 0x00, 0x00, 0x00, 0x00, 0x00, 0x00, 0x00, 0x00, 0x00, 0x00, 0x00,
	0x00, 0x00, 0x00, 0x00, 0x02, 0x00, 0x00, 0x00, 0x00, 0x59, 0x01, 0x00,
	0x00, 0x00, 0x00, 0x00, 0x00, 0x00, 0x00, 0x00, 0x58, 0x51, 0x01, 0x00,
	0x20, 0x52, 0x01, 0x00, 0x00, 0x00, 0x00, 0x00, 0x00, 0x00, 0x00, 0x00,
	0x00, 0x00, 0x00, 0x00, 0x00, 0x00, 0x00, 0x00, 0x01, 0x00, 0x00, 0x00,
	0x00, 0x00, 0x00, 0x00, 0x00, 0x00, 0x00, 0x00, 0xE8, 0xA7, 0x01, 0x00,
	0xD0, 0x59, 0x01, 0x00, 0xC0, 0x5A, 0x01, 0x00, 0x00, 0x00, 0x00, 0x00,
	0x00, 0x00, 0x00, 0x00, 0x00, 0x00, 0x00, 0x00, 0x00, 0x00, 0x00, 0x00,
	0x00, 0x00, 0x00, 0x00, 0x00, 0x00, 0x00, 0x00, 0x02, 0x00, 0x00, 0x00,
	0xD0, 0x56, 0x01, 0x00, 0x00, 0x00, 0x00, 0x00, 0x00, 0x00, 0x00, 0x00,
	0x01, 0x00, 0x00, 0x00, 0x00, 0x00, 0x00, 0x00, 0x00, 0x00, 0x00, 0x00,
	0x90, 0xAA, 0x01, 0x00, 0xB8, 0x55, 0x01, 0x00, 0x00, 0x5B, 0x01, 0x00,
	0x00, 0x00, 0x00, 0x00, 0x00, 0x00, 0x00, 0x00, 0x00, 0x00, 0x00, 0x00,
	0x00, 0x00, 0x00, 0x00, 0x00, 0x50, 0x01, 0x00, 0x00, 0x00, 0x00, 0x00,
	0x00, 0x00, 0x00, 0x00, 0x00, 0x00, 0x00, 0x00, 0x00, 0x00, 0x00, 0x00,
	0x00, 0x00, 0x00, 0x00, 0x01, 0x00, 0x00, 0x00, 0x48, 0x5C, 0x01, 0x00,
	0x00, 0x00, 0x00, 0x00, 0x00, 0x00, 0x00, 0x00, 0x01, 0x00, 0x00, 0x00,
	0x00, 0x00, 0x00, 0x00, 0x00, 0x00, 0x00, 0x00, 0x28, 0xB7, 0x01, 0x00,
	0x00, 0x56, 0x01, 0x00, 0x50, 0x5B, 0x01, 0x00, 0x00, 0x00, 0x00, 0x00,
	0x00, 0x00, 0x00, 0x00, 0x00, 0x00, 0x00, 0x00, 0x00, 0x00, 0x00, 0x00,
	0xB8, 0xA9, 0x01, 0x00, 0x00, 0x00, 0x00, 0x00, 0x00, 0x00, 0x00, 0x00,
	0xFF, 0xFF, 0xFF, 0xFF, 0x00, 0x00, 0x00, 0x00, 0x40, 0x00, 0x00, 0x00,
	0xA8, 0x5D, 0x01, 0x00, 0x00, 0x00, 0x00, 0x00, 0x00, 0x00, 0x00, 0x00,
	0x00, 0x00, 0x00, 0x00, 0x01, 0x00, 0x00, 0x00, 0x00, 0x00, 0x00, 0x00,
	0x00, 0x00, 0x00, 0x00, 0xD0, 0xB8, 0x01, 0x00, 0xA0, 0x51, 0x01, 0x00,
	0xA0, 0x5B, 0x01, 0x00, 0x00, 0x00, 0x00, 0x00, 0x00, 0x00, 0x00, 0x00,
	0x00, 0x00, 0x00, 0x00, 0x00, 0x00, 0x00, 0x00, 0x00, 0x00, 0x00, 0x00,
	0x00, 0x00, 0x00, 0x00, 0x02, 0x00, 0x00, 0x00, 0xD0, 0x55, 0x01, 0x00,
	0x00, 0x00, 0x00, 0x00, 0x00, 0x00, 0x00, 0x00, 0xE8, 0xA7, 0x01, 0x00,
	0x02, 0x00, 0x00, 0x00, 0x00, 0x00, 0x00, 0x00, 0xFF, 0xFF, 0xFF, 0xFF,
	0x00, 0x00, 0x00, 0x00, 0x40, 0x00, 0x00, 0x00, 0xD0, 0x59, 0x01, 0x00,
	0x00, 0x00, 0x00, 0x00, 0x00, 0x00, 0x00, 0x00, 0x00, 0x00, 0x00, 0x00,
	0x01, 0x00, 0x00, 0x00, 0x00, 0x00, 0x00, 0x00, 0x00, 0x00, 0x00, 0x00,
	0xF0, 0xA9, 0x01, 0x00, 0x68, 0x5D, 0x01, 0x00, 0x08, 0x5C, 0x01, 0x00,
	0x00, 0x00, 0x00, 0x00, 0x00, 0x00, 0x00, 0x00, 0x00, 0x00, 0x00, 0x00,
	0x00, 0x00, 0x00, 0x00, 0x00, 0x00, 0x00, 0x00, 0x00, 0x00, 0x00, 0x00,
	0x02, 0x00, 0x00, 0x00, 0xC8, 0x4E, 0x01, 0x00, 0x00, 0x00, 0x00, 0x00,
	0x00, 0x00, 0x00, 0x00, 0x00, 0x53, 0x01, 0x00, 0x00, 0x00, 0x00, 0x00,
	0x00, 0x00, 0x00, 0x00, 0x00, 0x00, 0x00, 0x00, 0x00, 0xB0, 0x01, 0x00,
	0x01, 0x00, 0x00, 0x00, 0x00, 0x00, 0x00, 0x00, 0xFF, 0xFF, 0xFF, 0xFF,
	0x00, 0x00, 0x00, 0x00, 0x40, 0x00, 0x00, 0x00, 0xD0, 0x5C, 0x01, 0x00,
	0x00, 0x00, 0x00, 0x00, 0x00, 0x00, 0x00, 0x00, 0x00, 0x00, 0x00, 0x00,
	0x10, 0xB1, 0x01, 0x00, 0x02, 0x00, 0x00, 0x00, 0x00, 0x00, 0x00, 0x00,
	0xFF, 0xFF, 0xFF, 0xFF, 0x00, 0x00, 0x00, 0x00, 0x40, 0x00, 0x00, 0x00,
	0x48, 0x4D, 0x01, 0x00, 0x00, 0x00, 0x00, 0x00, 0x00, 0x00, 0x00, 0x00,
	0x00, 0x00, 0x00, 0x00, 0x01, 0x00, 0x00, 0x00, 0x00, 0x00, 0x00, 0x00,
	0x00, 0x00, 0x00, 0x00, 0x70, 0xB5, 0x01, 0x00, 0x30, 0x5C, 0x01, 0x00,
	0xA8, 0x5C, 0x01, 0x00, 0x00, 0x00, 0x00, 0x00, 0x00, 0x00, 0x00, 0x00,
	0x00, 0x00, 0x00, 0x00, 0x00, 0x00, 0x00, 0x00, 0x00, 0x00, 0x00, 0x00,
	0x00, 0x00, 0x00, 0x00, 0x02, 0x00, 0x00, 0x00, 0xA0, 0x55, 0x01, 0x00,
	0x00, 0x00, 0x00, 0x00, 0x00, 0x00, 0x00, 0x00, 0x00, 0x00, 0x00, 0x00,
	0x00, 0x00, 0x00, 0x00, 0x02, 0x00, 0x00, 0x00, 0xE8, 0x55, 0x01, 0x00,
	0x00, 0x00, 0x00, 0x00, 0x00, 0x00, 0x00, 0x00, 0x08, 0x51, 0x01, 0x00,
	0xA8, 0x56, 0x01, 0x00, 0x00, 0x00, 0x00, 0x00, 0x00, 0x00, 0x00, 0x00,
	0x00, 0x00, 0x00, 0x00, 0x00, 0x00, 0x00, 0x00, 0xC0, 0xB2, 0x01, 0x00,
	0x02, 0x00, 0x00, 0x00, 0x00, 0x00, 0x00, 0x00, 0xFF, 0xFF, 0xFF, 0xFF,
	0x00, 0x00, 0x00, 0x00, 0x40, 0x00, 0x00, 0x00, 0x28, 0x55, 0x01, 0x00,
	0x00, 0x00, 0x00, 0x00, 0x00, 0x00, 0x00, 0x00, 0x00, 0x00, 0x00, 0x00,
	0x30, 0x51, 0x01, 0x00, 0x00, 0x00, 0x00, 0x00, 0x00, 0x00, 0x00, 0x00,
	0x00, 0x00, 0x00, 0x00, 0x00, 0x00, 0x00, 0x00, 0x00, 0x00, 0x00, 0x00,
	0x02, 0x00, 0x00, 0x00, 0xA8, 0x5A, 0x01, 0x00, 0x00, 0x00, 0x00, 0x00,
	0x00, 0x00, 0x00, 0x00, 0x00, 0x00, 0x00, 0x00, 0x00, 0x00, 0x00, 0x00,
	0x02, 0x00, 0x00, 0x00, 0x68, 0x53, 0x01, 0x00, 0x00, 0x00, 0x00, 0x00,
	0x00, 0x00, 0x00, 0x00, 0x88, 0xA9, 0x01, 0x00, 0x00, 0x00, 0x00, 0x00,
	0x00, 0x00, 0x00, 0x00, 0xFF, 0xFF, 0xFF, 0xFF, 0x00, 0x00, 0x00, 0x00,
	0x40, 0x00, 0x00, 0x00, 0x40, 0x59, 0x01, 0x00, 0x00, 0x00, 0x00, 0x00,
	0x00, 0x00, 0x00, 0x00, 0x00, 0x00, 0x00, 0x00, 0x00, 0x00, 0x00, 0x00,
	0x00, 0x00, 0x00, 0x00, 0x01, 0x00, 0x00, 0x00, 0xF8, 0x4E, 0x01, 0x00,
	0x00, 0x00, 0x00, 0x00, 0x18, 0x00, 0x00, 0x00, 0x03, 0x80, 0x03, 0x80,
	0xD4, 0x5D, 0x01, 0x00, 0x54, 0x00, 0x00, 0x00, 0x28, 0x5E, 0x01, 0x00,
	0x20, 0x00, 0x00, 0x00, 0x39, 0xE0, 0x00, 0x00, 0x4F, 0xE0, 0x00, 0x00,
	0xDF, 0xE1, 0x00, 0x00, 0xEB, 0xE6, 0x00, 0x00, 0xFA, 0xE6, 0x00, 0x00,
	0x5C, 0xE7, 0x00, 0x00, 0xAC, 0xE7, 0x00, 0x00, 0xFD, 0xE7, 0x00, 0x00,
	0x8B, 0xE8, 0x00, 0x00, 0x07, 0xE9, 0x00, 0x00, 0x1C, 0xE9, 0x00, 0x00,
	0xB9, 0xEA, 0x00, 0x00, 0xEB, 0xEA, 0x00, 0x00, 0x52, 0x06, 0x01, 0x00,
	0x56, 0x06, 0x01, 0x00, 0x5D, 0x06, 0x01, 0x00, 0x61, 0x06, 0x01, 0x00,
	0x6D, 0x06, 0x01, 0x00, 0x74, 0x06, 0x01, 0x00, 0x7E, 0x06, 0x01, 0x00,
	0x85, 0x06, 0x01, 0x00, 0x00, 0xDB, 0x00, 0x00, 0x10, 0x03, 0x00, 0x00,
	0x40, 0xDE, 0x00, 0x00, 0x80, 0x0F, 0x00, 0x00, 0x98, 0xEE, 0x00, 0x00,
	0x7F, 0x00, 0x00, 0x00, 0x1C, 0x06, 0x01, 0x00, 0xC4, 0x00, 0x00, 0x00,
	0x52, 0x53, 0x44, 0x53, 0xD1, 0x97, 0x34, 0x74, 0xA8, 0xDD, 0x35, 0x4C,
	0x9A, 0x5C, 0xD0, 0xC5, 0x24, 0xB9, 0x88, 0x10, 0x04, 0x00, 0x00, 0x00,
	0x43, 0x3A, 0x5C, 0x55, 0x73, 0x65, 0x72, 0x73, 0x5C, 0x79, 0x75, 0x73,
	0x75, 0x66, 0x5C, 0x44, 0x65, 0x73, 0x6B, 0x74, 0x6F, 0x70, 0x5C, 0x41,
	0x52, 0x50, 0x5C, 0x78, 0x36, 0x34, 0x5C, 0x52, 0x65, 0x6C, 0x65, 0x61,
	0x73, 0x65, 0x5C, 0x41, 0x52, 0x50, 0x2E, 0x70, 0x64, 0x62, 0x00, 0x00,
	0x00, 0x00, 0x00, 0x00, 0x2A, 0x00, 0x00, 0x00, 0x2A, 0x00, 0x00, 0x00,
	0x01, 0x00, 0x00, 0x00, 0x29, 0x00, 0x00, 0x00, 0x47, 0x43, 0x54, 0x4C,
	0x00, 0x10, 0x00, 0x00, 0xF0, 0x13, 0x00, 0x00, 0x2E, 0x74, 0x65, 0x78,
	0x74, 0x24, 0x64, 0x69, 0x00, 0x00, 0x00, 0x00, 0xF0, 0x23, 0x00, 0x00,
	0x40, 0xCB, 0x00, 0x00, 0x2E, 0x74, 0x65, 0x78, 0x74, 0x24, 0x6D, 0x6E,
	0x00, 0x00, 0x00, 0x00, 0x30, 0xEF, 0x00, 0x00, 0x40, 0x00, 0x00, 0x00,
	0x2E, 0x74, 0x65, 0x78, 0x74, 0x24, 0x6D, 0x6E, 0x24, 0x30, 0x30, 0x00,
	0x70, 0xEF, 0x00, 0x00, 0x70, 0x17, 0x00, 0x00, 0x2E, 0x74, 0x65, 0x78,
	0x74, 0x24, 0x78, 0x00, 0xE0, 0x06, 0x01, 0x00, 0x70, 0x00, 0x00, 0x00,
	0x2E, 0x74, 0x65, 0x78, 0x74, 0x24, 0x79, 0x64, 0x00, 0x00, 0x00, 0x00,
	0x00, 0x10, 0x01, 0x00, 0xC0, 0x04, 0x00, 0x00, 0x2E, 0x69, 0x64, 0x61,
	0x74, 0x61, 0x24, 0x35, 0x00, 0x00, 0x00, 0x00, 0xC0, 0x14, 0x01, 0x00,
	0x38, 0x00, 0x00, 0x00, 0x2E, 0x30, 0x30, 0x63, 0x66, 0x67, 0x00, 0x00,
	0xF8, 0x14, 0x01, 0x00, 0x08, 0x00, 0x00, 0x00, 0x2E, 0x43, 0x52, 0x54,
	0x24, 0x58, 0x43, 0x41, 0x00, 0x00, 0x00, 0x00, 0x00, 0x15, 0x01, 0x00,
	0x08, 0x00, 0x00, 0x00, 0x2E, 0x43, 0x52, 0x54, 0x24, 0x58, 0x43, 0x41,
	0x41, 0x00, 0x00, 0x00, 0x08, 0x15, 0x01, 0x00, 0x08, 0x00, 0x00, 0x00,
	0x2E, 0x43, 0x52, 0x54, 0x24, 0x58, 0x43, 0x55, 0x00, 0x00, 0x00, 0x00,
	0x10, 0x15, 0x01, 0x00, 0x08, 0x00, 0x00, 0x00, 0x2E, 0x43, 0x52, 0x54,
	0x24, 0x58, 0x43, 0x5A, 0x00, 0x00, 0x00, 0x00, 0x18, 0x15, 0x01, 0x00,
	0x08, 0x00, 0x00, 0x00, 0x2E, 0x43, 0x52, 0x54, 0x24, 0x58, 0x49, 0x41,
	0x00, 0x00, 0x00, 0x00, 0x20, 0x15, 0x01, 0x00, 0x08, 0x00, 0x00, 0x00,
	0x2E, 0x43, 0x52, 0x54, 0x24, 0x58, 0x49, 0x41, 0x41, 0x00, 0x00, 0x00,
	0x28, 0x15, 0x01, 0x00, 0x08, 0x00, 0x00, 0x00, 0x2E, 0x43, 0x52, 0x54,
	0x24, 0x58, 0x49, 0x41, 0x43, 0x00, 0x00, 0x00, 0x30, 0x15, 0x01, 0x00,
	0x08, 0x00, 0x00, 0x00, 0x2E, 0x43, 0x52, 0x54, 0x24, 0x58, 0x49, 0x5A,
	0x00, 0x00, 0x00, 0x00, 0x38, 0x15, 0x01, 0x00, 0x08, 0x00, 0x00, 0x00,
	0x2E, 0x43, 0x52, 0x54, 0x24, 0x58, 0x4C, 0x41, 0x00, 0x00, 0x00, 0x00,
	0x40, 0x15, 0x01, 0x00, 0x08, 0x00, 0x00, 0x00, 0x2E, 0x43, 0x52, 0x54,
	0x24, 0x58, 0x4C, 0x5A, 0x00, 0x00, 0x00, 0x00, 0x48, 0x15, 0x01, 0x00,
	0x08, 0x00, 0x00, 0x00, 0x2E, 0x43, 0x52, 0x54, 0x24, 0x58, 0x50, 0x41,
	0x00, 0x00, 0x00, 0x00, 0x50, 0x15, 0x01, 0x00, 0x08, 0x00, 0x00, 0x00,
	0x2E, 0x43, 0x52, 0x54, 0x24, 0x58, 0x50, 0x5A, 0x00, 0x00, 0x00, 0x00,
	0x58, 0x15, 0x01, 0x00, 0x08, 0x00, 0x00, 0x00, 0x2E, 0x43, 0x52, 0x54,
	0x24, 0x58, 0x54, 0x41, 0x00, 0x00, 0x00, 0x00, 0x60, 0x15, 0x01, 0x00,
	0x20, 0x00, 0x00, 0x00, 0x2E, 0x43, 0x52, 0x54, 0x24, 0x58, 0x54, 0x5A,
	0x00, 0x00, 0x00, 0x00, 0x80, 0x15, 0x01, 0x00, 0x00, 0x37, 0x00, 0x00,
	0x2E, 0x72, 0x64, 0x61, 0x74, 0x61, 0x00, 0x00, 0x80, 0x4C, 0x01, 0x00,
	0x28, 0x00, 0x00, 0x00, 0x2E, 0x72, 0x64, 0x61, 0x74, 0x61, 0x24, 0x54,
	0x00, 0x00, 0x00, 0x00, 0xA8, 0x4C, 0x01, 0x00, 0x14, 0x11, 0x00, 0x00,
	0x2E, 0x72, 0x64, 0x61, 0x74, 0x61, 0x24, 0x72, 0x00, 0x00, 0x00, 0x00,
	0xBC, 0x5D, 0x01, 0x00, 0x8C, 0x00, 0x00, 0x00, 0x2E, 0x72, 0x64, 0x61,
	0x74, 0x61, 0x24, 0x76, 0x6F, 0x6C, 0x74, 0x6D, 0x64, 0x00, 0x00, 0x00,
	0x48, 0x5E, 0x01, 0x00, 0xD8, 0x03, 0x00, 0x00, 0x2E, 0x72, 0x64, 0x61,
	0x74, 0x61, 0x24, 0x7A, 0x7A, 0x7A, 0x64, 0x62, 0x67, 0x00, 0x00, 0x00,
	0x20, 0x62, 0x01, 0x00, 0x08, 0x00, 0x00, 0x00, 0x2E, 0x72, 0x74, 0x63,
	0x24, 0x49, 0x41, 0x41, 0x00, 0x00, 0x00, 0x00, 0x28, 0x62, 0x01, 0x00,
	0x08, 0x00, 0x00, 0x00, 0x2E, 0x72, 0x74, 0x63, 0x24, 0x49, 0x5A, 0x5A,
	0x00, 0x00, 0x00, 0x00, 0x30, 0x62, 0x01, 0x00, 0x08, 0x00, 0x00, 0x00,
	0x2E, 0x72, 0x74, 0x63, 0x24, 0x54, 0x41, 0x41, 0x00, 0x00, 0x00, 0x00,
	0x38, 0x62, 0x01, 0x00, 0x08, 0x00, 0x00, 0x00, 0x2E, 0x72, 0x74, 0x63,
	0x24, 0x54, 0x5A, 0x5A, 0x00, 0x00, 0x00, 0x00, 0x40, 0x62, 0x01, 0x00,
	0x04, 0x00, 0x00, 0x00, 0x2E, 0x74, 0x6C, 0x73, 0x00, 0x00, 0x00, 0x00,
	0x44, 0x62, 0x01, 0x00, 0x04, 0x00, 0x00, 0x00, 0x2E, 0x74, 0x6C, 0x73,
	0x24, 0x00, 0x00, 0x00, 0x48, 0x62, 0x01, 0x00, 0x08, 0x00, 0x00, 0x00,
	0x2E, 0x74, 0x6C, 0x73, 0x24, 0x5A, 0x5A, 0x5A, 0x00, 0x00, 0x00, 0x00,
	0x50, 0x62, 0x01, 0x00, 0xF0, 0x20, 0x00, 0x00, 0x2E, 0x78, 0x64, 0x61,
	0x74, 0x61, 0x00, 0x00, 0x40, 0x83, 0x01, 0x00, 0x3C, 0x02, 0x00, 0x00,
	0x2E, 0x78, 0x64, 0x61, 0x74, 0x61, 0x24, 0x78, 0x00, 0x00, 0x00, 0x00,
	0x7C, 0x85, 0x01, 0x00, 0xDC, 0x00, 0x00, 0x00, 0x2E, 0x69, 0x64, 0x61,
	0x74, 0x61, 0x24, 0x32, 0x00, 0x00, 0x00, 0x00, 0x58, 0x86, 0x01, 0x00,
	0x18, 0x00, 0x00, 0x00, 0x2E, 0x69, 0x64, 0x61, 0x74, 0x61, 0x24, 0x33,
	0x00, 0x00, 0x00, 0x00, 0x70, 0x86, 0x01, 0x00, 0xC0, 0x04, 0x00, 0x00,
	0x2E, 0x69, 0x64, 0x61, 0x74, 0x61, 0x24, 0x34, 0x00, 0x00, 0x00, 0x00,
	0x30, 0x8B, 0x01, 0x00, 0x2A, 0x12, 0x00, 0x00, 0x2E, 0x69, 0x64, 0x61,
	0x74, 0x61, 0x24, 0x36, 0x00, 0x00, 0x00, 0x00, 0x00, 0xA0, 0x01, 0x00,
	0xB0, 0x00, 0x00, 0x00, 0x2E, 0x64, 0x61, 0x74, 0x61, 0x00, 0x00, 0x00,
	0xB0, 0xA0, 0x01, 0x00, 0x70, 0x07, 0x00, 0x00, 0x2E, 0x64, 0x61, 0x74,
	0x61, 0x24, 0x72, 0x00, 0x20, 0xA8, 0x01, 0x00, 0xD0, 0x11, 0x00, 0x00,
	0x2E, 0x64, 0x61, 0x74, 0x61, 0x24, 0x72, 0x73, 0x00, 0x00, 0x00, 0x00,
	0xF0, 0xB9, 0x01, 0x00, 0x78, 0x06, 0x00, 0x00, 0x2E, 0x62, 0x73, 0x73,
	0x00, 0x00, 0x00, 0x00, 0x00, 0xD0, 0x01, 0x00, 0xB4, 0x0F, 0x00, 0x00,
	0x2E, 0x70, 0x64, 0x61, 0x74, 0x61, 0x00, 0x00, 0x00, 0xE0, 0x01, 0x00,
	0x60, 0x00, 0x00, 0x00, 0x2E, 0x72, 0x73, 0x72, 0x63, 0x24, 0x30, 0x31,
	0x00, 0x00, 0x00, 0x00, 0x60, 0xE0, 0x01, 0x00, 0x80, 0x01, 0x00, 0x00,
	0x2E, 0x72, 0x73, 0x72, 0x63, 0x24, 0x30, 0x32, 0x00, 0x00, 0x00, 0x00,
	0x00, 0x00, 0x00, 0x00, 0x00, 0x00, 0x00, 0x00, 0x00, 0x00, 0x00, 0x00,
	0x00, 0x00, 0x00, 0x00, 0x00, 0x00, 0x00, 0x00, 0x00, 0x00, 0x00, 0x00,
	0x00, 0x00, 0x00, 0x00, 0x00, 0x00, 0x00, 0x00, 0x00, 0x00, 0x00, 0x00,
	0x00, 0x00, 0x00, 0x80, 0x00, 0x00, 0x00, 0x00, 0x00, 0x00, 0x00, 0x00,
	0x01, 0x06, 0x02, 0x00, 0x06, 0x32, 0x02, 0x30, 0x01, 0x0A, 0x04, 0x00,
	0x0A, 0x34, 0x06, 0x00, 0x0A, 0x32, 0x06, 0x70, 0x11, 0x04, 0x01, 0x00,
	0x04, 0x62, 0x00, 0x00, 0xC0, 0xED, 0x00, 0x00, 0x74, 0x62, 0x01, 0x00,
	0x28, 0x7D, 0x62, 0x01, 0x00, 0x84, 0x62, 0x01, 0x00, 0x02, 0x0C, 0x00,
	0x25, 0x00, 0x00, 0x40, 0x02, 0x12, 0x02, 0x00, 0x01, 0x04, 0x01, 0x00,
	0x04, 0x82, 0x00, 0x00, 0x01, 0x04, 0x01, 0x00, 0x04, 0x42, 0x00, 0x00,
	0x19, 0x15, 0x02, 0x00, 0x06, 0x72, 0x02, 0x30, 0x14, 0xE5, 0x00, 0x00,
	0x30, 0x00, 0x00, 0x00, 0x01, 0x06, 0x02, 0x00, 0x06, 0x52, 0x02, 0x30,
	0x11, 0x06, 0x02, 0x00, 0x06, 0x32, 0x02, 0x30, 0xC0, 0xED, 0x00, 0x00,
	0xC0, 0x62, 0x01, 0x00, 0x28, 0xC9, 0x62, 0x01, 0x00, 0xD6, 0x62, 0x01,
	0x00, 0x06, 0x0A, 0xF0, 0x91, 0x00, 0x00, 0x60, 0x30, 0x46, 0xCC, 0xED,
	0x00, 0x00, 0x04, 0x2C, 0x02, 0x0C, 0x06, 0x00, 0x01, 0x0F, 0x06, 0x00,
	0x0F, 0x64, 0x0B, 0x00, 0x0F, 0x34, 0x0A, 0x00, 0x0F, 0x72, 0x0B, 0x70,
	0x19, 0x06, 0x02, 0x00, 0x06, 0x32, 0x02, 0x30, 0xC0, 0xED, 0x00, 0x00,
	0xFC, 0x62, 0x01, 0x00, 0x68, 0x05, 0x63, 0x01, 0x00, 0x84, 0x62, 0x01,
	0x00, 0x02, 0x0E, 0xCC, 0xED, 0x00, 0x00, 0x00, 0x21, 0x05, 0x02, 0x00,
	0x05, 0x74, 0x06, 0x00, 0xE0, 0x06, 0x01, 0x00, 0xF2, 0x06, 0x01, 0x00,
	0x50, 0x62, 0x01, 0x00, 0x21, 0x00, 0x00, 0x00, 0xE0, 0x06, 0x01, 0x00,
	0xF2, 0x06, 0x01, 0x00, 0x50, 0x62, 0x01, 0x00, 0x19, 0x13, 0x01, 0x00,
	0x04, 0x62, 0x00, 0x00, 0x14, 0xE5, 0x00, 0x00, 0x28, 0x00, 0x00, 0x00,
	0x11, 0x0C, 0x06, 0x00, 0x0C, 0x34, 0x0C, 0x00, 0x0C, 0x52, 0x08, 0x70,
	0x07, 0x60, 0x06, 0x50, 0xC0, 0xED, 0x00, 0x00, 0x58, 0x63, 0x01, 0x00,
	0x28, 0x61, 0x63, 0x01, 0x00, 0x68, 0x63, 0x01, 0x00, 0x02, 0x0A, 0x20,
	0x92, 0x00, 0x00, 0x40, 0x04, 0xDA, 0x02, 0x86, 0x00, 0x00, 0x00, 0x00,
	0x11, 0x12, 0x08, 0x00, 0x12, 0x54, 0x0D, 0x00, 0x12, 0x34, 0x0C, 0x00,
	0x12, 0x52, 0x0E, 0xE0, 0x0C, 0x70, 0x0B, 0x60, 0xC0, 0xED, 0x00, 0x00,
	0x8C, 0x63, 0x01, 0x00, 0x28, 0x95, 0x63, 0x01, 0x00, 0x9C, 0x63, 0x01,
	0x00, 0x02, 0x0A, 0x20, 0x92, 0x00, 0x00, 0x50, 0x04, 0xD1, 0x02, 0x02,
	0x80, 0x00, 0x00, 0x00, 0x19, 0x06, 0x02, 0x00, 0x06, 0x32, 0x02, 0x30,
	0xC0, 0xED, 0x00, 0x00, 0xB4, 0x63, 0x01, 0x00, 0x60, 0xB9, 0x63, 0x01,
	0x00, 0x02, 0x46, 0x00, 0x11, 0x06, 0x02, 0x00, 0x06, 0x32, 0x02, 0x30,
	0xC0, 0xED, 0x00, 0x00, 0xCC, 0x63, 0x01, 0x00, 0x28, 0xD5, 0x63, 0x01,
	0x00, 0xDC, 0x63, 0x01, 0x00, 0x02, 0x0A, 0xD0, 0x91, 0x00, 0x00, 0x60,
	0x02, 0x22, 0x02, 0x00, 0x01, 0x0A, 0x04, 0x00, 0x0A, 0x34, 0x07, 0x00,
	0x0A, 0x32, 0x06, 0x70, 0x21, 0x05, 0x02, 0x00, 0x05, 0x74, 0x06, 0x00,
	0xC0, 0x2E, 0x00, 0x00, 0xCF, 0x2E, 0x00, 0x00, 0x50, 0x62, 0x01, 0x00,
	0x21, 0x00, 0x00, 0x00, 0xC0, 0x2E, 0x00, 0x00, 0xCF, 0x2E, 0x00, 0x00,
	0x50, 0x62, 0x01, 0x00, 0x11, 0x06, 0x02, 0x00, 0x06, 0x32, 0x02, 0x30,
	0xC0, 0xED, 0x00, 0x00, 0x20, 0x64, 0x01, 0x00, 0x28, 0x29, 0x64, 0x01,
	0x00, 0x30, 0x64, 0x01, 0x00, 0x02, 0x0A, 0xE0, 0x2F, 0x00, 0x00, 0x60,
	0x04, 0x2E, 0x02, 0x1C, 0x00, 0x00, 0x00, 0x00, 0x19, 0x04, 0x01, 0x00,
	0x04, 0x42, 0x00, 0x00, 0xC0, 0xED, 0x00, 0x00, 0x48, 0x64, 0x01, 0x00,
	0x60, 0x4D, 0x64, 0x01, 0x00, 0x02, 0x08, 0x00, 0x19, 0x06, 0x02, 0x00,
	0x06, 0x32, 0x02, 0x30, 0xC0, 0xED, 0x00, 0x00, 0x60, 0x64, 0x01, 0x00,
	0x60, 0x65, 0x64, 0x01, 0x00, 0x02, 0x1E, 0x00, 0x01, 0x04, 0x01, 0x00,
	0x04, 0x62, 0x00, 0x00, 0x01, 0x09, 0x04, 0x00, 0x09, 0x52, 0x05, 0xE0,
	0x03, 0x60, 0x02, 0x30, 0x21, 0x05, 0x02, 0x00, 0x05, 0x74, 0x0C, 0x00,
	0xE0, 0x30, 0x00, 0x00, 0x2C, 0x31, 0x00, 0x00, 0x70, 0x64, 0x01, 0x00,
	0x21, 0x00, 0x00, 0x00, 0xE0, 0x30, 0x00, 0x00, 0x2C, 0x31, 0x00, 0x00,
	0x70, 0x64, 0x01, 0x00, 0x19, 0x04, 0x01, 0x00, 0x04, 0x42, 0x00, 0x00,
	0xC0, 0xED, 0x00, 0x00, 0xB0, 0x64, 0x01, 0x00, 0x60, 0xB5, 0x64, 0x01,
	0x00, 0x02, 0x0E, 0x00, 0x01, 0x10, 0x08, 0x00, 0x10, 0x34, 0x0B, 0x00,
	0x10, 0x32, 0x0C, 0xF0, 0x0A, 0xE0, 0x08, 0x70, 0x07, 0x60, 0x06, 0x50,
	0x19, 0x0F, 0x06, 0x00, 0x0F, 0x64, 0x08, 0x00, 0x0F, 0x34, 0x07, 0x00,
	0x0F, 0x32, 0x0B, 0x70, 0xC0, 0xED, 0x00, 0x00, 0xE4, 0x64, 0x01, 0x00,
	0x60, 0xE9, 0x64, 0x01, 0x00, 0x02, 0x74, 0x00, 0x19, 0x0A, 0x02, 0x00,
	0x0A, 0x52, 0x06, 0x30, 0xC0, 0xED, 0x00, 0x00, 0xFC, 0x64, 0x01, 0x00,
	0x38, 0x09, 0x65, 0x01, 0x00, 0x11, 0x65, 0x01, 0x00, 0x36, 0x65, 0x01,
	0x00, 0x04, 0x08, 0x12, 0x00, 0x25, 0x00, 0x00, 0x40, 0x02, 0x00, 0x00,
	0x02, 0x19, 0x65, 0x01, 0x00, 0x06, 0x13, 0x10, 0x90, 0xA5, 0x01, 0x00,
	0xD0, 0xEF, 0x00, 0x00, 0x60, 0x13, 0x10, 0xE8, 0xA3, 0x01, 0x00, 0xEE,
	0xEF, 0x00, 0x00, 0x60, 0x01, 0x80, 0x0C, 0xF0, 0x00, 0x00, 0x04, 0x50,
	0x02, 0x30, 0x00, 0x00, 0x19, 0x0A, 0x02, 0x00, 0x0A, 0x32, 0x06, 0x50,
	0xC0, 0xED, 0x00, 0x00, 0x4C, 0x65, 0x01, 0x00, 0x29, 0x56, 0x65, 0x01,
	0x00, 0x5E, 0x65, 0x01, 0x00, 0x70, 0x04, 0x08, 0x0A, 0x00, 0x25, 0x00,
	0x00, 0x40, 0x00, 0x00, 0x19, 0x0B, 0x03, 0x00, 0x0B, 0x42, 0x07, 0x50,
	0x06, 0x30, 0x00, 0x00, 0xC0, 0xED, 0x00, 0x00, 0x74, 0x65, 0x01, 0x00,
	0x29, 0x56, 0x65, 0x01, 0x00, 0x7E, 0x65, 0x01, 0x00, 0x90, 0x04, 0x5C,
	0x04, 0x36, 0x02, 0x00, 0x11, 0x12, 0x08, 0x00, 0x12, 0x54, 0x15, 0x00,
	0x12, 0x34, 0x14, 0x00, 0x12, 0xD2, 0x0E, 0xE0, 0x0C, 0x70, 0x0B, 0x60,
	0xC0, 0xED, 0x00, 0x00, 0xA0, 0x65, 0x01, 0x00, 0x28, 0xA9, 0x65, 0x01,
	0x00, 0xC0, 0x65, 0x01, 0x00, 0x08, 0x0A, 0x70, 0x2F, 0x00, 0x00, 0xA0,
	0x36, 0x7C, 0xF0, 0x00, 0x00, 0x2E, 0x99, 0xF0, 0x00, 0x00, 0x82, 0xC0,
	0x2E, 0x00, 0x00, 0x60, 0x08, 0x4C, 0x00, 0x16, 0x02, 0xA8, 0x06, 0x64,
	0x08, 0x00, 0x00, 0x00, 0x01, 0x06, 0x02, 0x00, 0x06, 0x32, 0x02, 0x50,
	0x11, 0x10, 0x08, 0x00, 0x10, 0x34, 0x10, 0x00, 0x10, 0x72, 0x0C, 0xF0,
	0x0A, 0xE0, 0x08, 0x70, 0x07, 0x60, 0x06, 0x50, 0xC0, 0xED, 0x00, 0x00,
	0xF0, 0x65, 0x01, 0x00, 0x28, 0xF9, 0x65, 0x01, 0x00, 0x06, 0x66, 0x01,
	0x00, 0x04, 0x0C, 0x00, 0x3D, 0x00, 0x00, 0x60, 0x32, 0x00, 0x3D, 0x00,
	0x00, 0x40, 0x04, 0x9E, 0x04, 0x55, 0x03, 0x02, 0x19, 0x0A, 0x04, 0x00,
	0x0A, 0x34, 0x0E, 0x00, 0x0A, 0x92, 0x06, 0x70, 0xC0, 0xED, 0x00, 0x00,
	0x20, 0x66, 0x01, 0x00, 0x38, 0x2D, 0x66, 0x01, 0x00, 0x3B, 0x66, 0x01,
	0x00, 0x63, 0x66, 0x01, 0x00, 0x06, 0x08, 0x0A, 0xD0, 0x91, 0x00, 0x00,
	0x40, 0x42, 0x00, 0x25, 0x00, 0x00, 0x40, 0x02, 0x00, 0x02, 0x04, 0x43,
	0x66, 0x01, 0x00, 0x06, 0x13, 0x12, 0xE8, 0xA3, 0x01, 0x00, 0xEC, 0xF0,
	0x00, 0x00, 0x8D, 0x02, 0x13, 0x12, 0x90, 0xA5, 0x01, 0x00, 0x0A, 0xF1,
	0x00, 0x00, 0x95, 0x02, 0x11, 0x80, 0x28, 0xF1, 0x00, 0x00, 0x74, 0x08,
	0x46, 0x04, 0x76, 0x02, 0x8A, 0x00, 0x44, 0x02, 0x19, 0x0B, 0x03, 0x00,
	0x0B, 0x42, 0x07, 0x50, 0x06, 0x30, 0x00, 0x00, 0xC0, 0xED, 0x00, 0x00,
	0x80, 0x66, 0x01, 0x00, 0x29, 0x56, 0x65, 0x01, 0x00, 0x8A, 0x66, 0x01,
	0x00, 0x90, 0x02, 0x7A, 0x04, 0x00, 0x00, 0x00, 0x11, 0x12, 0x06, 0x00,
	0x12, 0x64, 0x15, 0x00, 0x12, 0x34, 0x14, 0x00, 0x12, 0xF2, 0x0B, 0x70,
	0xC0, 0xED, 0x00, 0x00, 0xA8, 0x66, 0x01, 0x00, 0x28, 0xB1, 0x66, 0x01,
	0x00, 0xCF, 0x66, 0x01, 0x00, 0x0A, 0x0A, 0x30, 0x30, 0x00, 0x00, 0x80,
	0x36, 0xAC, 0xF1, 0x00, 0x00, 0x2C, 0x30, 0x30, 0x00, 0x00, 0x40, 0x8A,
	0xE0, 0x2F, 0x00, 0x00, 0x40, 0xBA, 0xC0, 0x2E, 0x00, 0x00, 0x50, 0x10,
	0x42, 0x00, 0x82, 0x02, 0x5A, 0x06, 0x30, 0x08, 0x1C, 0x02, 0xCA, 0x0A,
	0x1E, 0x02, 0xB0, 0x00, 0x19, 0x25, 0x07, 0x00, 0x13, 0x64, 0x22, 0x00,
	0x13, 0x34, 0x21, 0x00, 0x13, 0x01, 0x1E, 0x00, 0x0C, 0x70, 0x00, 0x00,
	0x98, 0xEE, 0x00, 0x00, 0x00, 0x67, 0x01, 0x00, 0xE3, 0x00, 0x00, 0x00,
	0x38, 0x0D, 0x67, 0x01, 0x00, 0x39, 0x67, 0x01, 0x00, 0x4A, 0x67, 0x01,
	0x00, 0x10, 0x0A, 0xC0, 0x2E, 0x00, 0x00, 0x41, 0x03, 0x3E, 0xFC, 0xF1,
	0x00, 0x00, 0x66, 0xCC, 0xED, 0x00, 0x00, 0x88, 0x0A, 0x20, 0x3D, 0x00,
	0x00, 0xF0, 0x34, 0x30, 0x30, 0x00, 0x00, 0x40, 0x34, 0x30, 0x30, 0x00,
	0x00, 0x60, 0x55, 0x02, 0x00, 0x25, 0x00, 0x00, 0x40, 0x02, 0x06, 0x0C,
	0x0E, 0x41, 0x67, 0x01, 0x00, 0x02, 0x11, 0x80, 0x46, 0xF2, 0x00, 0x00,
	0xAD, 0x05, 0x0E, 0x84, 0x00, 0x34, 0x04, 0x2E, 0x06, 0x3E, 0x02, 0x69,
	0x02, 0x0E, 0x38, 0x0C, 0xCE, 0x00, 0x00, 0x00, 0x19, 0x0A, 0x02, 0x00,
	0x0A, 0x32, 0x06, 0x50, 0xC0, 0xED, 0x00, 0x00, 0x6C, 0x67, 0x01, 0x00,
	0x29, 0x56, 0x65, 0x01, 0x00, 0x76, 0x67, 0x01, 0x00, 0x70, 0x02, 0x6A,
	0x04, 0x00, 0x00, 0x00, 0x19, 0x1E, 0x06, 0x00, 0x0F, 0x64, 0x0E, 0x00,
	0x0F, 0x34, 0x0D, 0x00, 0x0F, 0x92, 0x0B, 0x70, 0x98, 0xEE, 0x00, 0x00,
	0x98, 0x67, 0x01, 0x00, 0x42, 0x00, 0x00, 0x00, 0x28, 0xA1, 0x67, 0x01,
	0x00, 0xA8, 0x67, 0x01, 0x00, 0x02, 0x0A, 0xC0, 0x2E, 0x00, 0x00, 0x60,
	0x06, 0xAE, 0x00, 0x8E, 0x02, 0x40, 0x00, 0x00, 0x21, 0x05, 0x02, 0x00,
	0x05, 0x74, 0x06, 0x00, 0x20, 0x3D, 0x00, 0x00, 0x2F, 0x3D, 0x00, 0x00,
	0x50, 0x62, 0x01, 0x00, 0x21, 0x00, 0x00, 0x00, 0x20, 0x3D, 0x00, 0x00,
	0x2F, 0x3D, 0x00, 0x00, 0x50, 0x62, 0x01, 0x00, 0x19, 0x28, 0x09, 0x00,
	0x16, 0x54, 0x19, 0x00, 0x16, 0x34, 0x18, 0x00, 0x16, 0x01, 0x12, 0x00,
	0x0F, 0xE0, 0x0D, 0x70, 0x0C, 0x60, 0x00, 0x00, 0x98, 0xEE, 0x00, 0x00,
	0xF8, 0x67, 0x01, 0x00, 0x8A, 0x00, 0x00, 0x00, 0x28, 0x01, 0x68, 0x01,
	0x00, 0x26, 0x68, 0x01, 0x00, 0x0C, 0x0C, 0x30, 0x30, 0x00, 0x00, 0x01,
	0x02, 0x3E, 0xCC, 0xED, 0x00, 0x00, 0x62, 0x30, 0x30, 0x00, 0x00, 0x80,
	0x34, 0x30, 0x30, 0x00, 0x00, 0x70, 0x32, 0x80, 0xA5, 0x00, 0x00, 0x50,
	0x34, 0x30, 0x30, 0x00, 0x00, 0x60, 0x08, 0x9A, 0x04, 0x20, 0x08, 0x72,
	0x0C, 0x9C, 0x00, 0x00, 0x19, 0x0A, 0x04, 0x00, 0x0A, 0x34, 0x07, 0x00,
	0x0A, 0x32, 0x06, 0x70, 0xC0, 0xED, 0x00, 0x00, 0x44, 0x68, 0x01, 0x00,
	0x68, 0x05, 0x63, 0x01, 0x00, 0x4D, 0x68, 0x01, 0x00, 0x04, 0x36, 0x02,
	0x5E, 0x00, 0x00, 0x00, 0x19, 0x19, 0x04, 0x00, 0x0A, 0x34, 0x0B, 0x00,
	0x0A, 0x72, 0x06, 0x70, 0x14, 0xE5, 0x00, 0x00, 0x30, 0x00, 0x00, 0x00,
	0x01, 0x04, 0x01, 0x00, 0x04, 0xA2, 0x00, 0x00, 0x01, 0x0A, 0x04, 0x00,
	0x0A, 0x34, 0x08, 0x00, 0x0A, 0x52, 0x06, 0x70, 0x11, 0x1F, 0x09, 0x00,
	0x1F, 0x74, 0x49, 0x01, 0x1F, 0x64, 0x48, 0x01, 0x1F, 0x34, 0x47, 0x01,
	0x1F, 0x01, 0x44, 0x01, 0x10, 0x50, 0x00, 0x00, 0xC0, 0xED, 0x00, 0x00,
	0x9C, 0x68, 0x01, 0x00, 0x28, 0xA5, 0x68, 0x01, 0x00, 0x57, 0x6C, 0x01,
	0x00, 0x45, 0x02, 0x12, 0xB0, 0x7E, 0x00, 0x00, 0xE1, 0x0A, 0x3A, 0xB0,
	0x7E, 0x00, 0x00, 0x81, 0x1A, 0x3A, 0xB0, 0x7E, 0x00, 0x00, 0x01, 0x1B,
	0xAE, 0x24, 0xF3, 0x00, 0x00, 0x2A, 0xB0, 0xBB, 0x00, 0x00, 0xC1, 0x28,
	0x3A, 0xD0, 0xC4, 0x00, 0x00, 0x40, 0x92, 0x30, 0x8A, 0x00, 0x00, 0x01,
	0x05, 0x3A, 0xB0, 0x7E, 0x00, 0x00, 0x01, 0x1E, 0x72, 0x20, 0x42, 0x00,
	0x00, 0x01, 0x1E, 0x3A, 0xB0, 0x7E, 0x00, 0x00, 0x61, 0x0A, 0x3A, 0xB0,
	0x7E, 0x00, 0x00, 0x01, 0x19, 0x3A, 0xB0, 0x7E, 0x00, 0x00, 0x81, 0x19,
	0xAE, 0xB1, 0xF3, 0x00, 0x00, 0x2A, 0xB0, 0xBB, 0x00, 0x00, 0xC1, 0x28,
	0x3A, 0xD0, 0xC4, 0x00, 0x00, 0x40, 0x92, 0x30, 0x8A, 0x00, 0x00, 0xA1,
	0x04, 0x3A, 0xB0, 0x7E, 0x00, 0x00, 0xE1, 0x1E, 0x72, 0x20, 0x42, 0x00,
	0x00, 0xE1, 0x1E, 0x3A, 0xB0, 0x7E, 0x00, 0x00, 0xE1, 0x09, 0x3A, 0xB0,
	0x7E, 0x00, 0x00, 0x81, 0x17, 0x3A, 0xB0, 0x7E, 0x00, 0x00, 0x01, 0x18,
	0xAE, 0x3E, 0xF4, 0x00, 0x00, 0x2A, 0xB0, 0xBB, 0x00, 0x00, 0xC1, 0x28,
	0x3A, 0xD0, 0xC4, 0x00, 0x00, 0x40, 0x92, 0x30, 0x8A, 0x00, 0x00, 0x41,
	0x04, 0x3A, 0xB0, 0x7E, 0x00, 0x00, 0xC1, 0x1F, 0x72, 0x20, 0x42, 0x00,
	0x00, 0xC1, 0x1F, 0x3A, 0xB0, 0x7E, 0x00, 0x00, 0x61, 0x09, 0x3A, 0xB0,
	0x7E, 0x00, 0x00, 0x01, 0x16, 0x3A, 0xB0, 0x7E, 0x00, 0x00, 0x81, 0x16,
	0xAE, 0xCB, 0xF4, 0x00, 0x00, 0x2A, 0xB0, 0xBB, 0x00, 0x00, 0xC1, 0x28,
	0x3A, 0xD0, 0xC4, 0x00, 0x00, 0x40, 0x92, 0x30, 0x8A, 0x00, 0x00, 0xE1,
	0x03, 0x3A, 0xB0, 0x7E, 0x00, 0x00, 0xA1, 0x20, 0x72, 0x20, 0x42, 0x00,
	0x00, 0xA1, 0x20, 0x3A, 0xB0, 0x7E, 0x00, 0x00, 0xE1, 0x08, 0x3A, 0xB0,
	0x7E, 0x00, 0x00, 0x81, 0x14, 0x3A, 0xB0, 0x7E, 0x00, 0x00, 0x01, 0x15,
	0xAE, 0x58, 0xF5, 0x00, 0x00, 0x2A, 0xB0, 0xBB, 0x00, 0x00, 0xC1, 0x28,
	0x3A, 0xD0, 0xC4, 0x00, 0x00, 0x40, 0x92, 0x30, 0x8A, 0x00, 0x00, 0x81,
	0x03, 0x3A, 0xB0, 0x7E, 0x00, 0x00, 0x81, 0x21, 0x72, 0x20, 0x42, 0x00,
	0x00, 0x81, 0x21, 0x3A, 0xB0, 0x7E, 0x00, 0x00, 0x61, 0x08, 0x3A, 0xB0,
	0x7E, 0x00, 0x00, 0x01, 0x13, 0x3A, 0xB0, 0x7E, 0x00, 0x00, 0x81, 0x13,
	0xAE, 0xE5, 0xF5, 0x00, 0x00, 0x2A, 0xB0, 0xBB, 0x00, 0x00, 0xC1, 0x28,
	0x3A, 0xD0, 0xC4, 0x00, 0x00, 0x40, 0x92, 0x30, 0x8A, 0x00, 0x00, 0x21,
	0x03, 0x3A, 0xB0, 0x7E, 0x00, 0x00, 0x61, 0x22, 0x72, 0x20, 0x42, 0x00,
	0x00, 0x61, 0x22, 0x3A, 0xB0, 0x7E, 0x00, 0x00, 0xE1, 0x07, 0x3A, 0xB0,
	0x7E, 0x00, 0x00, 0x81, 0x11, 0x3A, 0xB0, 0x7E, 0x00, 0x00, 0x01, 0x12,
	0xAE, 0x72, 0xF6, 0x00, 0x00, 0x2A, 0xB0, 0xBB, 0x00, 0x00, 0xC1, 0x28,
	0x3A, 0xD0, 0xC4, 0x00, 0x00, 0x40, 0x92, 0x30, 0x8A, 0x00, 0x00, 0xC1,
	0x02, 0x3A, 0xB0, 0x7E, 0x00, 0x00, 0x41, 0x23, 0x72, 0x20, 0x42, 0x00,
	0x00, 0x41, 0x23, 0x3A, 0xB0, 0x7E, 0x00, 0x00, 0x61, 0x07, 0x3A, 0xB0,
	0x7E, 0x00, 0x00, 0x01, 0x10, 0x3A, 0xB0, 0x7E, 0x00, 0x00, 0x81, 0x10,
	0xAE, 0xFF, 0xF6, 0x00, 0x00, 0x2A, 0xB0, 0xBB, 0x00, 0x00, 0xC1, 0x28,
	0x3A, 0xD0, 0xC4, 0x00, 0x00, 0x40, 0x92, 0x30, 0x8A, 0x00, 0x00, 0x61,
	0x02, 0x3A, 0xB0, 0x7E, 0x00, 0x00, 0x21, 0x24, 0x72, 0x20, 0x42, 0x00,
	0x00, 0x21, 0x24, 0x3A, 0xB0, 0x7E, 0x00, 0x00, 0xE1, 0x06, 0x3A, 0xB0,
	0x7E, 0x00, 0x00, 0x81, 0x0E, 0x3A, 0xB0, 0x7E, 0x00, 0x00, 0x01, 0x0F,
	0xAE, 0x8C, 0xF7, 0x00, 0x00, 0x2A, 0xB0, 0xBB, 0x00, 0x00, 0xC1, 0x28,
	0x3A, 0xD0, 0xC4, 0x00, 0x00, 0x40, 0x92, 0x30, 0x8A, 0x00, 0x00, 0x01,
	0x02, 0x3A, 0xB0, 0x7E, 0x00, 0x00, 0x01, 0x25, 0x72, 0x20, 0x42, 0x00,
	0x00, 0x01, 0x25, 0x3A, 0xB0, 0x7E, 0x00, 0x00, 0x61, 0x06, 0x3A, 0xB0,
	0x7E, 0x00, 0x00, 0x01, 0x1C, 0x3A, 0xB0, 0x7E, 0x00, 0x00, 0x81, 0x1C,
	0x3A, 0xB0, 0x7E, 0x00, 0x00, 0x01, 0x1D, 0xE6, 0x25, 0xF8, 0x00, 0x00,
	0x2A, 0xB0, 0xBB, 0x00, 0x00, 0xC1, 0x28, 0x3A, 0xD0, 0xC4, 0x00, 0x00,
	0x40, 0x92, 0x30, 0x8A, 0x00, 0x00, 0xD0, 0x32, 0xB0, 0x7E, 0x00, 0x00,
	0xE1, 0x25, 0x6A, 0x20, 0x42, 0x00, 0x00, 0xE1, 0x25, 0x3A, 0xB0, 0x7E,
	0x00, 0x00, 0xE1, 0x05, 0x3A, 0xB0, 0x7E, 0x00, 0x00, 0x01, 0x0D, 0x3A,
	0xB0, 0x7E, 0x00, 0x00, 0x81, 0x0D, 0xAE, 0xB2, 0xF8, 0x00, 0x00, 0x2A,
	0xB0, 0xBB, 0x00, 0x00, 0xC1, 0x28, 0x3A, 0xD0, 0xC4, 0x00, 0x00, 0x40,
	0x92, 0x30, 0x8A, 0x00, 0x00, 0xA0, 0x32, 0xB0, 0x7E, 0x00, 0x00, 0xC1,
	0x26, 0x6A, 0x20, 0x42, 0x00, 0x00, 0xC1, 0x26, 0x3A, 0xB0, 0x7E, 0x00,
	0x00, 0x61, 0x05, 0x3A, 0xB0, 0x7E, 0x00, 0x00, 0x81, 0x0B, 0x3A, 0xB0,
	0x7E, 0x00, 0x00, 0x01, 0x0C, 0xAE, 0x3F, 0xF9, 0x00, 0x00, 0x2A, 0xB0,
	0xBB, 0x00, 0x00, 0xC1, 0x28, 0x3A, 0xD0, 0xC4, 0x00, 0x00, 0x40, 0x92,
	0x30, 0x8A, 0x00, 0x00, 0x70, 0x32, 0xB0, 0x7E, 0x00, 0x00, 0xA1, 0x27,
	0x65, 0x2A, 0xB0, 0x7E, 0x00, 0x00, 0x61, 0x0A, 0x46, 0xB1, 0xF3, 0x00,
	0x00, 0x2A, 0x30, 0x8A, 0x00, 0x00, 0xA1, 0x04, 0x3A, 0xB0, 0x7E, 0x00,
	0x00, 0xE1, 0x09, 0x3E, 0x3E, 0xF4, 0x00, 0x00, 0x2A, 0x30, 0x8A, 0x00,
	0x00, 0x41, 0x04, 0x3A, 0xB0, 0x7E, 0x00, 0x00, 0x61, 0x09, 0x3E, 0xCB,
	0xF4, 0x00, 0x00, 0x2A, 0x30, 0x8A, 0x00, 0x00, 0xE1, 0x03, 0x3A, 0xB0,
	0x7E, 0x00, 0x00, 0xE1, 0x08, 0x3E, 0x58, 0xF5, 0x00, 0x00, 0x2A, 0x30,
	0x8A, 0x00, 0x00, 0x81, 0x03, 0x3A, 0xB0, 0x7E, 0x00, 0x00, 0x61, 0x08,
	0x3E, 0xE5, 0xF5, 0x00, 0x00, 0x2A, 0x30, 0x8A, 0x00, 0x00, 0x21, 0x03,
	0x3A, 0xB0, 0x7E, 0x00, 0x00, 0xE1, 0x07, 0x3E, 0x72, 0xF6, 0x00, 0x00,
	0x2A, 0x30, 0x8A, 0x00, 0x00, 0xC1, 0x02, 0x3A, 0xB0, 0x7E, 0x00, 0x00,
	0x61, 0x07, 0x3E, 0xFF, 0xF6, 0x00, 0x00, 0x2A, 0x30, 0x8A, 0x00, 0x00,
	0x61, 0x02, 0x3A, 0xB0, 0x7E, 0x00, 0x00, 0xE1, 0x06, 0x3E, 0x8C, 0xF7,
	0x00, 0x00, 0x2A, 0x30, 0x8A, 0x00, 0x00, 0x01, 0x02, 0x3A, 0xB0, 0x7E,
	0x00, 0x00, 0x61, 0x06, 0x3E, 0x25, 0xF8, 0x00, 0x00, 0x2A, 0x30, 0x8A,
	0x00, 0x00, 0xD0, 0x32, 0xB0, 0x7E, 0x00, 0x00, 0xE1, 0x05, 0x3E, 0xB2,
	0xF8, 0x00, 0x00, 0x2A, 0x30, 0x8A, 0x00, 0x00, 0xA0, 0x32, 0xB0, 0x7E,
	0x00, 0x00, 0x61, 0x05, 0x3E, 0x3F, 0xF9, 0x00, 0x00, 0x2A, 0x30, 0x8A,
	0x00, 0x00, 0x70, 0x36, 0x9C, 0xF9, 0x00, 0x00, 0x2E, 0xC9, 0xF9, 0x00,
	0x00, 0x2E, 0xD9, 0xF9, 0x00, 0x00, 0x7E, 0xE9, 0xF9, 0x00, 0x00, 0xE2,
	0x90, 0x00, 0x5E, 0x02, 0x5E, 0x04, 0x5E, 0x06, 0x3A, 0x08, 0x88, 0x0C,
	0x60, 0x0E, 0x22, 0x10, 0x5E, 0x12, 0x5E, 0x14, 0x5E, 0x16, 0x5E, 0x18,
	0x36, 0x1A, 0x78, 0x1E, 0x60, 0x20, 0x22, 0x22, 0x5E, 0x24, 0x5E, 0x26,
	0x5E, 0x28, 0x5E, 0x2A, 0x36, 0x2C, 0x88, 0x30, 0x60, 0x32, 0x22, 0x34,
	0x5E, 0x36, 0x5E, 0x38, 0x5E, 0x3A, 0x5E, 0x3C, 0x36, 0x3E, 0x78, 0x42,
	0x60, 0x44, 0x22, 0x46, 0x5E, 0x48, 0x5E, 0x4A, 0x5E, 0x4C, 0x5E, 0x4E,
	0x36, 0x50, 0x88, 0x54, 0x60, 0x56, 0x22, 0x58, 0x5E, 0x5A, 0x5E, 0x5C,
	0x5E, 0x5E, 0x5E, 0x60, 0x36, 0x62, 0x78, 0x66, 0x60, 0x68, 0x22, 0x6A,
	0x5E, 0x6C, 0x5E, 0x6E, 0x5E, 0x70, 0x5E, 0x72, 0x36, 0x74, 0x88, 0x78,
	0x60, 0x7A, 0x22, 0x7C, 0x5E, 0x7E, 0x5E, 0x80, 0x5E, 0x82, 0x5E, 0x84,
	0x36, 0x86, 0x78, 0x8A, 0x60, 0x8C, 0x22, 0x8E, 0x5E, 0x90, 0x5E, 0x92,
	0x5E, 0x94, 0x5E, 0x96, 0x36, 0x98, 0x88, 0x9C, 0x60, 0x9E, 0x22, 0xA0,
	0x5E, 0xA2, 0x5E, 0xA4, 0x5E, 0xA6, 0x5E, 0xA8, 0x5E, 0xAA, 0x3C, 0xAC,
	0x8C, 0xB0, 0x62, 0xB2, 0x24, 0xB4, 0x52, 0xB6, 0x5E, 0xB8, 0x5E, 0xBA,
	0x5E, 0xBC, 0x3C, 0xBE, 0x92, 0xC2, 0x5C, 0xC4, 0x24, 0xC6, 0x4C, 0xC8,
	0x5E, 0xCA, 0x5E, 0xCC, 0x5E, 0xCE, 0x3C, 0xD0, 0x7E, 0xD4, 0x5C, 0xD6,
	0x24, 0xD8, 0x46, 0x39, 0x02, 0xA8, 0x41, 0x02, 0x44, 0x45, 0x02, 0x5C,
	0x35, 0x02, 0x54, 0x2D, 0x02, 0x68, 0x21, 0x02, 0x68, 0x15, 0x02, 0x6C,
	0x09, 0x02, 0x6C, 0xFE, 0x6C, 0xF8, 0x6C, 0xF2, 0x6C, 0xEC, 0x6C, 0xE6,
	0x6C, 0xE0, 0x6C, 0xDA, 0x6C, 0x02, 0x00, 0x00, 0x01, 0x06, 0x02, 0x00,
	0x06, 0x32, 0x02, 0x70, 0x21, 0x05, 0x02, 0x00, 0x05, 0x64, 0x07, 0x00,
	0x60, 0x42, 0x00, 0x00, 0xCE, 0x42, 0x00, 0x00, 0x44, 0x6D, 0x01, 0x00,
	0x21, 0x05, 0x04, 0x00, 0x05, 0x34, 0x06, 0x00, 0x00, 0x64, 0x07, 0x00,
	0x60, 0x42, 0x00, 0x00, 0xCE, 0x42, 0x00, 0x00, 0x44, 0x6D, 0x01, 0x00,
	0x21, 0x00, 0x00, 0x00, 0x60, 0x42, 0x00, 0x00, 0xCE, 0x42, 0x00, 0x00,
	0x44, 0x6D, 0x01, 0x00, 0x19, 0x38, 0x0D, 0x00, 0x27, 0x74, 0x69, 0x00,
	0x27, 0x64, 0x68, 0x00, 0x27, 0x34, 0x67, 0x00, 0x27, 0x01, 0x60, 0x00,
	0x18, 0xF0, 0x16, 0xE0, 0x14, 0xD0, 0x12, 0xC0, 0x10, 0x50, 0x00, 0x00,
	0x98, 0xEE, 0x00, 0x00, 0xB4, 0x6D, 0x01, 0x00, 0xF2, 0x02, 0x00, 0x00,
	0x28, 0xBD, 0x6D, 0x01, 0x00, 0xD7, 0x6D, 0x01, 0x00, 0x08, 0x0A, 0x60,
	0x92, 0x00, 0x00, 0x41, 0x02, 0x3A, 0xB0, 0x7E, 0x00, 0x00, 0xA0, 0x32,
	0xB0, 0x7E, 0x00, 0x00, 0xE0, 0xA2, 0xB0, 0x7E, 0x00, 0x00, 0x60, 0x1E,
	0x25, 0x02, 0x00, 0x11, 0x03, 0x02, 0x01, 0x02, 0x04, 0x1C, 0x06, 0x3D,
	0x05, 0x04, 0x81, 0x02, 0x06, 0x9C, 0x04, 0x95, 0x04, 0x00, 0x16, 0x08,
	0xB4, 0x00, 0x16, 0x08, 0xA8, 0x00, 0x16, 0x08, 0x3A, 0x00, 0x4C, 0x02,
	0x19, 0x1E, 0x06, 0x00, 0x0F, 0x64, 0x12, 0x00, 0x0F, 0x34, 0x11, 0x00,
	0x0F, 0xD2, 0x0B, 0x70, 0x14, 0xE5, 0x00, 0x00, 0x60, 0x00, 0x00, 0x00,
	0x11, 0x1E, 0x0B, 0x00, 0x1E, 0x64, 0x20, 0x00, 0x1E, 0x34, 0x1F, 0x00,
	0x1E, 0x01, 0x18, 0x00, 0x12, 0xF0, 0x10, 0xE0, 0x0E, 0xC0, 0x0C, 0x70,
	0x0B, 0x50, 0x00, 0x00, 0xC0, 0xED, 0x00, 0x00, 0x38, 0x6E, 0x01, 0x00,
	0x28, 0x41, 0x6E, 0x01, 0x00, 0x67, 0x6E, 0x01, 0x00, 0x0C, 0x0E, 0x50,
	0xFA, 0x00, 0x00, 0x2A, 0x40, 0x88, 0x00, 0x00, 0x61, 0x02, 0x3A, 0x40,
	0x88, 0x00, 0x00, 0x01, 0x02, 0x3A, 0x40, 0x88, 0x00, 0x00, 0xA0, 0x32,
	0x40, 0x88, 0x00, 0x00, 0x70, 0x32, 0x40, 0x88, 0x00, 0x00, 0xD0, 0x0C,
	0x89, 0x02, 0x04, 0x11, 0x02, 0x06, 0x45, 0x03, 0x08, 0x25, 0x04, 0x0A,
	0x09, 0x04, 0x0C, 0x41, 0x03, 0x0A, 0x00, 0x00, 0x19, 0x2A, 0x0B, 0x00,
	0x1C, 0x34, 0x37, 0x00, 0x1C, 0x01, 0x2C, 0x00, 0x10, 0xF0, 0x0E, 0xE0,
	0x0C, 0xD0, 0x0A, 0xC0, 0x08, 0x70, 0x07, 0x60, 0x06, 0x50, 0x00, 0x00,
	0x98, 0xEE, 0x00, 0x00, 0xA4, 0x6E, 0x01, 0x00, 0x5A, 0x01, 0x00, 0x00,
	0x28, 0xAD, 0x6E, 0x01, 0x00, 0xD1, 0x6E, 0x01, 0x00, 0x0C, 0x0E, 0xE0,
	0xFA, 0x00, 0x00, 0x2E, 0xC0, 0xFA, 0x00, 0x00, 0x2E, 0xD0, 0xFA, 0x00,
	0x00, 0x7A, 0x40, 0x88, 0x00, 0x00, 0x80, 0x32, 0xA0, 0x87, 0x00, 0x00,
	0x61, 0x04, 0x3A, 0xB0, 0x7E, 0x00, 0x00, 0xC1, 0x04, 0x14, 0xE4, 0x02,
	0x94, 0x06, 0x20, 0x02, 0x29, 0x04, 0x08, 0xE8, 0x0A, 0xE9, 0x0A, 0x0C,
	0xBD, 0x03, 0x0A, 0x29, 0x02, 0x02, 0x94, 0x08, 0x94, 0x02, 0x00, 0x00,
	0x19, 0x32, 0x0D, 0x00, 0x24, 0x74, 0x23, 0x00, 0x24, 0x64, 0x22, 0x00,
	0x24, 0x34, 0x21, 0x00, 0x24, 0x01, 0x1A, 0x00, 0x18, 0xF0, 0x16, 0xE0,
	0x14, 0xD0, 0x12, 0xC0, 0x10, 0x50, 0x00, 0x00, 0x98, 0xEE, 0x00, 0x00,
	0x18, 0x6F, 0x01, 0x00, 0xCA, 0x00, 0x00, 0x00, 0x28, 0x21, 0x6F, 0x01,
	0x00, 0x35, 0x6F, 0x01, 0x00, 0x06, 0x0A, 0x40, 0x88, 0x00, 0x00, 0xB0,
	0x32, 0x40, 0x88, 0x00, 0x00, 0xF0, 0x32, 0x40, 0x88, 0x00, 0x00, 0x41,
	0x02, 0x10, 0x6E, 0x00, 0x69, 0x03, 0x02, 0xA2, 0x04, 0x91, 0x02, 0x06,
	0x0D, 0x07, 0x04, 0x5D, 0x03, 0x00, 0x90, 0x04, 0xC8, 0x00, 0x00, 0x00,
	0x11, 0x14, 0x06, 0x00, 0x14, 0x64, 0x0A, 0x00, 0x14, 0x34, 0x09, 0x00,
	0x14, 0x52, 0x10, 0x70, 0xC0, 0xED, 0x00, 0x00, 0x64, 0x6F, 0x01, 0x00,
	0x28, 0x6D, 0x6F, 0x01, 0x00, 0x73, 0x6F, 0x01, 0x00, 0x02, 0x0E, 0x60,
	0xFB, 0x00, 0x00, 0x02, 0xB0, 0x02, 0x00, 0x00, 0x19, 0x38, 0x0D, 0x00,
	0x27, 0x74, 0xA6, 0x00, 0x27, 0x64, 0xA5, 0x00, 0x27, 0x34, 0xA4, 0x00,
	0x27, 0x01, 0x9E, 0x00, 0x18, 0xF0, 0x16, 0xE0, 0x14, 0xD0, 0x12, 0xC0,
	0x10, 0x50, 0x00, 0x00, 0x98, 0xEE, 0x00, 0x00, 0xA4, 0x6F, 0x01, 0x00,
	0xE2, 0x04, 0x00, 0x00, 0x28, 0xAD, 0x6F, 0x01, 0x00, 0x0E, 0x72, 0x01,
	0x00, 0xB4, 0x0A, 0xB0, 0x7E, 0x00, 0x00, 0xC1, 0x02, 0x3A, 0xB0, 0x7E,
	0x00, 0x00, 0x01, 0x09, 0x76, 0xA8, 0xFB, 0x00, 0x00, 0x2A, 0xB0, 0xBB,
	0x00, 0x00, 0x21, 0x11, 0x3A, 0xD0, 0xC4, 0x00, 0x00, 0x41, 0x11, 0x9A,
	0x30, 0x8A, 0x00, 0x00, 0x60, 0x32, 0xB0, 0x7E, 0x00, 0x00, 0x81, 0x0C,
	0x6A, 0x20, 0x42, 0x00, 0x00, 0x81, 0x0C, 0x3A, 0xB0, 0x7E, 0x00, 0x00,
	0xC1, 0x03, 0x3A, 0xB0, 0x7E, 0x00, 0x00, 0x01, 0x08, 0x76, 0x29, 0xFC,
	0x00, 0x00, 0x2A, 0xB0, 0xBB, 0x00, 0x00, 0x21, 0x11, 0x3A, 0xD0, 0xC4,
	0x00, 0x00, 0x41, 0x11, 0x9A, 0x30, 0x8A, 0x00, 0x00, 0x41, 0x02, 0x3A,
	0xB0, 0x7E, 0x00, 0x00, 0x61, 0x0D, 0x72, 0x20, 0x42, 0x00, 0x00, 0x61,
	0x0D, 0x3A, 0xB0, 0x7E, 0x00, 0x00, 0x61, 0x06, 0x3E, 0x9E, 0xFC, 0x00,
	0x00, 0x2A, 0xB0, 0xBB, 0x00, 0x00, 0x21, 0x11, 0x3A, 0xD0, 0xC4, 0x00,
	0x00, 0x41, 0x11, 0x9A, 0x30, 0x8A, 0x00, 0x00, 0xF0, 0x32, 0xB0, 0x7E,
	0x00, 0x00, 0x41, 0x0E, 0x6A, 0x20, 0x42, 0x00, 0x00, 0x41, 0x0E, 0x3A,
	0xB0, 0x7E, 0x00, 0x00, 0x61, 0x05, 0x3A, 0xB0, 0x7E, 0x00, 0x00, 0x01,
	0x07, 0x76, 0x1F, 0xFD, 0x00, 0x00, 0x2A, 0xB0, 0xBB, 0x00, 0x00, 0x21,
	0x11, 0x3A, 0xD0, 0xC4, 0x00, 0x00, 0x41, 0x11, 0x9A, 0x30, 0x8A, 0x00,
	0x00, 0xC0, 0x32, 0xB0, 0x7E, 0x00, 0x00, 0x21, 0x0F, 0x6A, 0x20, 0x42,
	0x00, 0x00, 0x21, 0x0F, 0x3A, 0xB0, 0x7E, 0x00, 0x00, 0xE1, 0x04, 0x3E,
	0x94, 0xFD, 0x00, 0x00, 0x2A, 0xB0, 0xBB, 0x00, 0x00, 0x21, 0x11, 0x3A,
	0xD0, 0xC4, 0x00, 0x00, 0x41, 0x11, 0x9A, 0x30, 0x8A, 0x00, 0x00, 0x90,
	0x32, 0xB0, 0x7E, 0x00, 0x00, 0x01, 0x10, 0x45, 0x0D, 0xB0, 0x7E, 0x00,
	0x00, 0xC1, 0x03, 0x46, 0x29, 0xFC, 0x00, 0x00, 0x2A, 0x30, 0x8A, 0x00,
	0x00, 0x41, 0x02, 0x3A, 0xB0, 0x7E, 0x00, 0x00, 0x61, 0x06, 0x3E, 0x9E,
	0xFC, 0x00, 0x00, 0x2A, 0x30, 0x8A, 0x00, 0x00, 0xF0, 0x32, 0xB0, 0x7E,
	0x00, 0x00, 0x61, 0x05, 0x3E, 0x1F, 0xFD, 0x00, 0x00, 0x2A, 0x30, 0x8A,
	0x00, 0x00, 0xC0, 0x32, 0xB0, 0x7E, 0x00, 0x00, 0xE1, 0x04, 0x3E, 0x94,
	0xFD, 0x00, 0x00, 0x2A, 0x30, 0x8A, 0x00, 0x00, 0x90, 0x36, 0xF1, 0xFD,
	0x00, 0x00, 0x2E, 0x1E, 0xFE, 0x00, 0x00, 0x2E, 0x2E, 0xFE, 0x00, 0x00,
	0x7A, 0x40, 0x42, 0x00, 0x00, 0x81, 0x12, 0xB2, 0x40, 0x42, 0x00, 0x00,
	0x81, 0x12, 0x35, 0x02, 0x40, 0x42, 0x00, 0x00, 0x81, 0x12, 0x05, 0x03,
	0x40, 0x42, 0x00, 0x00, 0x81, 0x12, 0xF5, 0x03, 0x40, 0x42, 0x00, 0x00,
	0x81, 0x12, 0xD5, 0x04, 0x40, 0x42, 0x00, 0x00, 0x81, 0x12, 0xA5, 0x05,
	0x40, 0x42, 0x00, 0x00, 0x81, 0x12, 0x95, 0x06, 0x40, 0x42, 0x00, 0x00,
	0x81, 0x12, 0x75, 0x07, 0x40, 0x42, 0x00, 0x00, 0x81, 0x12, 0x45, 0x08,
	0x40, 0x42, 0x00, 0x00, 0x81, 0x12, 0x35, 0x09, 0x40, 0x42, 0x00, 0x00,
	0x81, 0x12, 0x25, 0x0A, 0x40, 0x42, 0x00, 0x00, 0x81, 0x12, 0xF5, 0x0A,
	0x40, 0x42, 0x00, 0x00, 0x81, 0x12, 0xF5, 0x0B, 0x40, 0x42, 0x00, 0x00,
	0x81, 0x12, 0xB5, 0x19, 0x40, 0x42, 0x00, 0x00, 0x81, 0x12, 0x65, 0x1B,
	0x40, 0x42, 0x00, 0x00, 0x81, 0x12, 0xC5, 0x1C, 0x40, 0x42, 0x00, 0x00,
	0x81, 0x12, 0x55, 0x1D, 0x40, 0x42, 0x00, 0x00, 0x81, 0x12, 0x42, 0x50,
	0x86, 0x00, 0x00, 0xA1, 0x11, 0x3A, 0xB0, 0x7E, 0x00, 0x00, 0x01, 0x0A,
	0x3A, 0xB0, 0x7E, 0x00, 0x00, 0x81, 0x0A, 0x3A, 0xB0, 0x7E, 0x00, 0x00,
	0x01, 0x0B, 0x3A, 0xB0, 0x7E, 0x00, 0x00, 0x81, 0x0B, 0x3D, 0x02, 0x92,
	0xFE, 0x00, 0x00, 0x32, 0xB0, 0xBB, 0x00, 0x00, 0x21, 0x11, 0x3A, 0xD0,
	0xC4, 0x00, 0x00, 0x60, 0x9A, 0x30, 0x8A, 0x00, 0x00, 0x01, 0x12, 0xD5,
	0x03, 0x30, 0x8A, 0x00, 0x00, 0x01, 0x12, 0x42, 0xB0, 0x7E, 0x00, 0x00,
	0xC1, 0x03, 0x3A, 0xB0, 0x7E, 0x00, 0x00, 0xC1, 0x02, 0x38, 0x46, 0xFB,
	0xFE, 0x00, 0x00, 0x6A, 0xE0, 0x41, 0x00, 0x00, 0x60, 0xD2, 0xE0, 0x41,
	0x00, 0x00, 0x60, 0x05, 0x02, 0xE0, 0x41, 0x00, 0x00, 0x41, 0x11, 0x09,
	0x03, 0xB0, 0x7E, 0x00, 0x00, 0x01, 0x11, 0x85, 0x03, 0x20, 0x42, 0x00,
	0x00, 0xC1, 0x02, 0x42, 0xE0, 0x41, 0x00, 0x00, 0x41, 0x11, 0x82, 0xE0,
	0x00, 0x3D, 0x06, 0x02, 0x64, 0x04, 0x64, 0x06, 0x52, 0x08, 0x74, 0x0A,
	0x60, 0x0C, 0x24, 0x0E, 0x4C, 0x10, 0x64, 0x12, 0x64, 0x14, 0x36, 0x16,
	0x92, 0x1A, 0x5E, 0x1C, 0x22, 0x1E, 0x64, 0x20, 0x58, 0x22, 0x3A, 0x24,
	0x82, 0x28, 0x36, 0x2A, 0x24, 0x2C, 0x4C, 0x2E, 0x64, 0x30, 0x64, 0x32,
	0x3C, 0x34, 0x9E, 0x38, 0x60, 0x3A, 0x24, 0x3C, 0x4C, 0x3E, 0x4C, 0x40,
	0x3C, 0x42, 0x82, 0x46, 0x32, 0x48, 0x24, 0x4A, 0x46, 0x64, 0xA8, 0x68,
	0x3C, 0x6A, 0x5C, 0x6E, 0x4E, 0x72, 0x68, 0x78, 0x62, 0x7E, 0x6C, 0x84,
	0x68, 0x8A, 0xBA, 0x8E, 0x64, 0x90, 0x64, 0x92, 0x64, 0x94, 0x64, 0x96,
	0x48, 0x98, 0x8C, 0x9C, 0x7C, 0xA0, 0x66, 0xA2, 0x48, 0xA4, 0x28, 0xA8,
	0x3E, 0xA4, 0x61, 0x02, 0xAE, 0x71, 0x02, 0xA0, 0x51, 0x04, 0xB0, 0x1C,
	0xA0, 0x2C, 0xB2, 0x6E, 0xB4, 0xC5, 0x02, 0xA0, 0x01, 0x04, 0x00, 0x56,
	0xA0, 0x16, 0xAC, 0x00, 0x19, 0x2C, 0x0B, 0x00, 0x1A, 0x64, 0x24, 0x00,
	0x1A, 0x34, 0x23, 0x00, 0x1A, 0x01, 0x1C, 0x00, 0x13, 0xF0, 0x11, 0xE0,
	0x0F, 0xD0, 0x0D, 0xC0, 0x0B, 0x70, 0x00, 0x00, 0x98, 0xEE, 0x00, 0x00,
	0xC0, 0x72, 0x01, 0x00, 0xD3, 0x00, 0x00, 0x00, 0x38, 0xCD, 0x72, 0x01,
	0x00, 0xDD, 0x72, 0x01, 0x00, 0xF3, 0x72, 0x01, 0x00, 0x08, 0x08, 0x0A,
	0x90, 0x7E, 0x00, 0x00, 0x41, 0x02, 0x3A, 0x80, 0x7E, 0x00, 0x00, 0xA0,
	0x78, 0x02, 0x00, 0x04, 0x06, 0xE5, 0x72, 0x01, 0x00, 0x02, 0x17, 0x12,
	0xC0, 0xA7, 0x01, 0x00, 0x70, 0x78, 0xFF, 0x00, 0x00, 0xB5, 0x0F, 0x0C,
	0x84, 0x02, 0x61, 0x08, 0x04, 0x60, 0x06, 0x75, 0x02, 0x04, 0x8A, 0x02,
	0x05, 0x02, 0x00, 0x00, 0x01, 0x0C, 0x04, 0x00, 0x0C, 0x32, 0x08, 0x70,
	0x07, 0x50, 0x06, 0x30, 0x19, 0x2A, 0x09, 0x00, 0x18, 0x74, 0x29, 0x00,
	0x18, 0x64, 0x28, 0x00, 0x18, 0x34, 0x27, 0x00, 0x18, 0x01, 0x24, 0x00,
	0x11, 0xE0, 0x00, 0x00, 0x98, 0xEE, 0x00, 0x00, 0x34, 0x73, 0x01, 0x00,
	0x13, 0x01, 0x00, 0x00, 0x38, 0x41, 0x73, 0x01, 0x00, 0x6B, 0x73, 0x01,
	0x00, 0x81, 0x73, 0x01, 0x00, 0x10, 0x08, 0x0A, 0xB0, 0x7E, 0x00, 0x00,
	0x70, 0x32, 0xB0, 0xBB, 0x00, 0x00, 0x40, 0x32, 0xD0, 0xC4, 0x00, 0x00,
	0xE0, 0x92, 0x30, 0x8A, 0x00, 0x00, 0xB0, 0x32, 0x90, 0x7E, 0x00, 0x00,
	0x41, 0x03, 0x3A, 0x80, 0x7E, 0x00, 0x00, 0x41, 0x02, 0x81, 0x02, 0x02,
	0x00, 0x0C, 0x0E, 0x73, 0x73, 0x01, 0x00, 0x02, 0x17, 0x12, 0xC0, 0xA7,
	0x01, 0x00, 0x60, 0x58, 0x00, 0x01, 0x00, 0x51, 0x10, 0x14, 0x6A, 0x02,
	0x58, 0x04, 0x94, 0x08, 0x3C, 0x0A, 0x05, 0x05, 0x0C, 0x76, 0x0E, 0x95,
	0x02, 0x0C, 0x45, 0x03, 0x0A, 0x86, 0x04, 0x42, 0x00, 0x00, 0x00, 0x00,
	0x01, 0x0B, 0x03, 0x00, 0x0B, 0x42, 0x07, 0x50, 0x06, 0x30, 0x00, 0x00,
	0x19, 0x30, 0x0B, 0x00, 0x1F, 0x34, 0x5E, 0x00, 0x1F, 0x01, 0x54, 0x00,
	0x10, 0xF0, 0x0E, 0xE0, 0x0C, 0xD0, 0x0A, 0xC0, 0x08, 0x70, 0x07, 0x60,
	0x06, 0x50, 0x00, 0x00, 0x98, 0xEE, 0x00, 0x00, 0xD0, 0x73, 0x01, 0x00,
	0x92, 0x02, 0x00, 0x00, 0x28, 0xD9, 0x73, 0x01, 0x00, 0xE0, 0x73, 0x01,
	0x00, 0x02, 0x0A, 0xE0, 0x85, 0x00, 0x00, 0x90, 0x0A, 0xCE, 0x00, 0xE9,
	0x05, 0x02, 0xFC, 0x00, 0x6E, 0x02, 0xF1, 0x08, 0x00, 0x00, 0x00, 0x00,
	0x19, 0x17, 0x04, 0x00, 0x08, 0x72, 0x04, 0x70, 0x03, 0x50, 0x02, 0x30,
	0x14, 0xE5, 0x00, 0x00, 0x38, 0x00, 0x00, 0x00, 0x21, 0x05, 0x02, 0x00,
	0x05, 0x64, 0x0E, 0x00, 0xA0, 0x7C, 0x00, 0x00, 0x0E, 0x7D, 0x00, 0x00,
	0xF0, 0x73, 0x01, 0x00, 0x21, 0x00, 0x00, 0x00, 0xA0, 0x7C, 0x00, 0x00,
	0x0E, 0x7D, 0x00, 0x00, 0xF0, 0x73, 0x01, 0x00, 0x01, 0x0A, 0x04, 0x00,
	0x0A, 0x34, 0x0A, 0x00, 0x0A, 0x52, 0x06, 0x60, 0x21, 0x05, 0x02, 0x00,
	0x05, 0x74, 0x09, 0x00, 0xC0, 0x7E, 0x00, 0x00, 0x19, 0x7F, 0x00, 0x00,
	0x28, 0x74, 0x01, 0x00, 0x21, 0x00, 0x00, 0x00, 0xC0, 0x7E, 0x00, 0x00,
	0x19, 0x7F, 0x00, 0x00, 0x28, 0x74, 0x01, 0x00, 0x19, 0x26, 0x05, 0x00,
	0x15, 0x34, 0x58, 0x00, 0x15, 0x01, 0x56, 0x00, 0x06, 0x50, 0x00, 0x00,
	0x98, 0xEE, 0x00, 0x00, 0x74, 0x74, 0x01, 0x00, 0xA2, 0x02, 0x00, 0x00,
	0x28, 0x7D, 0x74, 0x01, 0x00, 0x8A, 0x74, 0x01, 0x00, 0x04, 0x0A, 0xB0,
	0x7E, 0x00, 0x00, 0x80, 0x32, 0xB0, 0x7E, 0x00, 0x00, 0x40, 0x16, 0x4C,
	0x00, 0x5C, 0x02, 0x52, 0x04, 0x20, 0x02, 0x66, 0x04, 0x20, 0x02, 0x66,
	0x04, 0x20, 0x02, 0x66, 0x04, 0x20, 0x02, 0x15, 0x03, 0x00, 0x00, 0x00,
	0x19, 0x16, 0x08, 0x00, 0x16, 0x34, 0x0D, 0x00, 0x16, 0x52, 0x12, 0xF0,
	0x10, 0xE0, 0x0E, 0xC0, 0x0C, 0x70, 0x0B, 0x60, 0xC0, 0xED, 0x00, 0x00,
	0xC0, 0x74, 0x01, 0x00, 0x38, 0xCD, 0x74, 0x01, 0x00, 0xE1, 0x74, 0x01,
	0x00, 0xF2, 0x74, 0x01, 0x00, 0x0A, 0x0A, 0x20, 0xBD, 0x00, 0x00, 0x40,
	0x3A, 0x90, 0xA4, 0x00, 0x00, 0x40, 0x30, 0x38, 0x7E, 0xCC, 0xED, 0x00,
	0x00, 0x02, 0x04, 0x04, 0x06, 0xE9, 0x74, 0x01, 0x00, 0x02, 0x11, 0x80,
	0x28, 0x01, 0x01, 0x00, 0xC5, 0x05, 0x0C, 0xD6, 0x00, 0x68, 0x02, 0xBA,
	0x06, 0xE6, 0x04, 0x4C, 0x00, 0x50, 0x0A, 0x00, 0x01, 0x0A, 0x02, 0x00,
	0x0A, 0x32, 0x06, 0x50, 0x11, 0x1A, 0x09, 0x00, 0x1A, 0x64, 0x29, 0x00,
	0x1A, 0x34, 0x27, 0x00, 0x1A, 0x01, 0x22, 0x00, 0x0E, 0xE0, 0x0C, 0x70,
	0x0B, 0x50, 0x00, 0x00, 0xC0, 0xED, 0x00, 0x00, 0x28, 0x75, 0x01, 0x00,
	0x28, 0x31, 0x75, 0x01, 0x00, 0x6B, 0x75, 0x01, 0x00, 0x14, 0x0C, 0xB0,
	0x7E, 0x00, 0x00, 0x40, 0x3A, 0x20, 0x42, 0x00, 0x00, 0xA0, 0x30, 0x3E,
	0x88, 0x01, 0x01, 0x00, 0x2C, 0x50, 0xBD, 0x00, 0x00, 0x40, 0x36, 0xB1,
	0x01, 0x01, 0x00, 0x2C, 0xC0, 0x2E, 0x00, 0x00, 0xC1, 0x03, 0x3E, 0xD0,
	0x01, 0x01, 0x00, 0x35, 0x02, 0xE0, 0x41, 0x00, 0x00, 0xE1, 0x03, 0x25,
	0x03, 0xE0, 0x41, 0x00, 0x00, 0xE1, 0x03, 0x0C, 0x72, 0x00, 0x1E, 0x02,
	0x26, 0x04, 0x4A, 0x08, 0xA6, 0x10, 0x58, 0x0C, 0x01, 0x0A, 0x04, 0x00,
	0x0A, 0x34, 0x0A, 0x00, 0x0A, 0x52, 0x06, 0x70, 0x21, 0x05, 0x02, 0x00,
	0x05, 0x64, 0x09, 0x00, 0x50, 0x86, 0x00, 0x00, 0x69, 0x86, 0x00, 0x00,
	0x78, 0x75, 0x01, 0x00, 0x21, 0x00, 0x00, 0x00, 0x50, 0x86, 0x00, 0x00,
	0x69, 0x86, 0x00, 0x00, 0x78, 0x75, 0x01, 0x00, 0x01, 0x0A, 0x04, 0x00,
	0x0A, 0x64, 0x08, 0x00, 0x0A, 0x32, 0x06, 0x70, 0x21, 0x05, 0x02, 0x00,
	0x05, 0x34, 0x07, 0x00, 0x30, 0x87, 0x00, 0x00, 0x53, 0x87, 0x00, 0x00,
	0xA8, 0x75, 0x01, 0x00, 0x21, 0x00, 0x00, 0x00, 0x30, 0x87, 0x00, 0x00,
	0x53, 0x87, 0x00, 0x00, 0xA8, 0x75, 0x01, 0x00, 0x01, 0x0B, 0x04, 0x00,
	0x0B, 0x64, 0x09, 0x00, 0x0B, 0x32, 0x07, 0xE0, 0x21, 0x0A, 0x04, 0x00,
	0x0A, 0x74, 0x08, 0x00, 0x05, 0x34, 0x07, 0x00, 0xB0, 0x88, 0x00, 0x00,
	0xD4, 0x88, 0x00, 0x00, 0xD8, 0x75, 0x01, 0x00, 0x21, 0x00, 0x00, 0x00,
	0xB0, 0x88, 0x00, 0x00, 0xD4, 0x88, 0x00, 0x00, 0xD8, 0x75, 0x01, 0x00,
	0x01, 0x16, 0x0A, 0x00, 0x16, 0x54, 0x0C, 0x00, 0x16, 0x34, 0x0B, 0x00,
	0x16, 0x32, 0x12, 0xF0, 0x10, 0xD0, 0x0E, 0xC0, 0x0C, 0x70, 0x0B, 0x60,
	0x21, 0x05, 0x02, 0x00, 0x05, 0xE4, 0x0A, 0x00, 0x30, 0x89, 0x00, 0x00,
	0xB0, 0x89, 0x00, 0x00, 0x0C, 0x76, 0x01, 0x00, 0x21, 0x00, 0x00, 0x00,
	0x30, 0x89, 0x00, 0x00, 0xB0, 0x89, 0x00, 0x00, 0x0C, 0x76, 0x01, 0x00,
	0x11, 0x0C, 0x06, 0x00, 0x0C, 0x34, 0x0E, 0x00, 0x0C, 0x72, 0x08, 0x70,
	0x07, 0x60, 0x06, 0x50, 0xC0, 0xED, 0x00, 0x00, 0x60, 0x76, 0x01, 0x00,
	0x28, 0x69, 0x76, 0x01, 0x00, 0x76, 0x76, 0x01, 0x00, 0x04, 0x0A, 0xB0,
	0xBB, 0x00, 0x00, 0x70, 0x32, 0xD0, 0xC4, 0x00, 0x00, 0x40, 0x04, 0x5E,
	0x00, 0x6E, 0x04, 0x00, 0x19, 0x1E, 0x06, 0x00, 0x0F, 0x64, 0x0E, 0x00,
	0x0F, 0x34, 0x0D, 0x00, 0x0F, 0x92, 0x0B, 0x70, 0x98, 0xEE, 0x00, 0x00,
	0x98, 0x76, 0x01, 0x00, 0x42, 0x00, 0x00, 0x00, 0x28, 0xA1, 0x76, 0x01,
	0x00, 0xA8, 0x76, 0x01, 0x00, 0x02, 0x0A, 0x30, 0x92, 0x00, 0x00, 0x60,
	0x08, 0x98, 0x00, 0x50, 0x02, 0x09, 0x02, 0x00, 0x64, 0x02, 0x00, 0x00,
	0x19, 0x19, 0x04, 0x00, 0x0A, 0x34, 0x0B, 0x00, 0x0A, 0x72, 0x06, 0x70,
	0x98, 0xEE, 0x00, 0x00, 0xCC, 0x76, 0x01, 0x00, 0x32, 0x00, 0x00, 0x00,
	0x28, 0xD5, 0x76, 0x01, 0x00, 0xDC, 0x76, 0x01, 0x00, 0x02, 0x0A, 0x30,
	0x92, 0x00, 0x00, 0x40, 0x06, 0x88, 0x00, 0x50, 0x02, 0x98, 0x00, 0x00,
	0x11, 0x19, 0x0A, 0x00, 0x19, 0x54, 0x18, 0x00, 0x19, 0x34, 0x17, 0x00,
	0x19, 0xF2, 0x12, 0xF0, 0x10, 0xE0, 0x0E, 0xC0, 0x0C, 0x70, 0x0B, 0x60,
	0xC0, 0xED, 0x00, 0x00, 0x04, 0x77, 0x01, 0x00, 0x28, 0x0D, 0x77, 0x01,
	0x00, 0x2C, 0x77, 0x01, 0x00, 0x0C, 0x0A, 0x20, 0x92, 0x00, 0x00, 0x40,
	0x3A, 0x30, 0x30, 0x00, 0x00, 0x80, 0x36, 0x48, 0x02, 0x01, 0x00, 0x2C,
	0x30, 0x30, 0x00, 0x00, 0x60, 0x88, 0x92, 0xC0, 0x2E, 0x00, 0x00, 0x40,
	0x10, 0x8E, 0x00, 0x44, 0x02, 0x6D, 0x03, 0x00, 0xD4, 0x04, 0x24, 0x06,
	0x38, 0x08, 0x86, 0x0C, 0x1E, 0x04, 0x00, 0x00, 0x11, 0x0A, 0x04, 0x00,
	0x0A, 0x34, 0x0B, 0x00, 0x0A, 0x72, 0x06, 0x70, 0xC0, 0xED, 0x00, 0x00,
	0x54, 0x77, 0x01, 0x00, 0x28, 0xA1, 0x67, 0x01, 0x00, 0x5D, 0x77, 0x01,
	0x00, 0x02, 0xC2, 0x02, 0x19, 0x06, 0x02, 0x00, 0x06, 0x32, 0x02, 0x30,
	0xC0, 0xED, 0x00, 0x00, 0x70, 0x77, 0x01, 0x00, 0x68, 0x05, 0x63, 0x01,
	0x00, 0xDC, 0x63, 0x01, 0x00, 0x00, 0x00, 0x00, 0x01, 0x0C, 0x06, 0x00,
	0x0C, 0x52, 0x08, 0xF0, 0x06, 0xE0, 0x04, 0x60, 0x03, 0x50, 0x02, 0x30,
	0x21, 0x05, 0x02, 0x00, 0x05, 0x74, 0x0E, 0x00, 0xE0, 0x92, 0x00, 0x00,
	0x2D, 0x93, 0x00, 0x00, 0x7C, 0x77, 0x01, 0x00, 0x21, 0x00, 0x00, 0x00,
	0xE0, 0x92, 0x00, 0x00, 0x2D, 0x93, 0x00, 0x00, 0x7C, 0x77, 0x01, 0x00,
	0x21, 0x00, 0x02, 0x00, 0x00, 0x74, 0x0E, 0x00, 0xE0, 0x92, 0x00, 0x00,
	0x2D, 0x93, 0x00, 0x00, 0x7C, 0x77, 0x01, 0x00, 0x01, 0x12, 0x08, 0x00,
	0x12, 0x54, 0x0D, 0x00, 0x12, 0x34, 0x0C, 0x00, 0x12, 0x52, 0x0E, 0xE0,
	0x0C, 0x70, 0x0B, 0x60, 0x19, 0x0F, 0x06, 0x00, 0x0F, 0x64, 0x08, 0x00,
	0x0F, 0x34, 0x06, 0x00, 0x0F, 0x32, 0x0B, 0x70, 0xC0, 0xED, 0x00, 0x00,
	0xF0, 0x77, 0x01, 0x00, 0x68, 0x05, 0x63, 0x01, 0x00, 0xF9, 0x77, 0x01,
	0x00, 0x04, 0x5C, 0x02, 0xB2, 0x00, 0x00, 0x00, 0x19, 0x16, 0x08, 0x00,
	0x16, 0x34, 0x0D, 0x00, 0x16, 0x52, 0x12, 0xF0, 0x10, 0xE0, 0x0E, 0xC0,
	0x0C, 0x70, 0x0B, 0x60, 0xC0, 0xED, 0x00, 0x00, 0x1C, 0x78, 0x01, 0x00,
	0x38, 0xCD, 0x74, 0x01, 0x00, 0x29, 0x78, 0x01, 0x00, 0x3A, 0x78, 0x01,
	0x00, 0x02, 0x04, 0x04, 0x06, 0x31, 0x78, 0x01, 0x00, 0x02, 0x11, 0x80,
	0x28, 0x01, 0x01, 0x00, 0xA1, 0x05, 0x0E, 0xAE, 0x00, 0x68, 0x02, 0xBA,
	0x06, 0xA0, 0x04, 0x32, 0x06, 0x68, 0x04, 0x5E, 0x0A, 0x00, 0x00, 0x00,
	0x11, 0x10, 0x08, 0x00, 0x10, 0x34, 0x0F, 0x00, 0x10, 0x52, 0x0C, 0xF0,
	0x0A, 0xE0, 0x08, 0x70, 0x07, 0x60, 0x06, 0x50, 0xC0, 0xED, 0x00, 0x00,
	0x68, 0x78, 0x01, 0x00, 0x28, 0x71, 0x78, 0x01, 0x00, 0x7E, 0x78, 0x01,
	0x00, 0x04, 0x0A, 0x30, 0xC5, 0x00, 0x00, 0x40, 0x3A, 0x30, 0xB5, 0x00,
	0x00, 0x40, 0x06, 0xD9, 0x03, 0x00, 0x34, 0x02, 0x01, 0x04, 0x04, 0x00,
	0x11, 0x14, 0x0A, 0x00, 0x14, 0x34, 0x13, 0x00, 0x14, 0x72, 0x10, 0xF0,
	0x0E, 0xE0, 0x0C, 0xD0, 0x0A, 0xC0, 0x08, 0x70, 0x07, 0x60, 0x06, 0x50,
	0xC0, 0xED, 0x00, 0x00, 0xA8, 0x78, 0x01, 0x00, 0x28, 0xB1, 0x78, 0x01,
	0x00, 0xBE, 0x78, 0x01, 0x00, 0x04, 0x0A, 0x10, 0xC5, 0x00, 0x00, 0x50,
	0x3A, 0xE0, 0xB4, 0x00, 0x00, 0x50, 0x08, 0xE9, 0x03, 0x00, 0x34, 0x02,
	0x4E, 0x04, 0xC9, 0x04, 0x00, 0x00, 0x00, 0x00, 0x01, 0x0C, 0x06, 0x00,
	0x0C, 0x52, 0x08, 0xF0, 0x06, 0xE0, 0x04, 0x70, 0x03, 0x50, 0x02, 0x30,
	0x21, 0x05, 0x02, 0x00, 0x05, 0x64, 0x0F, 0x00, 0xF0, 0x9D, 0x00, 0x00,
	0xD1, 0x9E, 0x00, 0x00, 0xCC, 0x78, 0x01, 0x00, 0x21, 0x00, 0x00, 0x00,
	0xF0, 0x9D, 0x00, 0x00, 0xD1, 0x9E, 0x00, 0x00, 0xCC, 0x78, 0x01, 0x00,
	0x01, 0x0A, 0x05, 0x00, 0x0A, 0x62, 0x06, 0xE0, 0x04, 0x70, 0x03, 0x60,
	0x02, 0x50, 0x00, 0x00, 0x21, 0x05, 0x02, 0x00, 0x05, 0x34, 0x06, 0x00,
	0x40, 0x9F, 0x00, 0x00, 0x8E, 0x9F, 0x00, 0x00, 0x00, 0x79, 0x01, 0x00,
	0x21, 0x00, 0x00, 0x00, 0x40, 0x9F, 0x00, 0x00, 0x8E, 0x9F, 0x00, 0x00,
	0x00, 0x79, 0x01, 0x00, 0x21, 0x00, 0x02, 0x00, 0x00, 0x34, 0x06, 0x00,
	0x40, 0x9F, 0x00, 0x00, 0x8E, 0x9F, 0x00, 0x00, 0x00, 0x79, 0x01, 0x00,
	0x21, 0x05, 0x02, 0x00, 0x05, 0x74, 0x09, 0x00, 0x80, 0xA0, 0x00, 0x00,
	0x95, 0xA0, 0x00, 0x00, 0x28, 0x74, 0x01, 0x00, 0x21, 0x00, 0x00, 0x00,
	0x80, 0xA0, 0x00, 0x00, 0x95, 0xA0, 0x00, 0x00, 0x28, 0x74, 0x01, 0x00,
	0x19, 0x1E, 0x06, 0x00, 0x0F, 0x64, 0x11, 0x00, 0x0F, 0x34, 0x10, 0x00,
	0x0F, 0xB2, 0x0B, 0x70, 0x98, 0xEE, 0x00, 0x00, 0x88, 0x79, 0x01, 0x00,
	0x52, 0x00, 0x00, 0x00, 0x28, 0x91, 0x79, 0x01, 0x00, 0xA4, 0x79, 0x01,
	0x00, 0x06, 0x0C, 0x00, 0x25, 0x00, 0x00, 0x70, 0x32, 0x30, 0x92, 0x00,
	0x00, 0x80, 0x34, 0x00, 0x25, 0x00, 0x00, 0x60, 0x0A, 0xA2, 0x02, 0x50,
	0x04, 0x8E, 0x06, 0x68, 0x00, 0x38, 0x06, 0x00, 0x21, 0x05, 0x02, 0x00,
	0x05, 0x64, 0x06, 0x00, 0x40, 0xA2, 0x00, 0x00, 0x6D, 0xA2, 0x00, 0x00,
	0xE0, 0x63, 0x01, 0x00, 0x21, 0x00, 0x00, 0x00, 0x40, 0xA2, 0x00, 0x00,
	0x6D, 0xA2, 0x00, 0x00, 0xE0, 0x63, 0x01, 0x00, 0x11, 0x0F, 0x08, 0x00,
	0x0F, 0x92, 0x0B, 0xF0, 0x09, 0xE0, 0x07, 0xC0, 0x05, 0x70, 0x04, 0x60,
	0x03, 0x50, 0x02, 0x30, 0xC0, 0xED, 0x00, 0x00, 0xF0, 0x79, 0x01, 0x00,
	0x28, 0xF9, 0x79, 0x01, 0x00, 0x00, 0x7A, 0x01, 0x00, 0x02, 0x0C, 0xC0,
	0x2E, 0x00, 0x00, 0x40, 0x02, 0x4E, 0x02, 0x00, 0x19, 0x06, 0x02, 0x00,
	0x06, 0x32, 0x02, 0x30, 0xC0, 0xED, 0x00, 0x00, 0x14, 0x7A, 0x01, 0x00,
	0x68, 0x05, 0x63, 0x01, 0x00, 0x1D, 0x7A, 0x01, 0x00, 0x02, 0x68, 0x02,
	0x19, 0x25, 0x09, 0x00, 0x13, 0x34, 0x20, 0x00, 0x13, 0x01, 0x18, 0x00,
	0x0C, 0xF0, 0x0A, 0xE0, 0x08, 0x70, 0x07, 0x60, 0x06, 0x50, 0x00, 0x00,
	0x98, 0xEE, 0x00, 0x00, 0x44, 0x7A, 0x01, 0x00, 0xB2, 0x00, 0x00, 0x00,
	0x28, 0x4D, 0x7A, 0x01, 0x00, 0x78, 0x7A, 0x01, 0x00, 0x0E, 0x0C, 0xA0,
	0x8D, 0x00, 0x00, 0xA1, 0x02, 0x3C, 0x30, 0x30, 0x00, 0x00, 0x50, 0x32,
	0x70, 0xD3, 0x00, 0x00, 0x70, 0xA4, 0x50, 0xBD, 0x00, 0x00, 0xA1, 0x02,
	0x3E, 0x30, 0x03, 0x01, 0x00, 0x2C, 0xC0, 0x2E, 0x00, 0x00, 0x40, 0x36,
	0x4F, 0x03, 0x01, 0x00, 0x0A, 0xB6, 0x04, 0x3C, 0x06, 0xCA, 0x0E, 0x7C,
	0x0A, 0xC2, 0x00, 0x00, 0x01, 0x0D, 0x05, 0x00, 0x0D, 0x82, 0x09, 0xF0,
	0x07, 0xE0, 0x05, 0x50, 0x04, 0x30, 0x00, 0x00, 0x21, 0x24, 0x08, 0x00,
	0x24, 0xD4, 0x06, 0x00, 0x13, 0xC4, 0x07, 0x00, 0x0C, 0x74, 0x08, 0x00,
	0x04, 0x64, 0x11, 0x00, 0x40, 0xA7, 0x00, 0x00, 0x84, 0xA7, 0x00, 0x00,
	0x84, 0x7A, 0x01, 0x00, 0x21, 0x00, 0x08, 0x00, 0x00, 0xD4, 0x06, 0x00,
	0x00, 0xC4, 0x07, 0x00, 0x00, 0x74, 0x08, 0x00, 0x00, 0x64, 0x11, 0x00,
	0x40, 0xA7, 0x00, 0x00, 0x84, 0xA7, 0x00, 0x00, 0x84, 0x7A, 0x01, 0x00,
	0x21, 0x00, 0x00, 0x00, 0x40, 0xA7, 0x00, 0x00, 0x84, 0xA7, 0x00, 0x00,
	0x84, 0x7A, 0x01, 0x00, 0x11, 0x14, 0x0A, 0x00, 0x14, 0x34, 0x19, 0x00,
	0x14, 0xD2, 0x10, 0xF0, 0x0E, 0xE0, 0x0C, 0xD0, 0x0A, 0xC0, 0x08, 0x70,
	0x07, 0x60, 0x06, 0x50, 0xC0, 0xED, 0x00, 0x00, 0x04, 0x7B, 0x01, 0x00,
	0x28, 0x0D, 0x7B, 0x01, 0x00, 0x14, 0x7B, 0x01, 0x00, 0x02, 0x0A, 0x30,
	0xC8, 0x00, 0x00, 0x80, 0x06, 0xCD, 0x03, 0x00, 0xC6, 0x02, 0x15, 0x07,
	0x00, 0x00, 0x00, 0x00, 0x01, 0x0C, 0x06, 0x00, 0x0C, 0x52, 0x08, 0xE0,
	0x06, 0xC0, 0x04, 0x60, 0x03, 0x50, 0x02, 0x30, 0x21, 0x0D, 0x04, 0x00,
	0x0D, 0xF4, 0x0F, 0x00, 0x05, 0x74, 0x0E, 0x00, 0x20, 0xAD, 0x00, 0x00,
	0x59, 0xAD, 0x00, 0x00, 0x20, 0x7B, 0x01, 0x00, 0x21, 0x00, 0x04, 0x00,
	0x00, 0xF4, 0x0F, 0x00, 0x00, 0x74, 0x0E, 0x00, 0x20, 0xAD, 0x00, 0x00,
	0x59, 0xAD, 0x00, 0x00, 0x20, 0x7B, 0x01, 0x00, 0x21, 0x00, 0x00, 0x00,
	0x20, 0xAD, 0x00, 0x00, 0x59, 0xAD, 0x00, 0x00, 0x20, 0x7B, 0x01, 0x00,
	0x11, 0x14, 0x0A, 0x00, 0x14, 0x34, 0x17, 0x00, 0x14, 0xB2, 0x10, 0xF0,
	0x0E, 0xE0, 0x0C, 0xD0, 0x0A, 0xC0, 0x08, 0x70, 0x07, 0x60, 0x06, 0x50,
	0xC0, 0xED, 0x00, 0x00, 0x90, 0x7B, 0x01, 0x00, 0x28, 0x99, 0x7B, 0x01,
	0x00, 0xA0, 0x7B, 0x01, 0x00, 0x02, 0x0A, 0xB0, 0xC8, 0x00, 0x00, 0x70,
	0x06, 0x91, 0x02, 0x00, 0xC6, 0x02, 0x51, 0x05, 0x00, 0x00, 0x00, 0x00,
	0x01, 0x0F, 0x04, 0x00, 0x0F, 0x34, 0x0A, 0x00, 0x0F, 0x52, 0x0B, 0x70,
	0x21, 0x05, 0x02, 0x00, 0x05, 0x64, 0x09, 0x00, 0x50, 0xB1, 0x00, 0x00,
	0x5F, 0xB1, 0x00, 0x00, 0xAC, 0x7B, 0x01, 0x00, 0x21, 0x00, 0x00, 0x00,
	0x50, 0xB1, 0x00, 0x00, 0x5F, 0xB1, 0x00, 0x00, 0xAC, 0x7B, 0x01, 0x00,
	0x21, 0x00, 0x02, 0x00, 0x00, 0x64, 0x09, 0x00, 0x50, 0xB1, 0x00, 0x00,
	0x5F, 0xB1, 0x00, 0x00, 0xAC, 0x7B, 0x01, 0x00, 0x01, 0x0A, 0x05, 0x00,
	0x0A, 0x62, 0x06, 0xF0, 0x04, 0x60, 0x03, 0x50, 0x02, 0x30, 0x00, 0x00,
	0x21, 0x0A, 0x04, 0x00, 0x0A, 0xE4, 0x06, 0x00, 0x05, 0x74, 0x0E, 0x00,
	0xE0, 0xB1, 0x00, 0x00, 0x06, 0xB2, 0x00, 0x00, 0xF0, 0x7B, 0x01, 0x00,
	0x21, 0x00, 0x04, 0x00, 0x00, 0xE4, 0x06, 0x00, 0x00, 0x74, 0x0E, 0x00,
	0xE0, 0xB1, 0x00, 0x00, 0x06, 0xB2, 0x00, 0x00, 0xF0, 0x7B, 0x01, 0x00,
	0x21, 0x00, 0x00, 0x00, 0xE0, 0xB1, 0x00, 0x00, 0x06, 0xB2, 0x00, 0x00,
	0xF0, 0x7B, 0x01, 0x00, 0x01, 0x08, 0x04, 0x00, 0x08, 0x72, 0x04, 0x60,
	0x03, 0x50, 0x02, 0x30, 0x21, 0x18, 0x08, 0x00, 0x18, 0xF4, 0x06, 0x00,
	0x0F, 0xE4, 0x07, 0x00, 0x0A, 0xC4, 0x0F, 0x00, 0x05, 0x74, 0x0E, 0x00,
	0x30, 0xB3, 0x00, 0x00, 0x58, 0xB3, 0x00, 0x00, 0x40, 0x7C, 0x01, 0x00,
	0x21, 0x00, 0x00, 0x00, 0x30, 0xB3, 0x00, 0x00, 0x58, 0xB3, 0x00, 0x00,
	0x40, 0x7C, 0x01, 0x00, 0x21, 0x00, 0x08, 0x00, 0x00, 0xF4, 0x06, 0x00,
	0x00, 0xE4, 0x07, 0x00, 0x00, 0xC4, 0x0F, 0x00, 0x00, 0x74, 0x0E, 0x00,
	0x30, 0xB3, 0x00, 0x00, 0x58, 0xB3, 0x00, 0x00, 0x40, 0x7C, 0x01, 0x00,
	0x19, 0x1E, 0x06, 0x00, 0x0F, 0x64, 0x0E, 0x00, 0x0F, 0x34, 0x0D, 0x00,
	0x0F, 0x92, 0x0B, 0x70, 0x98, 0xEE, 0x00, 0x00, 0xB8, 0x7C, 0x01, 0x00,
	0x42, 0x00, 0x00, 0x00, 0x28, 0xA1, 0x76, 0x01, 0x00, 0xC1, 0x7C, 0x01,
	0x00, 0x0C, 0x68, 0x00, 0xAA, 0x02, 0xFA, 0x00, 0x64, 0x02, 0x2E, 0x00,
	0x16, 0x02, 0x00, 0x00, 0x01, 0x0F, 0x06, 0x00, 0x0F, 0x64, 0x08, 0x00,
	0x0F, 0x34, 0x07, 0x00, 0x0F, 0x32, 0x0B, 0x70, 0x11, 0x0F, 0x06, 0x00,
	0x0F, 0x64, 0x0A, 0x00, 0x0F, 0x34, 0x09, 0x00, 0x0F, 0x52, 0x0B, 0x70,
	0xC0, 0xED, 0x00, 0x00, 0xF8, 0x7C, 0x01, 0x00, 0x28, 0x01, 0x7D, 0x01,
	0x00, 0x0E, 0x7D, 0x01, 0x00, 0x04, 0x0A, 0x80, 0xA5, 0x00, 0x00, 0x50,
	0x34, 0x30, 0x30, 0x00, 0x00, 0x40, 0x04, 0x2E, 0x00, 0x78, 0x04, 0x00,
	0x01, 0x06, 0x02, 0x00, 0x06, 0x32, 0x02, 0x60, 0x21, 0x11, 0x04, 0x00,
	0x11, 0x54, 0x08, 0x00, 0x05, 0x34, 0x07, 0x00, 0x80, 0xB8, 0x00, 0x00,
	0x86, 0xB8, 0x00, 0x00, 0x14, 0x7D, 0x01, 0x00, 0x21, 0x05, 0x02, 0x00,
	0x05, 0x74, 0x09, 0x00, 0x86, 0xB8, 0x00, 0x00, 0x9F, 0xB8, 0x00, 0x00,
	0x1C, 0x7D, 0x01, 0x00, 0x21, 0x00, 0x00, 0x00, 0x86, 0xB8, 0x00, 0x00,
	0x9F, 0xB8, 0x00, 0x00, 0x1C, 0x7D, 0x01, 0x00, 0x21, 0x00, 0x00, 0x00,
	0x80, 0xB8, 0x00, 0x00, 0x86, 0xB8, 0x00, 0x00, 0x14, 0x7D, 0x01, 0x00,
	0x01, 0x0D, 0x06, 0x00, 0x0D, 0x34, 0x0D, 0x00, 0x0D, 0x52, 0x09, 0xE0,
	0x07, 0x70, 0x06, 0x50, 0x21, 0x05, 0x02, 0x00, 0x05, 0x64, 0x0C, 0x00,
	0xB0, 0xB9, 0x00, 0x00, 0xEA, 0xB9, 0x00, 0x00, 0x68, 0x7D, 0x01, 0x00,
	0x21, 0x00, 0x00, 0x00, 0xB0, 0xB9, 0x00, 0x00, 0xEA, 0xB9, 0x00, 0x00,
	0x68, 0x7D, 0x01, 0x00, 0x21, 0x00, 0x02, 0x00, 0x00, 0x64, 0x0C, 0x00,
	0xB0, 0xB9, 0x00, 0x00, 0xEA, 0xB9, 0x00, 0x00, 0x68, 0x7D, 0x01, 0x00,
	0x19, 0x04, 0x01, 0x00, 0x04, 0x42, 0x00, 0x00, 0xC0, 0xED, 0x00, 0x00,
	0xC0, 0x7D, 0x01, 0x00, 0x60, 0xC5, 0x7D, 0x01, 0x00, 0x02, 0x36, 0x00,
	0x19, 0x14, 0x08, 0x00, 0x14, 0x64, 0x08, 0x00, 0x14, 0x54, 0x07, 0x00,
	0x14, 0x34, 0x06, 0x00, 0x14, 0x32, 0x10, 0x70, 0xC0, 0xED, 0x00, 0x00,
	0xE4, 0x7D, 0x01, 0x00, 0x68, 0x05, 0x63, 0x01, 0x00, 0xED, 0x7D, 0x01,
	0x00, 0x02, 0x5E, 0x02, 0x19, 0x1B, 0x06, 0x00, 0x0C, 0x34, 0x11, 0x00,
	0x0C, 0xB2, 0x08, 0x70, 0x07, 0x60, 0x06, 0x50, 0x98, 0xEE, 0x00, 0x00,
	0x0C, 0x7E, 0x01, 0x00, 0x52, 0x00, 0x00, 0x00, 0x28, 0x15, 0x7E, 0x01,
	0x00, 0x27, 0x7E, 0x01, 0x00, 0x06, 0x0C, 0x80, 0x3E, 0x00, 0x00, 0x90,
	0x32, 0x70, 0x2F, 0x00, 0x00, 0x50, 0x6E, 0xCC, 0xED, 0x00, 0x00, 0x08,
	0xEC, 0x04, 0x3E, 0x02, 0x26, 0x06, 0x5E, 0x00, 0x11, 0x12, 0x08, 0x00,
	0x12, 0x54, 0x0F, 0x00, 0x12, 0x34, 0x0E, 0x00, 0x12, 0x72, 0x0E, 0xE0,
	0x0C, 0x70, 0x0B, 0x60, 0xC0, 0xED, 0x00, 0x00, 0x4C, 0x7E, 0x01, 0x00,
	0x28, 0x55, 0x7E, 0x01, 0x00, 0x6E, 0x7E, 0x01, 0x00, 0x08, 0x0C, 0xA0,
	0x8D, 0x00, 0x00, 0x50, 0x34, 0x30, 0x30, 0x00, 0x00, 0x60, 0x32, 0x80,
	0xA5, 0x00, 0x00, 0x70, 0x34, 0xB0, 0x7E, 0x00, 0x00, 0x40, 0x06, 0x8C,
	0x04, 0x4C, 0x06, 0x1C, 0x08, 0x00, 0x00, 0x00, 0x11, 0x14, 0x0A, 0x00,
	0x14, 0x34, 0x13, 0x00, 0x14, 0x72, 0x10, 0xF0, 0x0E, 0xE0, 0x0C, 0xD0,
	0x0A, 0xC0, 0x08, 0x70, 0x07, 0x60, 0x06, 0x50, 0xC0, 0xED, 0x00, 0x00,
	0x98, 0x7E, 0x01, 0x00, 0x28, 0xA1, 0x7E, 0x01, 0x00, 0xB4, 0x7E, 0x01,
	0x00, 0x06, 0x0A, 0x10, 0xC5, 0x00, 0x00, 0x50, 0x34, 0xB0, 0x7E, 0x00,
	0x00, 0x70, 0x6A, 0xE0, 0xB4, 0x00, 0x00, 0x50, 0x0A, 0xE9, 0x03, 0x00,
	0x34, 0x02, 0x44, 0x04, 0x1C, 0x06, 0xA5, 0x04, 0x00, 0x00, 0x00, 0x00,
	0x19, 0x19, 0x04, 0x00, 0x0A, 0x34, 0x0B, 0x00, 0x0A, 0x72, 0x06, 0x70,
	0x98, 0xEE, 0x00, 0x00, 0xDC, 0x7E, 0x01, 0x00, 0x3B, 0x00, 0x00, 0x00,
	0x38, 0xE9, 0x7E, 0x01, 0x00, 0xF2, 0x7E, 0x01, 0x00, 0x03, 0x7F, 0x01,
	0x00, 0x06, 0x08, 0x0A, 0x30, 0x92, 0x00, 0x00, 0x50, 0x40, 0x02, 0x00,
	0x02, 0x04, 0xFA, 0x7E, 0x01, 0x00, 0x02, 0x11, 0x80, 0x2C, 0x04, 0x01,
	0x00, 0xF1, 0x02, 0x0A, 0x5A, 0x02, 0xB4, 0x04, 0x44, 0x02, 0x36, 0x00,
	0x2A, 0x04, 0x00, 0x00, 0x01, 0x07, 0x03, 0x00, 0x07, 0x42, 0x03, 0x70,
	0x02, 0x60, 0x00, 0x00, 0x21, 0x18, 0x04, 0x00, 0x18, 0xE4, 0x04, 0x00,
	0x05, 0x34, 0x0A, 0x00, 0x50, 0xC6, 0x00, 0x00, 0x89, 0xC6, 0x00, 0x00,
	0x10, 0x7F, 0x01, 0x00, 0x21, 0x05, 0x02, 0x00, 0x05, 0x54, 0x0B, 0x00,
	0x89, 0xC6, 0x00, 0x00, 0xD2, 0xC6, 0x00, 0x00, 0x1C, 0x7F, 0x01, 0x00,
	0x21, 0x00, 0x00, 0x00, 0x89, 0xC6, 0x00, 0x00, 0xD2, 0xC6, 0x00, 0x00,
	0x1C, 0x7F, 0x01, 0x00, 0x21, 0x00, 0x06, 0x00, 0x00, 0xE4, 0x04, 0x00,
	0x00, 0x54, 0x0B, 0x00, 0x00, 0x34, 0x0A, 0x00, 0x50, 0xC6, 0x00, 0x00,
	0x89, 0xC6, 0x00, 0x00, 0x10, 0x7F, 0x01, 0x00, 0x01, 0x06, 0x02, 0x00,
	0x06, 0x52, 0x02, 0x60, 0x21, 0x0E, 0x04, 0x00, 0x0E, 0x74, 0x0A, 0x00,
	0x05, 0x34, 0x09, 0x00, 0xB0, 0xC8, 0x00, 0x00, 0xC0, 0xC8, 0x00, 0x00,
	0x74, 0x7F, 0x01, 0x00, 0x21, 0x00, 0x00, 0x00, 0xB0, 0xC8, 0x00, 0x00,
	0xC0, 0xC8, 0x00, 0x00, 0x74, 0x7F, 0x01, 0x00, 0x01, 0x69, 0x0B, 0x00,
	0x69, 0xC4, 0x0A, 0x00, 0x61, 0x74, 0x0B, 0x00, 0x57, 0x64, 0x0C, 0x00,
	0x43, 0x54, 0x12, 0x00, 0x08, 0xC2, 0x04, 0xF0, 0x02, 0x30, 0x00, 0x00,
	0x21, 0x14, 0x04, 0x00, 0x14, 0xE4, 0x08, 0x00, 0x05, 0xD4, 0x09, 0x00,
	0x50, 0xC9, 0x00, 0x00, 0xED, 0xC9, 0x00, 0x00, 0xA4, 0x7F, 0x01, 0x00,
	0x21, 0x00, 0x00, 0x00, 0x50, 0xC9, 0x00, 0x00, 0xED, 0xC9, 0x00, 0x00,
	0xA4, 0x7F, 0x01, 0x00, 0x11, 0x1C, 0x0B, 0x00, 0x1C, 0x34, 0x21, 0x00,
	0x1C, 0x01, 0x18, 0x00, 0x10, 0xF0, 0x0E, 0xE0, 0x0C, 0xD0, 0x0A, 0xC0,
	0x08, 0x70, 0x07, 0x60, 0x06, 0x50, 0x00, 0x00, 0xC0, 0xED, 0x00, 0x00,
	0x0C, 0x80, 0x01, 0x00, 0x28, 0x15, 0x80, 0x01, 0x00, 0x3A, 0x80, 0x01,
	0x00, 0x0C, 0x0C, 0xC0, 0x2E, 0x00, 0x00, 0xA1, 0x02, 0x3A, 0x20, 0x2D,
	0x00, 0x00, 0xE1, 0x02, 0x3C, 0xC0, 0x2E, 0x00, 0x00, 0xC1, 0x02, 0xAE,
	0xCC, 0xED, 0x00, 0x00, 0xD6, 0xA4, 0x04, 0x01, 0x00, 0x2E, 0xCA, 0x04,
	0x01, 0x00, 0x10, 0xF5, 0x02, 0x06, 0x05, 0x02, 0x04, 0x98, 0x08, 0x92,
	0x02, 0x11, 0x02, 0x0C, 0x8C, 0x02, 0xC6, 0x00, 0x3C, 0x02, 0x00, 0x00,
	0x11, 0x06, 0x02, 0x00, 0x06, 0x32, 0x02, 0x30, 0xC0, 0xED, 0x00, 0x00,
	0x60, 0x80, 0x01, 0x00, 0x28, 0x69, 0x80, 0x01, 0x00, 0x70, 0x80, 0x01,
	0x00, 0x02, 0x0A, 0x80, 0xA5, 0x00, 0x00, 0x70, 0x04, 0x1C, 0x00, 0x30,
	0x02, 0x00, 0x00, 0x00, 0x11, 0x06, 0x02, 0x00, 0x06, 0x32, 0x02, 0x30,
	0xC0, 0xED, 0x00, 0x00, 0x88, 0x80, 0x01, 0x00, 0x28, 0x91, 0x80, 0x01,
	0x00, 0x70, 0x80, 0x01, 0x00, 0x02, 0x0A, 0x70, 0xD3, 0x00, 0x00, 0x70,
	0x19, 0x18, 0x09, 0x00, 0x18, 0x74, 0x21, 0x00, 0x18, 0x64, 0x20, 0x00,
	0x18, 0x34, 0x1F, 0x00, 0x18, 0x01, 0x1C, 0x00, 0x11, 0xE0, 0x00, 0x00,
	0xC0, 0xED, 0x00, 0x00, 0xB8, 0x80, 0x01, 0x00, 0x38, 0xC5, 0x80, 0x01,
	0x00, 0xDE, 0x80, 0x01, 0x00, 0x07, 0x81, 0x01, 0x00, 0x0A, 0x08, 0x0C,
	0x30, 0x30, 0x00, 0x00, 0xA0, 0x32, 0x80, 0x31, 0x00, 0x00, 0x80, 0x66,
	0xCC, 0xED, 0x00, 0x00, 0x9A, 0x00, 0x25, 0x00, 0x00, 0x80, 0x02, 0x00,
	0x06, 0x08, 0xE6, 0x80, 0x01, 0x00, 0x06, 0x13, 0x12, 0xE8, 0xA3, 0x01,
	0x00, 0x28, 0x05, 0x01, 0x00, 0xE1, 0x03, 0x13, 0x12, 0x90, 0xA5, 0x01,
	0x00, 0x66, 0x05, 0x01, 0x00, 0x9D, 0x04, 0x11, 0x80, 0xA4, 0x05, 0x01,
	0x00, 0xE1, 0x03, 0x0E, 0x58, 0x00, 0x50, 0x02, 0x78, 0x04, 0x32, 0x06,
	0x32, 0x08, 0x14, 0x02, 0x54, 0x00, 0x00, 0x00, 0x19, 0x0A, 0x02, 0x00,
	0x0A, 0x52, 0x06, 0x50, 0xC0, 0xED, 0x00, 0x00, 0x28, 0x81, 0x01, 0x00,
	0x29, 0x32, 0x81, 0x01, 0x00, 0x3A, 0x81, 0x01, 0x00, 0x90, 0x04, 0x08,
	0x0A, 0x00, 0x25, 0x00, 0x00, 0x80, 0x02, 0x52, 0x02, 0x00, 0x00, 0x00,
	0x19, 0x0A, 0x02, 0x00, 0x0A, 0x52, 0x06, 0x50, 0xC0, 0xED, 0x00, 0x00,
	0x50, 0x81, 0x01, 0x00, 0x29, 0x32, 0x81, 0x01, 0x00, 0x5A, 0x81, 0x01,
	0x00, 0x90, 0x02, 0x6C, 0x04, 0x00, 0x00, 0x00, 0x19, 0x0F, 0x06, 0x00,
	0x0F, 0x64, 0x07, 0x00, 0x0F, 0x34, 0x06, 0x00, 0x0F, 0x32, 0x0B, 0x70,
	0xC0, 0xED, 0x00, 0x00, 0x78, 0x81, 0x01, 0x00, 0x60, 0x7D, 0x81, 0x01,
	0x00, 0x02, 0x4E, 0x00, 0x11, 0x0F, 0x04, 0x00, 0x0F, 0x34, 0x07, 0x00,
	0x0F, 0x32, 0x0B, 0x70, 0xC0, 0xED, 0x00, 0x00, 0x94, 0x81, 0x01, 0x00,
	0x28, 0x9D, 0x81, 0x01, 0x00, 0xA4, 0x81, 0x01, 0x00, 0x02, 0x0C, 0xB0,
	0x7E, 0x00, 0x00, 0x60, 0x04, 0x34, 0x00, 0x1C, 0x02, 0x00, 0x00, 0x00,
	0x19, 0x18, 0x04, 0x00, 0x09, 0xB2, 0x05, 0xE0, 0x03, 0x70, 0x02, 0x30,
	0x14, 0xE5, 0x00, 0x00, 0x30, 0x00, 0x00, 0x00, 0x21, 0x15, 0x06, 0x00,
	0x15, 0x68, 0x04, 0x00, 0x10, 0x64, 0x0A, 0x00, 0x05, 0x54, 0x0B, 0x00,
	0x10, 0xDC, 0x00, 0x00, 0x55, 0xDC, 0x00, 0x00, 0xAC, 0x81, 0x01, 0x00,
	0x21, 0x00, 0x00, 0x00, 0x10, 0xDC, 0x00, 0x00, 0x55, 0xDC, 0x00, 0x00,
	0xAC, 0x81, 0x01, 0x00, 0x21, 0x00, 0x06, 0x00, 0x00, 0x68, 0x04, 0x00,
	0x00, 0x64, 0x0A, 0x00, 0x00, 0x54, 0x0B, 0x00, 0x10, 0xDC, 0x00, 0x00,
	0x55, 0xDC, 0x00, 0x00, 0xAC, 0x81, 0x01, 0x00, 0x01, 0x00, 0x00, 0x00,
	0x11, 0x18, 0x05, 0x00, 0x18, 0x62, 0x14, 0xE0, 0x12, 0x70, 0x11, 0x60,
	0x10, 0x30, 0x00, 0x00, 0xF0, 0xED, 0x00, 0x00, 0x01, 0x00, 0x00, 0x00,
	0x97, 0xDF, 0x00, 0x00, 0xC5, 0xDF, 0x00, 0x00, 0x1C, 0x06, 0x01, 0x00,
	0x00, 0x00, 0x00, 0x00, 0x09, 0x13, 0x08, 0x00, 0x13, 0x64, 0x0E, 0x00,
	0x13, 0x34, 0x0D, 0x00, 0x13, 0x72, 0x0F, 0xF0, 0x0D, 0xE0, 0x0B, 0x70,
	0xF0, 0xED, 0x00, 0x00, 0x01, 0x00, 0x00, 0x00, 0xEF, 0xDF, 0x00, 0x00,
	0x16, 0xE0, 0x00, 0x00, 0x48, 0x06, 0x01, 0x00, 0x16, 0xE0, 0x00, 0x00,
	0x01, 0x07, 0x03, 0x00, 0x07, 0x42, 0x03, 0x50, 0x02, 0x30, 0x00, 0x00,
	0x09, 0x04, 0x01, 0x00, 0x04, 0x22, 0x00, 0x00, 0xF0, 0xED, 0x00, 0x00,
	0x01, 0x00, 0x00, 0x00, 0x37, 0xE1, 0x00, 0x00, 0xC1, 0xE1, 0x00, 0x00,
	0xA3, 0x06, 0x01, 0x00, 0xC1, 0xE1, 0x00, 0x00, 0x01, 0x02, 0x01, 0x00,
	0x02, 0x50, 0x00, 0x00, 0x09, 0x0F, 0x06, 0x00, 0x0F, 0x64, 0x09, 0x00,
	0x0F, 0x34, 0x08, 0x00, 0x0F, 0x52, 0x0B, 0x70, 0xF0, 0xED, 0x00, 0x00,
	0x02, 0x00, 0x00, 0x00, 0xAD, 0xE3, 0x00, 0x00, 0xB2, 0xE4, 0x00, 0x00,
	0xBB, 0x06, 0x01, 0x00, 0xB2, 0xE4, 0x00, 0x00, 0xE6, 0xE4, 0x00, 0x00,
	0xF8, 0xE4, 0x00, 0x00, 0xBB, 0x06, 0x01, 0x00, 0xB2, 0xE4, 0x00, 0x00,
	0x01, 0x02, 0x01, 0x00, 0x02, 0x30, 0x00, 0x00, 0x01, 0x14, 0x08, 0x00,
	0x14, 0x64, 0x07, 0x00, 0x14, 0x54, 0x06, 0x00, 0x14, 0x34, 0x05, 0x00,
	0x14, 0x12, 0x10, 0x70, 0x01, 0x09, 0x01, 0x00, 0x09, 0x62, 0x00, 0x00,
	0x01, 0x08, 0x04, 0x00, 0x08, 0x72, 0x04, 0x70, 0x03, 0x60, 0x02, 0x30,
	0x01, 0x15, 0x05, 0x00, 0x15, 0x34, 0xBA, 0x00, 0x15, 0x01, 0xB8, 0x00,
	0x06, 0x50, 0x00, 0x00, 0x01, 0x0D, 0x04, 0x00, 0x0D, 0x34, 0x0A, 0x00,
	0x0D, 0x52, 0x06, 0x50, 0x01, 0x00, 0x00, 0x00, 0x00, 0x00, 0x00, 0x00,
	0x01, 0x00, 0x00, 0x00, 0x01, 0x19, 0x0A, 0x00, 0x19, 0x74, 0x09, 0x00,
	0x19, 0x64, 0x08, 0x00, 0x19, 0x54, 0x07, 0x00, 0x19, 0x34, 0x06, 0x00,
	0x19, 0x32, 0x15, 0xE0, 0x00, 0x00, 0x00, 0x00, 0x00, 0x00, 0x00, 0x00,
	0xB0, 0x24, 0x00, 0x00, 0x00, 0x00, 0x00, 0x00, 0x60, 0x83, 0x01, 0x00,
	0x00, 0x00, 0x00, 0x00, 0x00, 0x00, 0x00, 0x00, 0x00, 0x00, 0x00, 0x00,
	0x00, 0x00, 0x00, 0x00, 0x02, 0x00, 0x00, 0x00, 0xF0, 0x84, 0x01, 0x00,
	0x18, 0x85, 0x01, 0x00, 0x00, 0x00, 0x00, 0x00, 0x00, 0x00, 0x00, 0x00,
	0x00, 0x00, 0x00, 0x00, 0x00, 0x00, 0x00, 0x00, 0xF8, 0xA6, 0x01, 0x00,
	0x00, 0x00, 0x00, 0x00, 0xFF, 0xFF, 0xFF, 0xFF, 0x00, 0x00, 0x00, 0x00,
	0x18, 0x00, 0x00, 0x00, 0x30, 0x2F, 0x00, 0x00, 0x00, 0x00, 0x00, 0x00,
	0x00, 0x00, 0x00, 0x00, 0x00, 0x00, 0x00, 0x00, 0x00, 0x00, 0x00, 0x00,
	0xB0, 0x24, 0x00, 0x00, 0x00, 0x00, 0x00, 0x00, 0x40, 0x84, 0x01, 0x00,
	0x00, 0x00, 0x00, 0x00, 0x00, 0x00, 0x00, 0x00, 0x00, 0x00, 0x00, 0x00,
	0x00, 0x00, 0x00, 0x00, 0x00, 0x00, 0x00, 0x00, 0xB0, 0x24, 0x00, 0x00,
	0x00, 0x00, 0x00, 0x00, 0x60, 0x84, 0x01, 0x00, 0x00, 0x00, 0x00, 0x00,
	0x00, 0x00, 0x00, 0x00, 0x00, 0x00, 0x00, 0x00, 0x00, 0x00, 0x00, 0x00,
	0x03, 0x00, 0x00, 0x00, 0x78, 0x84, 0x01, 0x00, 0xF0, 0x84, 0x01, 0x00,
	0x18, 0x85, 0x01, 0x00, 0x00, 0x00, 0x00, 0x00, 0x00, 0x00, 0x00, 0x00,
	0x00, 0x00, 0x00, 0x00, 0x00, 0x00, 0x00, 0x00, 0x00, 0x00, 0x00, 0x00,
	0x18, 0xA4, 0x01, 0x00, 0x00, 0x00, 0x00, 0x00, 0xFF, 0xFF, 0xFF, 0xFF,
	0x00, 0x00, 0x00, 0x00, 0x18, 0x00, 0x00, 0x00, 0xB0, 0x40, 0x00, 0x00,
	0x00, 0x00, 0x00, 0x00, 0x00, 0x00, 0x00, 0x00, 0x00, 0x00, 0x00, 0x00,
	0x02, 0x00, 0x00, 0x00, 0x78, 0x83, 0x01, 0x00, 0x18, 0x85, 0x01, 0x00,
	0x00, 0x00, 0x00, 0x00, 0x00, 0x00, 0x00, 0x00, 0x00, 0x00, 0x00, 0x00,
	0x03, 0x00, 0x00, 0x00, 0xC8, 0x84, 0x01, 0x00, 0x00, 0x84, 0x01, 0x00,
	0x18, 0x85, 0x01, 0x00, 0x00, 0x00, 0x00, 0x00, 0x00, 0x00, 0x00, 0x00,
	0x00, 0x00, 0x00, 0x00, 0x00, 0x00, 0x00, 0x00, 0x02, 0x00, 0x00, 0x00,
	0xA0, 0x84, 0x01, 0x00, 0x18, 0x85, 0x01, 0x00, 0x00, 0x00, 0x00, 0x00,
	0x00, 0x00, 0x00, 0x00, 0x00, 0x00, 0x00, 0x00, 0x00, 0x00, 0x00, 0x00,
	0xE8, 0xA7, 0x01, 0x00, 0x00, 0x00, 0x00, 0x00, 0xFF, 0xFF, 0xFF, 0xFF,
	0x00, 0x00, 0x00, 0x00, 0x18, 0x00, 0x00, 0x00, 0xA0, 0x25, 0x00, 0x00,
	0x00, 0x00, 0x00, 0x00, 0x00, 0x00, 0x00, 0x00, 0x00, 0x00, 0x00, 0x00,
	0x00, 0x00, 0x00, 0x00, 0xB0, 0xA0, 0x01, 0x00, 0x00, 0x00, 0x00, 0x00,
	0xFF, 0xFF, 0xFF, 0xFF, 0x00, 0x00, 0x00, 0x00, 0x18, 0x00, 0x00, 0x00,
	0xB0, 0x26, 0x00, 0x00, 0x00, 0x00, 0x00, 0x00, 0x00, 0x00, 0x00, 0x00,
	0x00, 0x00, 0x00, 0x00, 0x00, 0x00, 0x00, 0x00, 0x40, 0xA4, 0x01, 0x00,
	0x00, 0x00, 0x00, 0x00, 0xFF, 0xFF, 0xFF, 0xFF, 0x00, 0x00, 0x00, 0x00,
	0x28, 0x00, 0x00, 0x00, 0x60, 0x40, 0x00, 0x00, 0x00, 0x00, 0x00, 0x00,
	0x00, 0x00, 0x00, 0x00, 0x00, 0x00, 0x00, 0x00, 0x10, 0x00, 0x00, 0x00,
	0xB0, 0xA2, 0x01, 0x00, 0x00, 0x00, 0x00, 0x00, 0xFF, 0xFF, 0xFF, 0xFF,
	0x00, 0x00, 0x00, 0x00, 0x18, 0x00, 0x00, 0x00, 0xE0, 0x25, 0x00, 0x00,
	0x00, 0x00, 0x00, 0x00, 0x00, 0x00, 0x00, 0x00, 0x00, 0x00, 0x00, 0x00,
	0x00, 0x00, 0x00, 0x00, 0xC0, 0xA7, 0x01, 0x00, 0x00, 0x00, 0x00, 0x00,
	0xFF, 0xFF, 0xFF, 0xFF, 0x00, 0x00, 0x00, 0x00, 0x18, 0x00, 0x00, 0x00,
	0x00, 0x24, 0x00, 0x00, 0x00, 0x00, 0x00, 0x00, 0x00, 0x00, 0x00, 0x00,
	0x00, 0x00, 0x00, 0x00, 0x00, 0x00, 0x00, 0x00, 0xB0, 0x24, 0x00, 0x00,
	0x00, 0x00, 0x00, 0x00, 0xE0, 0x83, 0x01, 0x00, 0x00, 0x00, 0x00, 0x00,
	0x00, 0x00, 0x00, 0x00, 0x00, 0x00, 0x00, 0x00, 0x00, 0x00, 0x00, 0x00,
	0x00, 0x00, 0x00, 0x00, 0xB0, 0x24, 0x00, 0x00, 0x00, 0x00, 0x00, 0x00,
	0x28, 0x84, 0x01, 0x00, 0x00, 0x00, 0x00, 0x00, 0x00, 0x00, 0x00, 0x00,
	0x00, 0x00, 0x00, 0x00, 0xB8, 0x86, 0x01, 0x00, 0x00, 0x00, 0x00, 0x00,
	0x00, 0x00, 0x00, 0x00, 0xC2, 0x8C, 0x01, 0x00, 0x48, 0x10, 0x01, 0x00,
	0x70, 0x86, 0x01, 0x00, 0x00, 0x00, 0x00, 0x00, 0x00, 0x00, 0x00, 0x00,
	0x7A, 0x8D, 0x01, 0x00, 0x00, 0x10, 0x01, 0x00, 0x00, 0x88, 0x01, 0x00,
	0x00, 0x00, 0x00, 0x00, 0x00, 0x00, 0x00, 0x00, 0x7A, 0x97, 0x01, 0x00,
	0x90, 0x11, 0x01, 0x00, 0xF8, 0x89, 0x01, 0x00, 0x00, 0x00, 0x00, 0x00,
	0x00, 0x00, 0x00, 0x00, 0x78, 0x98, 0x01, 0x00, 0x88, 0x13, 0x01, 0x00,
	0x88, 0x89, 0x01, 0x00, 0x00, 0x00, 0x00, 0x00, 0x00, 0x00, 0x00, 0x00,
	0x8C, 0x98, 0x01, 0x00, 0x18, 0x13, 0x01, 0x00, 0x58, 0x8A, 0x01, 0x00,
	0x00, 0x00, 0x00, 0x00, 0x00, 0x00, 0x00, 0x00, 0x9E, 0x9A, 0x01, 0x00,
	0xE8, 0x13, 0x01, 0x00, 0x08, 0x8A, 0x01, 0x00, 0x00, 0x00, 0x00, 0x00,
	0x00, 0x00, 0x00, 0x00, 0xC0, 0x9A, 0x01, 0x00, 0x98, 0x13, 0x01, 0x00,
	0x20, 0x8B, 0x01, 0x00, 0x00, 0x00, 0x00, 0x00, 0x00, 0x00, 0x00, 0x00,
	0xE0, 0x9A, 0x01, 0x00, 0xB0, 0x14, 0x01, 0x00, 0x40, 0x8A, 0x01, 0x00,
	0x00, 0x00, 0x00, 0x00, 0x00, 0x00, 0x00, 0x00, 0x02, 0x9B, 0x01, 0x00,
	0xD0, 0x13, 0x01, 0x00, 0x08, 0x8B, 0x01, 0x00, 0x00, 0x00, 0x00, 0x00,
	0x00, 0x00, 0x00, 0x00, 0x22, 0x9B, 0x01, 0x00, 0x98, 0x14, 0x01, 0x00,
	0x30, 0x8A, 0x01, 0x00, 0x00, 0x00, 0x00, 0x00, 0x00, 0x00, 0x00, 0x00,
	0x42, 0x9B, 0x01, 0x00, 0xC0, 0x13, 0x01, 0x00, 0x00, 0x00, 0x00, 0x00,
	0x00, 0x00, 0x00, 0x00, 0x00, 0x00, 0x00, 0x00, 0x00, 0x00, 0x00, 0x00,
	0x00, 0x00, 0x00, 0x00, 0x00, 0x00, 0x00, 0x00, 0x4A, 0x8D, 0x01, 0x00,
	0x00, 0x00, 0x00, 0x00, 0x34, 0x8D, 0x01, 0x00, 0x00, 0x00, 0x00, 0x00,
	0x1E, 0x8D, 0x01, 0x00, 0x00, 0x00, 0x00, 0x00, 0x0C, 0x8D, 0x01, 0x00,
	0x00, 0x00, 0x00, 0x00, 0xF8, 0x8C, 0x01, 0x00, 0x00, 0x00, 0x00, 0x00,
	0xE0, 0x8C, 0x01, 0x00, 0x00, 0x00, 0x00, 0x00, 0xD0, 0x8C, 0x01, 0x00,
	0x00, 0x00, 0x00, 0x00, 0x62, 0x8D, 0x01, 0x00, 0x00, 0x00, 0x00, 0x00,
	0x00, 0x00, 0x00, 0x00, 0x00, 0x00, 0x00, 0x00, 0xF6, 0x8B, 0x01, 0x00,
	0x00, 0x00, 0x00, 0x00, 0x06, 0x8C, 0x01, 0x00, 0x00, 0x00, 0x00, 0x00,
	0x18, 0x8C, 0x01, 0x00, 0x00, 0x00, 0x00, 0x00, 0x2A, 0x8C, 0x01, 0x00,
	0x00, 0x00, 0x00, 0x00, 0x38, 0x8C, 0x01, 0x00, 0x00, 0x00, 0x00, 0x00,
	0xDC, 0x8B, 0x01, 0x00, 0x00, 0x00, 0x00, 0x00, 0x60, 0x8C, 0x01, 0x00,
	0x00, 0x00, 0x00, 0x00, 0x74, 0x8C, 0x01, 0x00, 0x00, 0x00, 0x00, 0x00,
	0x86, 0x8C, 0x01, 0x00, 0x00, 0x00, 0x00, 0x00, 0x9A, 0x8C, 0x01, 0x00,
	0x00, 0x00, 0x00, 0x00, 0xB0, 0x8C, 0x01, 0x00, 0x00, 0x00, 0x00, 0x00,
	0x78, 0x9B, 0x01, 0x00, 0x00, 0x00, 0x00, 0x00, 0xC8, 0x8B, 0x01, 0x00,
	0x00, 0x00, 0x00, 0x00, 0xAC, 0x8B, 0x01, 0x00, 0x00, 0x00, 0x00, 0x00,
	0x9E, 0x8B, 0x01, 0x00, 0x00, 0x00, 0x00, 0x00, 0x84, 0x8B, 0x01, 0x00,
	0x00, 0x00, 0x00, 0x00, 0x70, 0x8B, 0x01, 0x00, 0x00, 0x00, 0x00, 0x00,
	0x5A, 0x8B, 0x01, 0x00, 0x00, 0x00, 0x00, 0x00, 0x46, 0x8B, 0x01, 0x00,
	0x00, 0x00, 0x00, 0x00, 0x50, 0x8C, 0x01, 0x00, 0x00, 0x00, 0x00, 0x00,
	0x30, 0x8B, 0x01, 0x00, 0x00, 0x00, 0x00, 0x00, 0x92, 0x9B, 0x01, 0x00,
	0x00, 0x00, 0x00, 0x00, 0xAC, 0x9B, 0x01, 0x00, 0x00, 0x00, 0x00, 0x00,
	0xC6, 0x9B, 0x01, 0x00, 0x00, 0x00, 0x00, 0x00, 0xE2, 0x9B, 0x01, 0x00,
	0x00, 0x00, 0x00, 0x00, 0xFE, 0x9B, 0x01, 0x00, 0x00, 0x00, 0x00, 0x00,
	0x12, 0x9C, 0x01, 0x00, 0x00, 0x00, 0x00, 0x00, 0x2C, 0x9C, 0x01, 0x00,
	0x00, 0x00, 0x00, 0x00, 0x40, 0x9C, 0x01, 0x00, 0x00, 0x00, 0x00, 0x00,
	0x5C, 0x9C, 0x01, 0x00, 0x00, 0x00, 0x00, 0x00, 0x7A, 0x9C, 0x01, 0x00,
	0x00, 0x00, 0x00, 0x00, 0x8E, 0x9C, 0x01, 0x00, 0x00, 0x00, 0x00, 0x00,
	0xAA, 0x9C, 0x01, 0x00, 0x00, 0x00, 0x00, 0x00, 0xBE, 0x9C, 0x01, 0x00,
	0x00, 0x00, 0x00, 0x00, 0xD2, 0x9C, 0x01, 0x00, 0x00, 0x00, 0x00, 0x00,
	0xEC, 0x9C, 0x01, 0x00, 0x00, 0x00, 0x00, 0x00, 0x02, 0x9D, 0x01, 0x00,
	0x00, 0x00, 0x00, 0x00, 0x18, 0x9D, 0x01, 0x00, 0x00, 0x00, 0x00, 0x00,
	0x32, 0x9D, 0x01, 0x00, 0x00, 0x00, 0x00, 0x00, 0x64, 0x9B, 0x01, 0x00,
	0x00, 0x00, 0x00, 0x00, 0x00, 0x00, 0x00, 0x00, 0x00, 0x00, 0x00, 0x00,
	0x64, 0x92, 0x01, 0x00, 0x00, 0x00, 0x00, 0x00, 0x86, 0x92, 0x01, 0x00,
	0x00, 0x00, 0x00, 0x00, 0xC2, 0x92, 0x01, 0x00, 0x00, 0x00, 0x00, 0x00,
	0x08, 0x92, 0x01, 0x00, 0x00, 0x00, 0x00, 0x00, 0x06, 0x93, 0x01, 0x00,
	0x00, 0x00, 0x00, 0x00, 0x26, 0x93, 0x01, 0x00, 0x00, 0x00, 0x00, 0x00,
	0x4A, 0x93, 0x01, 0x00, 0x00, 0x00, 0x00, 0x00, 0x6E, 0x93, 0x01, 0x00,
	0x00, 0x00, 0x00, 0x00, 0x7A, 0x93, 0x01, 0x00, 0x00, 0x00, 0x00, 0x00,
	0xA8, 0x93, 0x01, 0x00, 0x00, 0x00, 0x00, 0x00, 0xCC, 0x93, 0x01, 0x00,
	0x00, 0x00, 0x00, 0x00, 0xEC, 0x93, 0x01, 0x00, 0x00, 0x00, 0x00, 0x00,
	0xF8, 0x93, 0x01, 0x00, 0x00, 0x00, 0x00, 0x00, 0x06, 0x94, 0x01, 0x00,
	0x00, 0x00, 0x00, 0x00, 0x18, 0x94, 0x01, 0x00, 0x00, 0x00, 0x00, 0x00,
	0x56, 0x94, 0x01, 0x00, 0x00, 0x00, 0x00, 0x00, 0x96, 0x94, 0x01, 0x00,
	0x00, 0x00, 0x00, 0x00, 0xD2, 0x94, 0x01, 0x00, 0x00, 0x00, 0x00, 0x00,
	0x14, 0x95, 0x01, 0x00, 0x00, 0x00, 0x00, 0x00, 0x5C, 0x95, 0x01, 0x00,
	0x00, 0x00, 0x00, 0x00, 0xA0, 0x95, 0x01, 0x00, 0x00, 0x00, 0x00, 0x00,
	0xE4, 0x95, 0x01, 0x00, 0x00, 0x00, 0x00, 0x00, 0x38, 0x96, 0x01, 0x00,
	0x00, 0x00, 0x00, 0x00, 0x94, 0x96, 0x01, 0x00, 0x00, 0x00, 0x00, 0x00,
	0xD6, 0x96, 0x01, 0x00, 0x00, 0x00, 0x00, 0x00, 0x18, 0x97, 0x01, 0x00,
	0x00, 0x00, 0x00, 0x00, 0x5A, 0x97, 0x01, 0x00, 0x00, 0x00, 0x00, 0x00,
	0xE2, 0x91, 0x01, 0x00, 0x00, 0x00, 0x00, 0x00, 0xBE, 0x91, 0x01, 0x00,
	0x00, 0x00, 0x00, 0x00, 0x9C, 0x91, 0x01, 0x00, 0x00, 0x00, 0x00, 0x00,
	0x68, 0x91, 0x01, 0x00, 0x00, 0x00, 0x00, 0x00, 0x0C, 0x91, 0x01, 0x00,
	0x00, 0x00, 0x00, 0x00, 0xD4, 0x90, 0x01, 0x00, 0x00, 0x00, 0x00, 0x00,
	0x9A, 0x90, 0x01, 0x00, 0x00, 0x00, 0x00, 0x00, 0x54, 0x90, 0x01, 0x00,
	0x00, 0x00, 0x00, 0x00, 0x0E, 0x90, 0x01, 0x00, 0x00, 0x00, 0x00, 0x00,
	0xCA, 0x8F, 0x01, 0x00, 0x00, 0x00, 0x00, 0x00, 0x8A, 0x8F, 0x01, 0x00,
	0x00, 0x00, 0x00, 0x00, 0x46, 0x8F, 0x01, 0x00, 0x00, 0x00, 0x00, 0x00,
	0xFA, 0x8E, 0x01, 0x00, 0x00, 0x00, 0x00, 0x00, 0xB4, 0x8E, 0x01, 0x00,
	0x00, 0x00, 0x00, 0x00, 0x6C, 0x8E, 0x01, 0x00, 0x00, 0x00, 0x00, 0x00,
	0x24, 0x8E, 0x01, 0x00, 0x00, 0x00, 0x00, 0x00, 0xEA, 0x8D, 0x01, 0x00,
	0x00, 0x00, 0x00, 0x00, 0xB0, 0x8D, 0x01, 0x00, 0x00, 0x00, 0x00, 0x00,
	0x88, 0x8D, 0x01, 0x00, 0x00, 0x00, 0x00, 0x00, 0x28, 0x92, 0x01, 0x00,
	0x00, 0x00, 0x00, 0x00, 0xE4, 0x92, 0x01, 0x00, 0x00, 0x00, 0x00, 0x00,
	0x00, 0x00, 0x00, 0x00, 0x00, 0x00, 0x00, 0x00, 0x62, 0x98, 0x01, 0x00,
	0x00, 0x00, 0x00, 0x00, 0x48, 0x9D, 0x01, 0x00, 0x00, 0x00, 0x00, 0x00,
	0x0C, 0x98, 0x01, 0x00, 0x00, 0x00, 0x00, 0x00, 0x4A, 0x98, 0x01, 0x00,
	0x00, 0x00, 0x00, 0x00, 0x9E, 0x97, 0x01, 0x00, 0x00, 0x00, 0x00, 0x00,
	0xB8, 0x97, 0x01, 0x00, 0x00, 0x00, 0x00, 0x00, 0xD0, 0x97, 0x01, 0x00,
	0x00, 0x00, 0x00, 0x00, 0xDC, 0x97, 0x01, 0x00, 0x00, 0x00, 0x00, 0x00,
	0xEE, 0x97, 0x01, 0x00, 0x00, 0x00, 0x00, 0x00, 0xF8, 0x97, 0x01, 0x00,
	0x00, 0x00, 0x00, 0x00, 0x02, 0x98, 0x01, 0x00, 0x00, 0x00, 0x00, 0x00,
	0x2C, 0x98, 0x01, 0x00, 0x00, 0x00, 0x00, 0x00, 0x16, 0x98, 0x01, 0x00,
	0x00, 0x00, 0x00, 0x00, 0x00, 0x00, 0x00, 0x00, 0x00, 0x00, 0x00, 0x00,
	0x88, 0x97, 0x01, 0x00, 0x00, 0x00, 0x00, 0x00, 0x00, 0x00, 0x00, 0x00,
	0x00, 0x00, 0x00, 0x00, 0xCE, 0x98, 0x01, 0x00, 0x00, 0x00, 0x00, 0x00,
	0xDA, 0x98, 0x01, 0x00, 0x00, 0x00, 0x00, 0x00, 0x96, 0x9A, 0x01, 0x00,
	0x00, 0x00, 0x00, 0x00, 0x76, 0x9A, 0x01, 0x00, 0x00, 0x00, 0x00, 0x00,
	0x00, 0x00, 0x00, 0x00, 0x00, 0x00, 0x00, 0x00, 0x60, 0x9A, 0x01, 0x00,
	0x00, 0x00, 0x00, 0x00, 0x00, 0x00, 0x00, 0x00, 0x00, 0x00, 0x00, 0x00,
	0x52, 0x9D, 0x01, 0x00, 0x00, 0x00, 0x00, 0x00, 0x9E, 0x99, 0x01, 0x00,
	0x00, 0x00, 0x00, 0x00, 0x00, 0x00, 0x00, 0x00, 0x00, 0x00, 0x00, 0x00,
	0xE4, 0x98, 0x01, 0x00, 0x00, 0x00, 0x00, 0x00, 0x28, 0x9A, 0x01, 0x00,
	0x00, 0x00, 0x00, 0x00, 0x32, 0x9A, 0x01, 0x00, 0x00, 0x00, 0x00, 0x00,
	0xD4, 0x99, 0x01, 0x00, 0x00, 0x00, 0x00, 0x00, 0xF0, 0x98, 0x01, 0x00,
	0x00, 0x00, 0x00, 0x00, 0x1A, 0x9A, 0x01, 0x00, 0x00, 0x00, 0x00, 0x00,
	0xA6, 0x98, 0x01, 0x00, 0x00, 0x00, 0x00, 0x00, 0x0C, 0x9A, 0x01, 0x00,
	0x00, 0x00, 0x00, 0x00, 0x9E, 0x98, 0x01, 0x00, 0x00, 0x00, 0x00, 0x00,
	0x0A, 0x99, 0x01, 0x00, 0x00, 0x00, 0x00, 0x00, 0xF6, 0x99, 0x01, 0x00,
	0x00, 0x00, 0x00, 0x00, 0xEE, 0x99, 0x01, 0x00, 0x00, 0x00, 0x00, 0x00,
	0xE0, 0x99, 0x01, 0x00, 0x00, 0x00, 0x00, 0x00, 0xB8, 0x98, 0x01, 0x00,
	0x00, 0x00, 0x00, 0x00, 0xB2, 0x99, 0x01, 0x00, 0x00, 0x00, 0x00, 0x00,
	0x8E, 0x99, 0x01, 0x00, 0x00, 0x00, 0x00, 0x00, 0x7C, 0x99, 0x01, 0x00,
	0x00, 0x00, 0x00, 0x00, 0x72, 0x99, 0x01, 0x00, 0x00, 0x00, 0x00, 0x00,
	0x64, 0x99, 0x01, 0x00, 0x00, 0x00, 0x00, 0x00, 0x48, 0x99, 0x01, 0x00,
	0x00, 0x00, 0x00, 0x00, 0x2C, 0x99, 0x01, 0x00, 0x00, 0x00, 0x00, 0x00,
	0x00, 0x00, 0x00, 0x00, 0x00, 0x00, 0x00, 0x00, 0x86, 0x9A, 0x01, 0x00,
	0x00, 0x00, 0x00, 0x00, 0xFE, 0x99, 0x01, 0x00, 0x00, 0x00, 0x00, 0x00,
	0x00, 0x00, 0x00, 0x00, 0x00, 0x00, 0x00, 0x00, 0xC2, 0x98, 0x01, 0x00,
	0x00, 0x00, 0x00, 0x00, 0x00, 0x00, 0x00, 0x00, 0x00, 0x00, 0x00, 0x00,
	0x68, 0x06, 0x57, 0x72, 0x69, 0x74, 0x65, 0x50, 0x72, 0x6F, 0x63, 0x65,
	0x73, 0x73, 0x4D, 0x65, 0x6D, 0x6F, 0x72, 0x79, 0x00, 0x00, 0x40, 0x02,
	0x47, 0x65, 0x74, 0x43, 0x75, 0x72, 0x72, 0x65, 0x6E, 0x74, 0x50, 0x72,
	0x6F, 0x63, 0x65, 0x73, 0x73, 0x00, 0x24, 0x06, 0x57, 0x61, 0x69, 0x74,
	0x46, 0x6F, 0x72, 0x53, 0x69, 0x6E, 0x67, 0x6C, 0x65, 0x4F, 0x62, 0x6A,
	0x65, 0x63, 0x74, 0x00, 0xA1, 0x02, 0x47, 0x65, 0x74, 0x4D, 0x6F, 0x64,
	0x75, 0x6C, 0x65, 0x48, 0x61, 0x6E, 0x64, 0x6C, 0x65, 0x41, 0x00, 0x00,
	0xCA, 0x03, 0x4B, 0x33, 0x32, 0x45, 0x6E, 0x75, 0x6D, 0x50, 0x72, 0x6F,
	0x63, 0x65, 0x73, 0x73, 0x4D, 0x6F, 0x64, 0x75, 0x6C, 0x65, 0x73, 0x45,
	0x78, 0x00, 0x3E, 0x04, 0x4F, 0x70, 0x65, 0x6E, 0x50, 0x72, 0x6F, 0x63,
	0x65, 0x73, 0x73, 0x00, 0x17, 0x01, 0x43, 0x72, 0x65, 0x61, 0x74, 0x65,
	0x54, 0x6F, 0x6F, 0x6C, 0x68, 0x65, 0x6C, 0x70, 0x33, 0x32, 0x53, 0x6E,
	0x61, 0x70, 0x73, 0x68, 0x6F, 0x74, 0x00, 0x00, 0x67, 0x02, 0x47, 0x65,
	0x74, 0x45, 0x78, 0x69, 0x74, 0x43, 0x6F, 0x64, 0x65, 0x54, 0x68, 0x72,
	0x65, 0x61, 0x64, 0x00, 0xD4, 0x03, 0x4B, 0x33, 0x32, 0x47, 0x65, 0x74,
	0x4D, 0x6F, 0x64, 0x75, 0x6C, 0x65, 0x46, 0x69, 0x6C, 0x65, 0x4E, 0x61,
	0x6D, 0x65, 0x45, 0x78, 0x41, 0x00, 0x8C, 0x02, 0x47, 0x65, 0x74, 0x4C,
	0x61, 0x73, 0x74, 0x45, 0x72, 0x72, 0x6F, 0x72, 0x00, 0x00, 0x60, 0x04,
	0x50, 0x72, 0x6F, 0x63, 0x65, 0x73, 0x73, 0x33, 0x32, 0x4E, 0x65, 0x78,
	0x74, 0x57, 0x00, 0x00, 0x5E, 0x04, 0x50, 0x72, 0x6F, 0x63, 0x65, 0x73,
	0x73, 0x33, 0x32, 0x46, 0x69, 0x72, 0x73, 0x74, 0x57, 0x00, 0x9C, 0x00,
	0x43, 0x6C, 0x6F, 0x73, 0x65, 0x48, 0x61, 0x6E, 0x64, 0x6C, 0x65, 0x00,
	0xD2, 0x03, 0x4B, 0x33, 0x32, 0x47, 0x65, 0x74, 0x4D, 0x6F, 0x64, 0x75,
	0x6C, 0x65, 0x42, 0x61, 0x73, 0x65, 0x4E, 0x61, 0x6D, 0x65, 0x41, 0x00,
	0x13, 0x03, 0x47, 0x65, 0x74, 0x53, 0x79, 0x73, 0x74, 0x65, 0x6D, 0x49,
	0x6E, 0x66, 0x6F, 0x00, 0x1A, 0x06, 0x56, 0x69, 0x72, 0x74, 0x75, 0x61,
	0x6C, 0x50, 0x72, 0x6F, 0x74, 0x65, 0x63, 0x74, 0x45, 0x78, 0x00, 0x00,
	0xDC, 0x02, 0x47, 0x65, 0x74, 0x50, 0x72, 0x6F, 0x63, 0x41, 0x64, 0x64,
	0x72, 0x65, 0x73, 0x73, 0x00, 0x00, 0xAB, 0x04, 0x52, 0x65, 0x61, 0x64,
	0x50, 0x72, 0x6F, 0x63, 0x65, 0x73, 0x73, 0x4D, 0x65, 0x6D, 0x6F, 0x72,
	0x79, 0x00, 0x03, 0x01, 0x43, 0x72, 0x65, 0x61, 0x74, 0x65, 0x52, 0x65,
	0x6D, 0x6F, 0x74, 0x65, 0x54, 0x68, 0x72, 0x65, 0x61, 0x64, 0x00, 0x00,
	0x1C, 0x06, 0x56, 0x69, 0x72, 0x74, 0x75, 0x61, 0x6C, 0x51, 0x75, 0x65,
	0x72, 0x79, 0x45, 0x78, 0x00, 0x00, 0x4B, 0x45, 0x52, 0x4E, 0x45, 0x4C,
	0x33, 0x32, 0x2E, 0x64, 0x6C, 0x6C, 0x00, 0x00, 0x12, 0x02, 0x4F, 0x70,
	0x65, 0x6E, 0x53, 0x65, 0x72, 0x76, 0x69, 0x63, 0x65, 0x41, 0x00, 0x00,
	0x4B, 0x02, 0x51, 0x75, 0x65, 0x72, 0x79, 0x53, 0x65, 0x72, 0x76, 0x69,
	0x63, 0x65, 0x53, 0x74, 0x61, 0x74, 0x75, 0x73, 0x45, 0x78, 0x00, 0x00,
	0x0F, 0x02, 0x4F, 0x70, 0x65, 0x6E, 0x50, 0x72, 0x6F, 0x63, 0x65, 0x73,
	0x73, 0x54, 0x6F, 0x6B, 0x65, 0x6E, 0x00, 0x00, 0x11, 0x02, 0x4F, 0x70,
	0x65, 0x6E, 0x53, 0x43, 0x4D, 0x61, 0x6E, 0x61, 0x67, 0x65, 0x72, 0x57,
	0x00, 0x00, 0x65, 0x00, 0x43, 0x6C, 0x6F, 0x73, 0x65, 0x53, 0x65, 0x72,
	0x76, 0x69, 0x63, 0x65, 0x48, 0x61, 0x6E, 0x64, 0x6C, 0x65, 0x00, 0x00,
	0x4A, 0x02, 0x51, 0x75, 0x65, 0x72, 0x79, 0x53, 0x65, 0x72, 0x76, 0x69,
	0x63, 0x65, 0x53, 0x74, 0x61, 0x74, 0x75, 0x73, 0x00, 0x00, 0x1F, 0x00,
	0x41, 0x64, 0x6A, 0x75, 0x73, 0x74, 0x54, 0x6F, 0x6B, 0x65, 0x6E, 0x50,
	0x72, 0x69, 0x76, 0x69, 0x6C, 0x65, 0x67, 0x65, 0x73, 0x00, 0x9A, 0x01,
	0x4C, 0x6F, 0x6F, 0x6B, 0x75, 0x70, 0x50, 0x72, 0x69, 0x76, 0x69, 0x6C,
	0x65, 0x67, 0x65, 0x56, 0x61, 0x6C, 0x75, 0x65, 0x57, 0x00, 0x41, 0x44,
	0x56, 0x41, 0x50, 0x49, 0x33, 0x32, 0x2E, 0x64, 0x6C, 0x6C, 0x00, 0x00,
	0x93, 0x02, 0x3F, 0x5F, 0x5F, 0x45, 0x78, 0x63, 0x65, 0x70, 0x74, 0x69,
	0x6F, 0x6E, 0x50, 0x74, 0x72, 0x41, 0x73, 0x73, 0x69, 0x67, 0x6E, 0x40,
	0x40, 0x59, 0x41, 0x58, 0x50, 0x45, 0x41, 0x58, 0x50, 0x45, 0x42, 0x58,
	0x40, 0x5A, 0x00, 0x00, 0x8E, 0x01, 0x3F, 0x47, 0x65, 0x74, 0x43, 0x75,
	0x72, 0x72, 0x65, 0x6E, 0x74, 0x54, 0x68, 0x72, 0x65, 0x61, 0x64, 0x49,
	0x64, 0x40, 0x70, 0x6C, 0x61, 0x74, 0x66, 0x6F, 0x72, 0x6D, 0x40, 0x64,
	0x65, 0x74, 0x61, 0x69, 0x6C, 0x73, 0x40, 0x43, 0x6F, 0x6E, 0x63, 0x75,
	0x72, 0x72, 0x65, 0x6E, 0x63, 0x79, 0x40, 0x40, 0x59, 0x41, 0x4A, 0x58,
	0x5A, 0x00, 0x62, 0x02, 0x3F, 0x5F, 0x52, 0x65, 0x70, 0x6F, 0x72, 0x74,
	0x55, 0x6E, 0x6F, 0x62, 0x73, 0x65, 0x72, 0x76, 0x65, 0x64, 0x45, 0x78,
	0x63, 0x65, 0x70, 0x74, 0x69, 0x6F, 0x6E, 0x40, 0x64, 0x65, 0x74, 0x61,
	0x69, 0x6C, 0x73, 0x40, 0x43, 0x6F, 0x6E, 0x63, 0x75, 0x72, 0x72, 0x65,
	0x6E, 0x63, 0x79, 0x40, 0x40, 0x59, 0x41, 0x58, 0x58, 0x5A, 0x00, 0x00,
	0x67, 0x02, 0x3F, 0x5F, 0x53, 0x63, 0x68, 0x65, 0x64, 0x75, 0x6C, 0x65,
	0x5F, 0x63, 0x68, 0x6F, 0x72, 0x65, 0x40, 0x64, 0x65, 0x74, 0x61, 0x69,
	0x6C, 0x73, 0x40, 0x43, 0x6F, 0x6E, 0x63, 0x75, 0x72, 0x72, 0x65, 0x6E,
	0x63, 0x79, 0x40, 0x40, 0x59, 0x41, 0x48, 0x50, 0x45, 0x41, 0x55, 0x5F,
	0x54, 0x68, 0x72, 0x65, 0x61, 0x64, 0x70, 0x6F, 0x6F, 0x6C, 0x5F, 0x63,
	0x68, 0x6F, 0x72, 0x65, 0x40, 0x31, 0x32, 0x40, 0x40, 0x5A, 0x00, 0x00,
	0x34, 0x02, 0x3F, 0x5F, 0x4C, 0x6F, 0x67, 0x57, 0x6F, 0x72, 0x6B, 0x49,
	0x74, 0x65, 0x6D, 0x43, 0x6F, 0x6D, 0x70, 0x6C, 0x65, 0x74, 0x65, 0x64,
	0x40, 0x5F, 0x54, 0x61, 0x73, 0x6B, 0x45, 0x76, 0x65, 0x6E, 0x74, 0x4C,
	0x6F, 0x67, 0x67, 0x65, 0x72, 0x40, 0x64, 0x65, 0x74, 0x61, 0x69, 0x6C,
	0x73, 0x40, 0x43, 0x6F, 0x6E, 0x63, 0x75, 0x72, 0x72, 0x65, 0x6E, 0x63,
	0x79, 0x40, 0x40, 0x51, 0x45, 0x41, 0x41, 0x58, 0x58, 0x5A, 0x00, 0x00,
	0x35, 0x02, 0x3F, 0x5F, 0x4C, 0x6F, 0x67, 0x57, 0x6F, 0x72, 0x6B, 0x49,
	0x74, 0x65, 0x6D, 0x53, 0x74, 0x61, 0x72, 0x74, 0x65, 0x64, 0x40, 0x5F,
	0x54, 0x61, 0x73, 0x6B, 0x45, 0x76, 0x65, 0x6E, 0x74, 0x4C, 0x6F, 0x67,
	0x67, 0x65, 0x72, 0x40, 0x64, 0x65, 0x74, 0x61, 0x69, 0x6C, 0x73, 0x40,
	0x43, 0x6F, 0x6E, 0x63, 0x75, 0x72, 0x72, 0x65, 0x6E, 0x63, 0x79, 0x40,
	0x40, 0x51, 0x45, 0x41, 0x41, 0x58, 0x58, 0x5A, 0x00, 0x00, 0x33, 0x02,
	0x3F, 0x5F, 0x4C, 0x6F, 0x67, 0x54, 0x61, 0x73, 0x6B, 0x45, 0x78, 0x65,
	0x63, 0x75, 0x74, 0x69, 0x6F, 0x6E, 0x43, 0x6F, 0x6D, 0x70, 0x6C, 0x65,
	0x74, 0x65, 0x64, 0x40, 0x5F, 0x54, 0x61, 0x73, 0x6B, 0x45, 0x76, 0x65,
	0x6E, 0x74, 0x4C, 0x6F, 0x67, 0x67, 0x65, 0x72, 0x40, 0x64, 0x65, 0x74,
	0x61, 0x69, 0x6C, 0x73, 0x40, 0x43, 0x6F, 0x6E, 0x63, 0x75, 0x72, 0x72,
	0x65, 0x6E, 0x63, 0x79, 0x40, 0x40, 0x51, 0x45, 0x41, 0x41, 0x58, 0x58,
	0x5A, 0x00, 0x32, 0x02, 0x3F, 0x5F, 0x4C, 0x6F, 0x67, 0x54, 0x61, 0x73,
	0x6B, 0x43, 0x6F, 0x6D, 0x70, 0x6C, 0x65, 0x74, 0x65, 0x64, 0x40, 0x5F,
	0x54, 0x61, 0x73, 0x6B, 0x45, 0x76, 0x65, 0x6E, 0x74, 0x4C, 0x6F, 0x67,
	0x67, 0x65, 0x72, 0x40, 0x64, 0x65, 0x74, 0x61, 0x69, 0x6C, 0x73, 0x40,
	0x43, 0x6F, 0x6E, 0x63, 0x75, 0x72, 0x72, 0x65, 0x6E, 0x63, 0x79, 0x40,
	0x40, 0x51, 0x45, 0x41, 0x41, 0x58, 0x58, 0x5A, 0x00, 0x00, 0x30, 0x02,
	0x3F, 0x5F, 0x4C, 0x6F, 0x67, 0x43, 0x61, 0x6E, 0x63, 0x65, 0x6C, 0x54,
	0x61, 0x73, 0x6B, 0x40, 0x5F, 0x54, 0x61, 0x73, 0x6B, 0x45, 0x76, 0x65,
	0x6E, 0x74, 0x4C, 0x6F, 0x67, 0x67, 0x65, 0x72, 0x40, 0x64, 0x65, 0x74,
	0x61, 0x69, 0x6C, 0x73, 0x40, 0x43, 0x6F, 0x6E, 0x63, 0x75, 0x72, 0x72,
	0x65, 0x6E, 0x63, 0x79, 0x40, 0x40, 0x51, 0x45, 0x41, 0x41, 0x58, 0x58,
	0x5A, 0x00, 0x31, 0x02, 0x3F, 0x5F, 0x4C, 0x6F, 0x67, 0x53, 0x63, 0x68,
	0x65, 0x64, 0x75, 0x6C, 0x65, 0x54, 0x61, 0x73, 0x6B, 0x40, 0x5F, 0x54,
	0x61, 0x73, 0x6B, 0x45, 0x76, 0x65, 0x6E, 0x74, 0x4C, 0x6F, 0x67, 0x67,
	0x65, 0x72, 0x40, 0x64, 0x65, 0x74, 0x61, 0x69, 0x6C, 0x73, 0x40, 0x43,
	0x6F, 0x6E, 0x63, 0x75, 0x72, 0x72, 0x65, 0x6E, 0x63, 0x79, 0x40, 0x40,
	0x51, 0x45, 0x41, 0x41, 0x58, 0x5F, 0x4E, 0x40, 0x5A, 0x00, 0x5E, 0x02,
	0x3F, 0x5F, 0x52, 0x65, 0x6C, 0x65, 0x61, 0x73, 0x65, 0x5F, 0x63, 0x68,
	0x6F, 0x72, 0x65, 0x40, 0x64, 0x65, 0x74, 0x61, 0x69, 0x6C, 0x73, 0x40,
	0x43, 0x6F, 0x6E, 0x63, 0x75, 0x72, 0x72, 0x65, 0x6E, 0x63, 0x79, 0x40,
	0x40, 0x59, 0x41, 0x58, 0x50, 0x45, 0x41, 0x55, 0x5F, 0x54, 0x68, 0x72,
	0x65, 0x61, 0x64, 0x70, 0x6F, 0x6F, 0x6C, 0x5F, 0x63, 0x68, 0x6F, 0x72,
	0x65, 0x40, 0x31, 0x32, 0x40, 0x40, 0x5A, 0x00, 0x90, 0x01, 0x3F, 0x52,
	0x65, 0x70, 0x6F, 0x72, 0x74, 0x55, 0x6E, 0x68, 0x61, 0x6E, 0x64, 0x6C,
	0x65, 0x64, 0x45, 0x72, 0x72, 0x6F, 0x72, 0x40, 0x5F, 0x45, 0x78, 0x63,
	0x65, 0x70, 0x74, 0x69, 0x6F, 0x6E, 0x48, 0x6F, 0x6C, 0x64, 0x65, 0x72,
	0x40, 0x64, 0x65, 0x74, 0x61, 0x69, 0x6C, 0x73, 0x40, 0x43, 0x6F, 0x6E,
	0x63, 0x75, 0x72, 0x72, 0x65, 0x6E, 0x63, 0x79, 0x40, 0x40, 0x41, 0x45,
	0x41, 0x41, 0x58, 0x58, 0x5A, 0x00, 0x9C, 0x01, 0x3F, 0x5F, 0x43, 0x61,
	0x70, 0x74, 0x75, 0x72, 0x65, 0x40, 0x5F, 0x43, 0x6F, 0x6E, 0x74, 0x65,
	0x78, 0x74, 0x43, 0x61, 0x6C, 0x6C, 0x62, 0x61, 0x63, 0x6B, 0x40, 0x64,
	0x65, 0x74, 0x61, 0x69, 0x6C, 0x73, 0x40, 0x43, 0x6F, 0x6E, 0x63, 0x75,
	0x72, 0x72, 0x65, 0x6E, 0x63, 0x79, 0x40, 0x40, 0x41, 0x45, 0x41, 0x41,
	0x58, 0x58, 0x5A, 0x00, 0x64, 0x02, 0x3F, 0x5F, 0x52, 0x65, 0x73, 0x65,
	0x74, 0x40, 0x5F, 0x43, 0x6F, 0x6E, 0x74, 0x65, 0x78, 0x74, 0x43, 0x61,
	0x6C, 0x6C, 0x62, 0x61, 0x63, 0x6B, 0x40, 0x64, 0x65, 0x74, 0x61, 0x69,
	0x6C, 0x73, 0x40, 0x43, 0x6F, 0x6E, 0x63, 0x75, 0x72, 0x72, 0x65, 0x6E,
	0x63, 0x79, 0x40, 0x40, 0x41, 0x45, 0x41, 0x41, 0x58, 0x58, 0x5A, 0x00,
	0x9A, 0x01, 0x3F, 0x5F, 0x43, 0x61, 0x6C, 0x6C, 0x49, 0x6E, 0x43, 0x6F,
	0x6E, 0x74, 0x65, 0x78, 0x74, 0x40, 0x5F, 0x43, 0x6F, 0x6E, 0x74, 0x65,
	0x78, 0x74, 0x43, 0x61, 0x6C, 0x6C, 0x62, 0x61, 0x63, 0x6B, 0x40, 0x64,
	0x65, 0x74, 0x61, 0x69, 0x6C, 0x73, 0x40, 0x43, 0x6F, 0x6E, 0x63, 0x75,
	0x72, 0x72, 0x65, 0x6E, 0x63, 0x79, 0x40, 0x40, 0x51, 0x45, 0x42, 0x41,
	0x58, 0x56, 0x3F, 0x24, 0x66, 0x75, 0x6E, 0x63, 0x74, 0x69, 0x6F, 0x6E,
	0x40, 0x24, 0x24, 0x41, 0x36, 0x41, 0x58, 0x58, 0x5A, 0x40, 0x73, 0x74,
	0x64, 0x40, 0x40, 0x5F, 0x4E, 0x40, 0x5A, 0x00, 0x78, 0x00, 0x3F, 0x3F,
	0x30, 0x74, 0x61, 0x73, 0x6B, 0x5F, 0x63, 0x6F, 0x6E, 0x74, 0x69, 0x6E,
	0x75, 0x61, 0x74, 0x69, 0x6F, 0x6E, 0x5F, 0x63, 0x6F, 0x6E, 0x74, 0x65,
	0x78, 0x74, 0x40, 0x43, 0x6F, 0x6E, 0x63, 0x75, 0x72, 0x72, 0x65, 0x6E,
	0x63, 0x79, 0x40, 0x40, 0x41, 0x45, 0x41, 0x41, 0x40, 0x58, 0x5A, 0x00,
	0x54, 0x05, 0x5F, 0x43, 0x6E, 0x64, 0x5F, 0x75, 0x6E, 0x72, 0x65, 0x67,
	0x69, 0x73, 0x74, 0x65, 0x72, 0x5F, 0x61, 0x74, 0x5F, 0x74, 0x68, 0x72,
	0x65, 0x61, 0x64, 0x5F, 0x65, 0x78, 0x69, 0x74, 0x00, 0x00, 0x97, 0x02,
	0x3F, 0x5F, 0x5F, 0x45, 0x78, 0x63, 0x65, 0x70, 0x74, 0x69, 0x6F, 0x6E,
	0x50, 0x74, 0x72, 0x43, 0x72, 0x65, 0x61, 0x74, 0x65, 0x40, 0x40, 0x59,
	0x41, 0x58, 0x50, 0x45, 0x41, 0x58, 0x40, 0x5A, 0x00, 0x00, 0x95, 0x02,
	0x3F, 0x5F, 0x5F, 0x45, 0x78, 0x63, 0x65, 0x70, 0x74, 0x69, 0x6F, 0x6E,
	0x50, 0x74, 0x72, 0x43, 0x6F, 0x70, 0x79, 0x40, 0x40, 0x59, 0x41, 0x58,
	0x50, 0x45, 0x41, 0x58, 0x50, 0x45, 0x42, 0x58, 0x40, 0x5A, 0x00, 0x00,
	0x75, 0x02, 0x3F, 0x5F, 0x54, 0x68, 0x72, 0x6F, 0x77, 0x5F, 0x43, 0x70,
	0x70, 0x5F, 0x65, 0x72, 0x72, 0x6F, 0x72, 0x40, 0x73, 0x74, 0x64, 0x40,
	0x40, 0x59, 0x41, 0x58, 0x48, 0x40, 0x5A, 0x00, 0xB4, 0x02, 0x3F, 0x63,
	0x6F, 0x75, 0x74, 0x40, 0x73, 0x74, 0x64, 0x40, 0x40, 0x33, 0x56, 0x3F,
	0x24, 0x62, 0x61, 0x73, 0x69, 0x63, 0x5F, 0x6F, 0x73, 0x74, 0x72, 0x65,
	0x61, 0x6D, 0x40, 0x44, 0x55, 0x3F, 0x24, 0x63, 0x68, 0x61, 0x72, 0x5F,
	0x74, 0x72, 0x61, 0x69, 0x74, 0x73, 0x40, 0x44, 0x40, 0x73, 0x74, 0x64,
	0x40, 0x40, 0x40, 0x31, 0x40, 0x41, 0x00, 0x00, 0x1E, 0x05, 0x3F, 0x75,
	0x6E, 0x63, 0x61, 0x75, 0x67, 0x68, 0x74, 0x5F, 0x65, 0x78, 0x63, 0x65,
	0x70, 0x74, 0x69, 0x6F, 0x6E, 0x40, 0x73, 0x74, 0x64, 0x40, 0x40, 0x59,
	0x41, 0x5F, 0x4E, 0x58, 0x5A, 0x00, 0xA2, 0x02, 0x3F, 0x63, 0x65, 0x72,
	0x72, 0x40, 0x73, 0x74, 0x64, 0x40, 0x40, 0x33, 0x56, 0x3F, 0x24, 0x62,
	0x61, 0x73, 0x69, 0x63, 0x5F, 0x6F, 0x73, 0x74, 0x72, 0x65, 0x61, 0x6D,
	0x40, 0x44, 0x55, 0x3F, 0x24, 0x63, 0x68, 0x61, 0x72, 0x5F, 0x74, 0x72,
	0x61, 0x69, 0x74, 0x73, 0x40, 0x44, 0x40, 0x73, 0x74, 0x64, 0x40, 0x40,
	0x40, 0x31, 0x40, 0x41, 0x00, 0x00, 0x8C, 0x02, 0x3F, 0x5F, 0x58, 0x62,
	0x61, 0x64, 0x5F, 0x66, 0x75, 0x6E, 0x63, 0x74, 0x69, 0x6F, 0x6E, 0x5F,
	0x63, 0x61, 0x6C, 0x6C, 0x40, 0x73, 0x74, 0x64, 0x40, 0x40, 0x59, 0x41,
	0x58, 0x58, 0x5A, 0x00, 0x8E, 0x02, 0x3F, 0x5F, 0x58, 0x6C, 0x65, 0x6E,
	0x67, 0x74, 0x68, 0x5F, 0x65, 0x72, 0x72, 0x6F, 0x72, 0x40, 0x73, 0x74,
	0x64, 0x40, 0x40, 0x59, 0x41, 0x58, 0x50, 0x45, 0x42, 0x44, 0x40, 0x5A,
	0x00, 0x00, 0x73, 0x02, 0x3F, 0x5F, 0x53, 0x79, 0x73, 0x65, 0x72, 0x72,
	0x6F, 0x72, 0x5F, 0x6D, 0x61, 0x70, 0x40, 0x73, 0x74, 0x64, 0x40, 0x40,
	0x59, 0x41, 0x50, 0x45, 0x42, 0x44, 0x48, 0x40, 0x5A, 0x00, 0x9C, 0x02,
	0x3F, 0x5F, 0x5F, 0x45, 0x78, 0x63, 0x65, 0x70, 0x74, 0x69, 0x6F, 0x6E,
	0x50, 0x74, 0x72, 0x54, 0x6F, 0x42, 0x6F, 0x6F, 0x6C, 0x40, 0x40, 0x59,
	0x41, 0x5F, 0x4E, 0x50, 0x45, 0x42, 0x58, 0x40, 0x5A, 0x00, 0x99, 0x02,
	0x3F, 0x5F, 0x5F, 0x45, 0x78, 0x63, 0x65, 0x70, 0x74, 0x69, 0x6F, 0x6E,
	0x50, 0x74, 0x72, 0x44, 0x65, 0x73, 0x74, 0x72, 0x6F, 0x79, 0x40, 0x40,
	0x59, 0x41, 0x58, 0x50, 0x45, 0x41, 0x58, 0x40, 0x5A, 0x00, 0x85, 0x05,
	0x5F, 0x4D, 0x74, 0x78, 0x5F, 0x6C, 0x6F, 0x63, 0x6B, 0x00, 0x98, 0x02,
	0x3F, 0x5F, 0x5F, 0x45, 0x78, 0x63, 0x65, 0x70, 0x74, 0x69, 0x6F, 0x6E,
	0x50, 0x74, 0x72, 0x43, 0x75, 0x72, 0x72, 0x65, 0x6E, 0x74, 0x45, 0x78,
	0x63, 0x65, 0x70, 0x74, 0x69, 0x6F, 0x6E, 0x40, 0x40, 0x59, 0x41, 0x58,
	0x50, 0x45, 0x41, 0x58, 0x40, 0x5A, 0x00, 0x00, 0x9A, 0x02, 0x3F, 0x5F,
	0x5F, 0x45, 0x78, 0x63, 0x65, 0x70, 0x74, 0x69, 0x6F, 0x6E, 0x50, 0x74,
	0x72, 0x52, 0x65, 0x74, 0x68, 0x72, 0x6F, 0x77, 0x40, 0x40, 0x59, 0x41,
	0x58, 0x50, 0x45, 0x42, 0x58, 0x40, 0x5A, 0x00, 0x51, 0x05, 0x5F, 0x43,
	0x6E, 0x64, 0x5F, 0x72, 0x65, 0x67, 0x69, 0x73, 0x74, 0x65, 0x72, 0x5F,
	0x61, 0x74, 0x5F, 0x74, 0x68, 0x72, 0x65, 0x61, 0x64, 0x5F, 0x65, 0x78,
	0x69, 0x74, 0x00, 0x00, 0x55, 0x05, 0x5F, 0x43, 0x6E, 0x64, 0x5F, 0x77,
	0x61, 0x69, 0x74, 0x00, 0x89, 0x05, 0x5F, 0x4D, 0x74, 0x78, 0x5F, 0x75,
	0x6E, 0x6C, 0x6F, 0x63, 0x6B, 0x00, 0x4B, 0x05, 0x5F, 0x43, 0x6E, 0x64,
	0x5F, 0x62, 0x72, 0x6F, 0x61, 0x64, 0x63, 0x61, 0x73, 0x74, 0x00, 0x00,
	0x44, 0x02, 0x3F, 0x5F, 0x4F, 0x73, 0x66, 0x78, 0x40, 0x3F, 0x24, 0x62,
	0x61, 0x73, 0x69, 0x63, 0x5F, 0x6F, 0x73, 0x74, 0x72, 0x65, 0x61, 0x6D,
	0x40, 0x44, 0x55, 0x3F, 0x24, 0x63, 0x68, 0x61, 0x72, 0x5F, 0x74, 0x72,
	0x61, 0x69, 0x74, 0x73, 0x40, 0x44, 0x40, 0x73, 0x74, 0x64, 0x40, 0x40,
	0x40, 0x73, 0x74, 0x64, 0x40, 0x40, 0x51, 0x45, 0x41, 0x41, 0x58, 0x58,
	0x5A, 0x00, 0xC5, 0x04, 0x3F, 0x73, 0x65, 0x74, 0x73, 0x74, 0x61, 0x74,
	0x65, 0x40, 0x3F, 0x24, 0x62, 0x61, 0x73, 0x69, 0x63, 0x5F, 0x69, 0x6F,
	0x73, 0x40, 0x44, 0x55, 0x3F, 0x24, 0x63, 0x68, 0x61, 0x72, 0x5F, 0x74,
	0x72, 0x61, 0x69, 0x74, 0x73, 0x40, 0x44, 0x40, 0x73, 0x74, 0x64, 0x40,
	0x40, 0x40, 0x73, 0x74, 0x64, 0x40, 0x40, 0x51, 0x45, 0x41, 0x41, 0x58,
	0x48, 0x5F, 0x4E, 0x40, 0x5A, 0x00, 0x34, 0x05, 0x3F, 0x77, 0x69, 0x64,
	0x65, 0x6E, 0x40, 0x3F, 0x24, 0x62, 0x61, 0x73, 0x69, 0x63, 0x5F, 0x69,
	0x6F, 0x73, 0x40, 0x44, 0x55, 0x3F, 0x24, 0x63, 0x68, 0x61, 0x72, 0x5F,
	0x74, 0x72, 0x61, 0x69, 0x74, 0x73, 0x40, 0x44, 0x40, 0x73, 0x74, 0x64,
	0x40, 0x40, 0x40, 0x73, 0x74, 0x64, 0x40, 0x40, 0x51, 0x45, 0x42, 0x41,
	0x44, 0x44, 0x40, 0x5A, 0x00, 0x00, 0xDE, 0x04, 0x3F, 0x73, 0x70, 0x75,
	0x74, 0x63, 0x40, 0x3F, 0x24, 0x62, 0x61, 0x73, 0x69, 0x63, 0x5F, 0x73,
	0x74, 0x72, 0x65, 0x61, 0x6D, 0x62, 0x75, 0x66, 0x40, 0x44, 0x55, 0x3F,
	0x24, 0x63, 0x68, 0x61, 0x72, 0x5F, 0x74, 0x72, 0x61, 0x69, 0x74, 0x73,
	0x40, 0x44, 0x40, 0x73, 0x74, 0x64, 0x40, 0x40, 0x40, 0x73, 0x74, 0x64,
	0x40, 0x40, 0x51, 0x45, 0x41, 0x41, 0x48, 0x44, 0x40, 0x5A, 0x00, 0x00,
	0xE1, 0x04, 0x3F, 0x73, 0x70, 0x75, 0x74, 0x6E, 0x40, 0x3F, 0x24, 0x62,
	0x61, 0x73, 0x69, 0x63, 0x5F, 0x73, 0x74, 0x72, 0x65, 0x61, 0x6D, 0x62,
	0x75, 0x66, 0x40, 0x44, 0x55, 0x3F, 0x24, 0x63, 0x68, 0x61, 0x72, 0x5F,
	0x74, 0x72, 0x61, 0x69, 0x74, 0x73, 0x40, 0x44, 0x40, 0x73, 0x74, 0x64,
	0x40, 0x40, 0x40, 0x73, 0x74, 0x64, 0x40, 0x40, 0x51, 0x45, 0x41, 0x41,
	0x5F, 0x4A, 0x50, 0x45, 0x42, 0x44, 0x5F, 0x4A, 0x40, 0x5A, 0x00, 0x00,
	0x61, 0x04, 0x3F, 0x70, 0x75, 0x74, 0x40, 0x3F, 0x24, 0x62, 0x61, 0x73,
	0x69, 0x63, 0x5F, 0x6F, 0x73, 0x74, 0x72, 0x65, 0x61, 0x6D, 0x40, 0x44,
	0x55, 0x3F, 0x24, 0x63, 0x68, 0x61, 0x72, 0x5F, 0x74, 0x72, 0x61, 0x69,
	0x74, 0x73, 0x40, 0x44, 0x40, 0x73, 0x74, 0x64, 0x40, 0x40, 0x40, 0x73,
	0x74, 0x64, 0x40, 0x40, 0x51, 0x45, 0x41, 0x41, 0x41, 0x45, 0x41, 0x56,
	0x31, 0x32, 0x40, 0x44, 0x40, 0x5A, 0x00, 0x00, 0x68, 0x03, 0x3F, 0x66,
	0x6C, 0x75, 0x73, 0x68, 0x40, 0x3F, 0x24, 0x62, 0x61, 0x73, 0x69, 0x63,
	0x5F, 0x6F, 0x73, 0x74, 0x72, 0x65, 0x61, 0x6D, 0x40, 0x44, 0x55, 0x3F,
	0x24, 0x63, 0x68, 0x61, 0x72, 0x5F, 0x74, 0x72, 0x61, 0x69, 0x74, 0x73,
	0x40, 0x44, 0x40, 0x73, 0x74, 0x64, 0x40, 0x40, 0x40, 0x73, 0x74, 0x64,
	0x40, 0x40, 0x51, 0x45, 0x41, 0x41, 0x41, 0x45, 0x41, 0x56, 0x31, 0x32,
	0x40, 0x58, 0x5A, 0x00, 0x06, 0x01, 0x3F, 0x3F, 0x36, 0x3F, 0x24, 0x62,
	0x61, 0x73, 0x69, 0x63, 0x5F, 0x6F, 0x73, 0x74, 0x72, 0x65, 0x61, 0x6D,
	0x40, 0x44, 0x55, 0x3F, 0x24, 0x63, 0x68, 0x61, 0x72, 0x5F, 0x74, 0x72,
	0x61, 0x69, 0x74, 0x73, 0x40, 0x44, 0x40, 0x73, 0x74, 0x64, 0x40, 0x40,
	0x40, 0x73, 0x74, 0x64, 0x40, 0x40, 0x51, 0x45, 0x41, 0x41, 0x41, 0x45,
	0x41, 0x56, 0x30, 0x31, 0x40, 0x50, 0x36, 0x41, 0x41, 0x45, 0x41, 0x56,
	0x30, 0x31, 0x40, 0x41, 0x45, 0x41, 0x56, 0x30, 0x31, 0x40, 0x40, 0x5A,
	0x40, 0x5A, 0x00, 0x00, 0x08, 0x01, 0x3F, 0x3F, 0x36, 0x3F, 0x24, 0x62,
	0x61, 0x73, 0x69, 0x63, 0x5F, 0x6F, 0x73, 0x74, 0x72, 0x65, 0x61, 0x6D,
	0x40, 0x44, 0x55, 0x3F, 0x24, 0x63, 0x68, 0x61, 0x72, 0x5F, 0x74, 0x72,
	0x61, 0x69, 0x74, 0x73, 0x40, 0x44, 0x40, 0x73, 0x74, 0x64, 0x40, 0x40,
	0x40, 0x73, 0x74, 0x64, 0x40, 0x40, 0x51, 0x45, 0x41, 0x41, 0x41, 0x45,
	0x41, 0x56, 0x30, 0x31, 0x40, 0x50, 0x36, 0x41, 0x41, 0x45, 0x41, 0x56,
	0x69, 0x6F, 0x73, 0x5F, 0x62, 0x61, 0x73, 0x65, 0x40, 0x31, 0x40, 0x41,
	0x45, 0x41, 0x56, 0x32, 0x31, 0x40, 0x40, 0x5A, 0x40, 0x5A, 0x00, 0x00,
	0xFF, 0x00, 0x3F, 0x3F, 0x36, 0x3F, 0x24, 0x62, 0x61, 0x73, 0x69, 0x63,
	0x5F, 0x6F, 0x73, 0x74, 0x72, 0x65, 0x61, 0x6D, 0x40, 0x44, 0x55, 0x3F,
	0x24, 0x63, 0x68, 0x61, 0x72, 0x5F, 0x74, 0x72, 0x61, 0x69, 0x74, 0x73,
	0x40, 0x44, 0x40, 0x73, 0x74, 0x64, 0x40, 0x40, 0x40, 0x73, 0x74, 0x64,
	0x40, 0x40, 0x51, 0x45, 0x41, 0x41, 0x41, 0x45, 0x41, 0x56, 0x30, 0x31,
	0x40, 0x48, 0x40, 0x5A, 0x00, 0x00, 0x02, 0x01, 0x3F, 0x3F, 0x36, 0x3F,
	0x24, 0x62, 0x61, 0x73, 0x69, 0x63, 0x5F, 0x6F, 0x73, 0x74, 0x72, 0x65,
	0x61, 0x6D, 0x40, 0x44, 0x55, 0x3F, 0x24, 0x63, 0x68, 0x61, 0x72, 0x5F,
	0x74, 0x72, 0x61, 0x69, 0x74, 0x73, 0x40, 0x44, 0x40, 0x73, 0x74, 0x64,
	0x40, 0x40, 0x40, 0x73, 0x74, 0x64, 0x40, 0x40, 0x51, 0x45, 0x41, 0x41,
	0x41, 0x45, 0x41, 0x56, 0x30, 0x31, 0x40, 0x4B, 0x40, 0x5A, 0x00, 0x00,
	0x0C, 0x01, 0x3F, 0x3F, 0x36, 0x3F, 0x24, 0x62, 0x61, 0x73, 0x69, 0x63,
	0x5F, 0x6F, 0x73, 0x74, 0x72, 0x65, 0x61, 0x6D, 0x40, 0x44, 0x55, 0x3F,
	0x24, 0x63, 0x68, 0x61, 0x72, 0x5F, 0x74, 0x72, 0x61, 0x69, 0x74, 0x73,
	0x40, 0x44, 0x40, 0x73, 0x74, 0x64, 0x40, 0x40, 0x40, 0x73, 0x74, 0x64,
	0x40, 0x40, 0x51, 0x45, 0x41, 0x41, 0x41, 0x45, 0x41, 0x56, 0x30, 0x31,
	0x40, 0x5F, 0x4B, 0x40, 0x5A, 0x00, 0xC5, 0x03, 0x3F, 0x67, 0x6F, 0x6F,
	0x64, 0x40, 0x69, 0x6F, 0x73, 0x5F, 0x62, 0x61, 0x73, 0x65, 0x40, 0x73,
	0x74, 0x64, 0x40, 0x40, 0x51, 0x45, 0x42, 0x41, 0x5F, 0x4E, 0x58, 0x5A,
	0x00, 0x00, 0x4D, 0x53, 0x56, 0x43, 0x50, 0x31, 0x34, 0x30, 0x2E, 0x64,
	0x6C, 0x6C, 0x00, 0x00, 0x00, 0x00, 0x5F, 0x5F, 0x43, 0x78, 0x78, 0x46,
	0x72, 0x61, 0x6D, 0x65, 0x48, 0x61, 0x6E, 0x64, 0x6C, 0x65, 0x72, 0x34,
	0x00, 0x00, 0x22, 0x00, 0x5F, 0x5F, 0x73, 0x74, 0x64, 0x5F, 0x65, 0x78,
	0x63, 0x65, 0x70, 0x74, 0x69, 0x6F, 0x6E, 0x5F, 0x64, 0x65, 0x73, 0x74,
	0x72, 0x6F, 0x79, 0x00, 0x21, 0x00, 0x5F, 0x5F, 0x73, 0x74, 0x64, 0x5F,
	0x65, 0x78, 0x63, 0x65, 0x70, 0x74, 0x69, 0x6F, 0x6E, 0x5F, 0x63, 0x6F,
	0x70, 0x79, 0x00, 0x00, 0x36, 0x00, 0x5F, 0x70, 0x75, 0x72, 0x65, 0x63,
	0x61, 0x6C, 0x6C, 0x00, 0x23, 0x00, 0x5F, 0x5F, 0x73, 0x74, 0x64, 0x5F,
	0x74, 0x65, 0x72, 0x6D, 0x69, 0x6E, 0x61, 0x74, 0x65, 0x00, 0x41, 0x00,
	0x73, 0x74, 0x72, 0x72, 0x63, 0x68, 0x72, 0x00, 0x3B, 0x00, 0x6D, 0x65,
	0x6D, 0x63, 0x6D, 0x70, 0x00, 0x00, 0x3C, 0x00, 0x6D, 0x65, 0x6D, 0x63,
	0x70, 0x79, 0x00, 0x00, 0x3E, 0x00, 0x6D, 0x65, 0x6D, 0x73, 0x65, 0x74,
	0x00, 0x00, 0x1B, 0x00, 0x5F, 0x5F, 0x63, 0x75, 0x72, 0x72, 0x65, 0x6E,
	0x74, 0x5F, 0x65, 0x78, 0x63, 0x65, 0x70, 0x74, 0x69, 0x6F, 0x6E, 0x00,
	0x1C, 0x00, 0x5F, 0x5F, 0x63, 0x75, 0x72, 0x72, 0x65, 0x6E, 0x74, 0x5F,
	0x65, 0x78, 0x63, 0x65, 0x70, 0x74, 0x69, 0x6F, 0x6E, 0x5F, 0x63, 0x6F,
	0x6E, 0x74, 0x65, 0x78, 0x74, 0x00, 0x08, 0x00, 0x5F, 0x5F, 0x43, 0x5F,
	0x73, 0x70, 0x65, 0x63, 0x69, 0x66, 0x69, 0x63, 0x5F, 0x68, 0x61, 0x6E,
	0x64, 0x6C, 0x65, 0x72, 0x00, 0x00, 0x01, 0x00, 0x5F, 0x43, 0x78, 0x78,
	0x54, 0x68, 0x72, 0x6F, 0x77, 0x45, 0x78, 0x63, 0x65, 0x70, 0x74, 0x69,
	0x6F, 0x6E, 0x00, 0x00, 0x56, 0x43, 0x52, 0x55, 0x4E, 0x54, 0x49, 0x4D,
	0x45, 0x31, 0x34, 0x30, 0x5F, 0x31, 0x2E, 0x64, 0x6C, 0x6C, 0x00, 0x00,
	0x56, 0x43, 0x52, 0x55, 0x4E, 0x54, 0x49, 0x4D, 0x45, 0x31, 0x34, 0x30,
	0x2E, 0x64, 0x6C, 0x6C, 0x00, 0x00, 0x54, 0x00, 0x61, 0x62, 0x6F, 0x72,
	0x74, 0x00, 0x3A, 0x00, 0x5F, 0x69, 0x6E, 0x76, 0x6F, 0x6B, 0x65, 0x5F,
	0x77, 0x61, 0x74, 0x73, 0x6F, 0x6E, 0x00, 0x00, 0x66, 0x00, 0x73, 0x79,
	0x73, 0x74, 0x65, 0x6D, 0x00, 0x00, 0x2A, 0x00, 0x5F, 0x73, 0x74, 0x72,
	0x69, 0x63, 0x6D, 0x70, 0x00, 0x00, 0x08, 0x00, 0x5F, 0x63, 0x61, 0x6C,
	0x6C, 0x6E, 0x65, 0x77, 0x68, 0x00, 0x19, 0x00, 0x6D, 0x61, 0x6C, 0x6C,
	0x6F, 0x63, 0x00, 0x00, 0x67, 0x00, 0x74, 0x65, 0x72, 0x6D, 0x69, 0x6E,
	0x61, 0x74, 0x65, 0x00, 0x18, 0x00, 0x5F, 0x63, 0x6F, 0x6E, 0x66, 0x69,
	0x67, 0x75, 0x72, 0x65, 0x5F, 0x6E, 0x61, 0x72, 0x72, 0x6F, 0x77, 0x5F,
	0x61, 0x72, 0x67, 0x76, 0x00, 0x00, 0x33, 0x00, 0x5F, 0x69, 0x6E, 0x69,
	0x74, 0x69, 0x61, 0x6C, 0x69, 0x7A, 0x65, 0x5F, 0x6E, 0x61, 0x72, 0x72,
	0x6F, 0x77, 0x5F, 0x65, 0x6E, 0x76, 0x69, 0x72, 0x6F, 0x6E, 0x6D, 0x65,
	0x6E, 0x74, 0x00, 0x00, 0x34, 0x00, 0x5F, 0x69, 0x6E, 0x69, 0x74, 0x69,
	0x61, 0x6C, 0x69, 0x7A, 0x65, 0x5F, 0x6F, 0x6E, 0x65, 0x78, 0x69, 0x74,
	0x5F, 0x74, 0x61, 0x62, 0x6C, 0x65, 0x00, 0x00, 0x3C, 0x00, 0x5F, 0x72,
	0x65, 0x67, 0x69, 0x73, 0x74, 0x65, 0x72, 0x5F, 0x6F, 0x6E, 0x65, 0x78,
	0x69, 0x74, 0x5F, 0x66, 0x75, 0x6E, 0x63, 0x74, 0x69, 0x6F, 0x6E, 0x00,
	0x1E, 0x00, 0x5F, 0x63, 0x72, 0x74, 0x5F, 0x61, 0x74, 0x65, 0x78, 0x69,
	0x74, 0x00, 0x16, 0x00, 0x5F, 0x63, 0x65, 0x78, 0x69, 0x74, 0x00, 0x00,
	0x40, 0x00, 0x5F, 0x73, 0x65, 0x68, 0x5F, 0x66, 0x69, 0x6C, 0x74, 0x65,
	0x72, 0x5F, 0x65, 0x78, 0x65, 0x00, 0x42, 0x00, 0x5F, 0x73, 0x65, 0x74,
	0x5F, 0x61, 0x70, 0x70, 0x5F, 0x74, 0x79, 0x70, 0x65, 0x00, 0x09, 0x00,
	0x5F, 0x5F, 0x73, 0x65, 0x74, 0x75, 0x73, 0x65, 0x72, 0x6D, 0x61, 0x74,
	0x68, 0x65, 0x72, 0x72, 0x00, 0x00, 0x28, 0x00, 0x5F, 0x67, 0x65, 0x74,
	0x5F, 0x69, 0x6E, 0x69, 0x74, 0x69, 0x61, 0x6C, 0x5F, 0x6E, 0x61, 0x72,
	0x72, 0x6F, 0x77, 0x5F, 0x65, 0x6E, 0x76, 0x69, 0x72, 0x6F, 0x6E, 0x6D,
	0x65, 0x6E, 0x74, 0x00, 0x36, 0x00, 0x5F, 0x69, 0x6E, 0x69, 0x74, 0x74,
	0x65, 0x72, 0x6D, 0x00, 0x37, 0x00, 0x5F, 0x69, 0x6E, 0x69, 0x74, 0x74,
	0x65, 0x72, 0x6D, 0x5F, 0x65, 0x00, 0x55, 0x00, 0x65, 0x78, 0x69, 0x74,
	0x00, 0x00, 0x23, 0x00, 0x5F, 0x65, 0x78, 0x69, 0x74, 0x00, 0x54, 0x00,
	0x5F, 0x73, 0x65, 0x74, 0x5F, 0x66, 0x6D, 0x6F, 0x64, 0x65, 0x00, 0x00,
	0x04, 0x00, 0x5F, 0x5F, 0x70, 0x5F, 0x5F, 0x5F, 0x61, 0x72, 0x67, 0x63,
	0x00, 0x00, 0x05, 0x00, 0x5F, 0x5F, 0x70, 0x5F, 0x5F, 0x5F, 0x61, 0x72,
	0x67, 0x76, 0x00, 0x00, 0x15, 0x00, 0x5F, 0x63, 0x5F, 0x65, 0x78, 0x69,
	0x74, 0x00, 0x3D, 0x00, 0x5F, 0x72, 0x65, 0x67, 0x69, 0x73, 0x74, 0x65,
	0x72, 0x5F, 0x74, 0x68, 0x72, 0x65, 0x61, 0x64, 0x5F, 0x6C, 0x6F, 0x63,
	0x61, 0x6C, 0x5F, 0x65, 0x78, 0x65, 0x5F, 0x61, 0x74, 0x65, 0x78, 0x69,
	0x74, 0x5F, 0x63, 0x61, 0x6C, 0x6C, 0x62, 0x61, 0x63, 0x6B, 0x00, 0x00,
	0x08, 0x00, 0x5F, 0x63, 0x6F, 0x6E, 0x66, 0x69, 0x67, 0x74, 0x68, 0x72,
	0x65, 0x61, 0x64, 0x6C, 0x6F, 0x63, 0x61, 0x6C, 0x65, 0x00, 0x16, 0x00,
	0x5F, 0x73, 0x65, 0x74, 0x5F, 0x6E, 0x65, 0x77, 0x5F, 0x6D, 0x6F, 0x64,
	0x65, 0x00, 0x01, 0x00, 0x5F, 0x5F, 0x70, 0x5F, 0x5F, 0x63, 0x6F, 0x6D,
	0x6D, 0x6F, 0x64, 0x65, 0x00, 0x00, 0x18, 0x00, 0x66, 0x72, 0x65, 0x65,
	0x00, 0x00, 0x61, 0x70, 0x69, 0x2D, 0x6D, 0x73, 0x2D, 0x77, 0x69, 0x6E,
	0x2D, 0x63, 0x72, 0x74, 0x2D, 0x72, 0x75, 0x6E, 0x74, 0x69, 0x6D, 0x65,
	0x2D, 0x6C, 0x31, 0x2D, 0x31, 0x2D, 0x30, 0x2E, 0x64, 0x6C, 0x6C, 0x00,
	0x61, 0x70, 0x69, 0x2D, 0x6D, 0x73, 0x2D, 0x77, 0x69, 0x6E, 0x2D, 0x63,
	0x72, 0x74, 0x2D, 0x68, 0x65, 0x61, 0x70, 0x2D, 0x6C, 0x31, 0x2D, 0x31,
	0x2D, 0x30, 0x2E, 0x64, 0x6C, 0x6C, 0x00, 0x00, 0x61, 0x70, 0x69, 0x2D,
	0x6D, 0x73, 0x2D, 0x77, 0x69, 0x6E, 0x2D, 0x63, 0x72, 0x74, 0x2D, 0x73,
	0x74, 0x72, 0x69, 0x6E, 0x67, 0x2D, 0x6C, 0x31, 0x2D, 0x31, 0x2D, 0x30,
	0x2E, 0x64, 0x6C, 0x6C, 0x00, 0x00, 0x61, 0x70, 0x69, 0x2D, 0x6D, 0x73,
	0x2D, 0x77, 0x69, 0x6E, 0x2D, 0x63, 0x72, 0x74, 0x2D, 0x6D, 0x61, 0x74,
	0x68, 0x2D, 0x6C, 0x31, 0x2D, 0x31, 0x2D, 0x30, 0x2E, 0x64, 0x6C, 0x6C,
	0x00, 0x00, 0x61, 0x70, 0x69, 0x2D, 0x6D, 0x73, 0x2D, 0x77, 0x69, 0x6E,
	0x2D, 0x63, 0x72, 0x74, 0x2D, 0x73, 0x74, 0x64, 0x69, 0x6F, 0x2D, 0x6C,
	0x31, 0x2D, 0x31, 0x2D, 0x30, 0x2E, 0x64, 0x6C, 0x6C, 0x00, 0x61, 0x70,
	0x69, 0x2D, 0x6D, 0x73, 0x2D, 0x77, 0x69, 0x6E, 0x2D, 0x63, 0x72, 0x74,
	0x2D, 0x6C, 0x6F, 0x63, 0x61, 0x6C, 0x65, 0x2D, 0x6C, 0x31, 0x2D, 0x31,
	0x2D, 0x30, 0x2E, 0x64, 0x6C, 0x6C, 0x00, 0x00, 0x8E, 0x03, 0x49, 0x6E,
	0x69, 0x74, 0x4F, 0x6E, 0x63, 0x65, 0x43, 0x6F, 0x6D, 0x70, 0x6C, 0x65,
	0x74, 0x65, 0x00, 0x00, 0x8D, 0x03, 0x49, 0x6E, 0x69, 0x74, 0x4F, 0x6E,
	0x63, 0x65, 0x42, 0x65, 0x67, 0x69, 0x6E, 0x49, 0x6E, 0x69, 0x74, 0x69,
	0x61, 0x6C, 0x69, 0x7A, 0x65, 0x00, 0xE9, 0x04, 0x52, 0x65, 0x6C, 0x65,
	0x61, 0x73, 0x65, 0x53, 0x52, 0x57, 0x4C, 0x6F, 0x63, 0x6B, 0x45, 0x78,
	0x63, 0x6C, 0x75, 0x73, 0x69, 0x76, 0x65, 0x00, 0x00, 0x00, 0x41, 0x63,
	0x71, 0x75, 0x69, 0x72, 0x65, 0x53, 0x52, 0x57, 0x4C, 0x6F, 0x63, 0x6B,
	0x45, 0x78, 0x63, 0x6C, 0x75, 0x73, 0x69, 0x76, 0x65, 0x00, 0x2C, 0x06,
	0x57, 0x61, 0x6B, 0x65, 0x41, 0x6C, 0x6C, 0x43, 0x6F, 0x6E, 0x64, 0x69,
	0x74, 0x69, 0x6F, 0x6E, 0x56, 0x61, 0x72, 0x69, 0x61, 0x62, 0x6C, 0x65,
	0x00, 0x00, 0xC9, 0x05, 0x53, 0x6C, 0x65, 0x65, 0x70, 0x43, 0x6F, 0x6E,
	0x64, 0x69, 0x74, 0x69, 0x6F, 0x6E, 0x56, 0x61, 0x72, 0x69, 0x61, 0x62,
	0x6C, 0x65, 0x53, 0x52, 0x57, 0x00, 0x08, 0x05, 0x52, 0x74, 0x6C, 0x43,
	0x61, 0x70, 0x74, 0x75, 0x72, 0x65, 0x43, 0x6F, 0x6E, 0x74, 0x65, 0x78,
	0x74, 0x00, 0x10, 0x05, 0x52, 0x74, 0x6C, 0x4C, 0x6F, 0x6F, 0x6B, 0x75,
	0x70, 0x46, 0x75, 0x6E, 0x63, 0x74, 0x69, 0x6F, 0x6E, 0x45, 0x6E, 0x74,
	0x72, 0x79, 0x00, 0x00, 0x17, 0x05, 0x52, 0x74, 0x6C, 0x56, 0x69, 0x72,
	0x74, 0x75, 0x61, 0x6C, 0x55, 0x6E, 0x77, 0x69, 0x6E, 0x64, 0x00, 0x00,
	0xFA, 0x05, 0x55, 0x6E, 0x68, 0x61, 0x6E, 0x64, 0x6C, 0x65, 0x64, 0x45,
	0x78, 0x63, 0x65, 0x70, 0x74, 0x69, 0x6F, 0x6E, 0x46, 0x69, 0x6C, 0x74,
	0x65, 0x72, 0x00, 0x00, 0xB7, 0x05, 0x53, 0x65, 0x74, 0x55, 0x6E, 0x68,
	0x61, 0x6E, 0x64, 0x6C, 0x65, 0x64, 0x45, 0x78, 0x63, 0x65, 0x70, 0x74,
	0x69, 0x6F, 0x6E, 0x46, 0x69, 0x6C, 0x74, 0x65, 0x72, 0x00, 0xD7, 0x05,
	0x54, 0x65, 0x72, 0x6D, 0x69, 0x6E, 0x61, 0x74, 0x65, 0x50, 0x72, 0x6F,
	0x63, 0x65, 0x73, 0x73, 0x00, 0x00, 0xB7, 0x03, 0x49, 0x73, 0x50, 0x72,
	0x6F, 0x63, 0x65, 0x73, 0x73, 0x6F, 0x72, 0x46, 0x65, 0x61, 0x74, 0x75,
	0x72, 0x65, 0x50, 0x72, 0x65, 0x73, 0x65, 0x6E, 0x74, 0x00, 0xAF, 0x03,
	0x49, 0x73, 0x44, 0x65, 0x62, 0x75, 0x67, 0x67, 0x65, 0x72, 0x50, 0x72,
	0x65, 0x73, 0x65, 0x6E, 0x74, 0x00, 0xA4, 0x02, 0x47, 0x65, 0x74, 0x4D,
	0x6F, 0x64, 0x75, 0x6C, 0x65, 0x48, 0x61, 0x6E, 0x64, 0x6C, 0x65, 0x57,
	0x00, 0x00, 0x80, 0x04, 0x51, 0x75, 0x65, 0x72, 0x79, 0x50, 0x65, 0x72,
	0x66, 0x6F, 0x72, 0x6D, 0x61, 0x6E, 0x63, 0x65, 0x43, 0x6F, 0x75, 0x6E,
	0x74, 0x65, 0x72, 0x00, 0x41, 0x02, 0x47, 0x65, 0x74, 0x43, 0x75, 0x72,
	0x72, 0x65, 0x6E, 0x74, 0x50, 0x72, 0x6F, 0x63, 0x65, 0x73, 0x73, 0x49,
	0x64, 0x00, 0x45, 0x02, 0x47, 0x65, 0x74, 0x43, 0x75, 0x72, 0x72, 0x65,
	0x6E, 0x74, 0x54, 0x68, 0x72, 0x65, 0x61, 0x64, 0x49, 0x64, 0x00, 0x00,
	0x19, 0x03, 0x47, 0x65, 0x74, 0x53, 0x79, 0x73, 0x74, 0x65, 0x6D, 0x54,
	0x69, 0x6D, 0x65, 0x41, 0x73, 0x46, 0x69, 0x6C, 0x65, 0x54, 0x69, 0x6D,
	0x65, 0x00, 0x99, 0x03, 0x49, 0x6E, 0x69, 0x74, 0x69, 0x61, 0x6C, 0x69,
	0x7A, 0x65, 0x53, 0x4C, 0x69, 0x73, 0x74, 0x48, 0x65, 0x61, 0x64, 0x00,
	0x3D, 0x00, 0x6D, 0x65, 0x6D, 0x6D, 0x6F, 0x76, 0x65, 0x00, 0x7D, 0x00,
	0x63, 0x65, 0x69, 0x6C, 0x66, 0x00, 0x00, 0x00, 0x00, 0x00, 0x00, 0x00,
	0x00, 0x00, 0x00, 0x00, 0x00, 0x00, 0x00, 0x00, 0x00, 0x00, 0x00, 0x00,
	0x00, 0x00, 0x00, 0x00, 0x00, 0x00, 0x00, 0x00, 0x00, 0x00, 0x00, 0x00,
	0x00, 0x00, 0x00, 0x00, 0x00, 0x00, 0x00, 0x00, 0x00, 0x00, 0x00, 0x00,
	0x00, 0x00, 0x00, 0x00, 0x00, 0x00, 0x00, 0x00, 0x00, 0x00, 0x00, 0x00,
	0x00, 0x00, 0x00, 0x00, 0x00, 0x00, 0x00, 0x00, 0x00, 0x00, 0x00, 0x00,
	0x00, 0x00, 0x00, 0x00, 0x00, 0x00, 0x00, 0x00, 0x00, 0x00, 0x00, 0x00,
	0x00, 0x00, 0x00, 0x00, 0x00, 0x00, 0x00, 0x00, 0x00, 0x00, 0x00, 0x00,
	0x00, 0x00, 0x00, 0x00, 0x00, 0x00, 0x00, 0x00, 0x00, 0x00, 0x00, 0x00,
	0x00, 0x00, 0x00, 0x00, 0x00, 0x00, 0x00, 0x00, 0x00, 0x00, 0x00, 0x00,
	0x00, 0x00, 0x00, 0x00, 0x00, 0x00, 0x00, 0x00, 0x00, 0x00, 0x00, 0x00,
	0x00, 0x00, 0x00, 0x00, 0x00, 0x00, 0x00, 0x00, 0x00, 0x00, 0x00, 0x00,
	0x00, 0x00, 0x00, 0x00, 0x00, 0x00, 0x00, 0x00, 0x00, 0x00, 0x00, 0x00,
	0x00, 0x00, 0x00, 0x00, 0x00, 0x00, 0x00, 0x00, 0x00, 0x00, 0x00, 0x00,
	0x00, 0x00, 0x00, 0x00, 0x00, 0x00, 0x00, 0x80, 0xFF, 0xFF, 0xFF, 0xFF,
	0xFF, 0xFF, 0xFF, 0xFF, 0xFF, 0xFF, 0xFF, 0xFF, 0x01, 0x00, 0x00, 0x00,
	0x02, 0x00, 0x00, 0x00, 0x00, 0x00, 0x08, 0x00, 0x00, 0x00, 0x00, 0x00,
	0x00, 0x00, 0x00, 0x02, 0x00, 0x00, 0x00, 0x00, 0x00, 0x00, 0x00, 0x00,
	0x00, 0x00, 0x00, 0x00, 0x00, 0x00, 0x00, 0x00, 0x00, 0x00, 0x00, 0x00,
	0x00, 0x00, 0x00, 0x00, 0x00, 0x00, 0x00, 0x00, 0x32, 0xA2, 0xDF, 0x2D,
	0x99, 0x2B, 0x00, 0x00, 0x00, 0x00, 0x00, 0x00, 0x00, 0x00, 0x00, 0x00,
	0x00, 0x00, 0x00, 0x00, 0x00, 0x00, 0x00, 0x00, 0x00, 0x00, 0x00, 0x00,
	0x00, 0x00, 0x00, 0x00, 0x00, 0x00, 0x00, 0x00, 0x00, 0x00, 0x00, 0x00,
	0x00, 0x00, 0x00, 0x00, 0x00, 0x00, 0x00, 0x00, 0x00, 0x00, 0x00, 0x00,
	0x00, 0x00, 0x00, 0x00, 0x00, 0x00, 0x00, 0x00, 0x00, 0x00, 0x00, 0x00,
	0xCD, 0x5D, 0x20, 0xD2, 0x66, 0xD4, 0xFF, 0xFF, 0x75, 0x98, 0x00, 0x00,
	0x01, 0x00, 0x00, 0x00, 0x01, 0x00, 0x00, 0x00, 0x00, 0x00, 0x00, 0x00,
	0xD8, 0x47, 0x01, 0x40, 0x01, 0x00, 0x00, 0x00, 0x01, 0x00, 0x00, 0x00,
	0x00, 0x00, 0x00, 0x00, 0x00, 0x00, 0x00, 0x00, 0x00, 0x00, 0x00, 0x00,
	0xC8, 0x3A, 0x01, 0x40, 0x01, 0x00, 0x00, 0x00, 0x00, 0x00, 0x00, 0x00,
	0x00, 0x00, 0x00, 0x00, 0x2E, 0x3F, 0x41, 0x56, 0x72, 0x75, 0x6E, 0x74,
	0x69, 0x6D, 0x65, 0x5F, 0x65, 0x72, 0x72, 0x6F, 0x72, 0x40, 0x73, 0x74,
	0x64, 0x40, 0x40, 0x00, 0x00, 0x00, 0x00, 0x00, 0x00, 0x00, 0x00, 0x00,
	0xC8, 0x3A, 0x01, 0x40, 0x01, 0x00, 0x00, 0x00, 0x00, 0x00, 0x00, 0x00,
	0x00, 0x00, 0x00, 0x00, 0x2E, 0x3F, 0x41, 0x56, 0x3C, 0x6C, 0x61, 0x6D,
	0x62, 0x64, 0x61, 0x5F, 0x31, 0x3E, 0x40, 0x3F, 0x31, 0x3F, 0x3F, 0x3F,
	0x24, 0x3F, 0x30, 0x56, 0x3F, 0x24, 0x5F, 0x46, 0x61, 0x6B, 0x65, 0x5F,
	0x6E, 0x6F, 0x5F, 0x63, 0x6F, 0x70, 0x79, 0x5F, 0x63, 0x61, 0x6C, 0x6C,
	0x61, 0x62, 0x6C, 0x65, 0x5F, 0x61, 0x64, 0x61, 0x70, 0x74, 0x65, 0x72,
	0x40, 0x56, 0x3C, 0x6C, 0x61, 0x6D, 0x62, 0x64, 0x61, 0x5F, 0x31, 0x3E,
	0x40, 0x3F, 0x38, 0x3F, 0x3F, 0x45, 0x78, 0x65, 0x63, 0x75, 0x74, 0x65,
	0x4D, 0x65, 0x6D, 0x6F, 0x72, 0x79, 0x43, 0x6C, 0x65, 0x61, 0x6E, 0x69,
	0x6E, 0x67, 0x40, 0x4D, 0x65, 0x6D, 0x6F, 0x72, 0x79, 0x43, 0x6C, 0x65,
	0x61, 0x6E, 0x65, 0x72, 0x40, 0x40, 0x53, 0x41, 0x58, 0x58, 0x5A, 0x40,
	0x40, 0x73, 0x74, 0x64, 0x40, 0x40, 0x40, 0x3F, 0x24, 0x5F, 0x54, 0x61,
	0x73, 0x6B, 0x5F, 0x61, 0x73, 0x79, 0x6E, 0x63, 0x5F, 0x73, 0x74, 0x61,
	0x74, 0x65, 0x40, 0x58, 0x40, 0x73, 0x74, 0x64, 0x40, 0x40, 0x51, 0x45,
	0x41, 0x41, 0x40, 0x24, 0x24, 0x51, 0x45, 0x41, 0x56, 0x3F, 0x24, 0x5F,
	0x46, 0x61, 0x6B, 0x65, 0x5F, 0x6E, 0x6F, 0x5F, 0x63, 0x6F, 0x70, 0x79,
	0x5F, 0x63, 0x61, 0x6C, 0x6C, 0x61, 0x62, 0x6C, 0x65, 0x5F, 0x61, 0x64,
	0x61, 0x70, 0x74, 0x65, 0x72, 0x40, 0x56, 0x3C, 0x6C, 0x61, 0x6D, 0x62,
	0x64, 0x61, 0x5F, 0x31, 0x3E, 0x40, 0x3F, 0x38, 0x3F, 0x3F, 0x45, 0x78,
	0x65, 0x63, 0x75, 0x74, 0x65, 0x4D, 0x65, 0x6D, 0x6F, 0x72, 0x79, 0x43,
	0x6C, 0x65, 0x61, 0x6E, 0x69, 0x6E, 0x67, 0x40, 0x4D, 0x65, 0x6D, 0x6F,
	0x72, 0x79, 0x43, 0x6C, 0x65, 0x61, 0x6E, 0x65, 0x72, 0x40, 0x40, 0x53,
	0x41, 0x58, 0x58, 0x5A, 0x40, 0x40, 0x32, 0x40, 0x40, 0x5A, 0x40, 0x00,
	0x00, 0x00, 0x00, 0x00, 0x00, 0x00, 0x00, 0x00, 0x00, 0x00, 0x00, 0x00,
	0xC8, 0x3A, 0x01, 0x40, 0x01, 0x00, 0x00, 0x00, 0x00, 0x00, 0x00, 0x00,
	0x00, 0x00, 0x00, 0x00, 0x2E, 0x3F, 0x41, 0x56, 0x3C, 0x6C, 0x61, 0x6D,
	0x62, 0x64, 0x61, 0x5F, 0x31, 0x3E, 0x40, 0x3F, 0x43, 0x43, 0x40, 0x3F,
	0x3F, 0x5F, 0x43, 0x61, 0x6E, 0x63, 0x65, 0x6C, 0x41, 0x6E, 0x64, 0x52,
	0x75, 0x6E, 0x43, 0x6F, 0x6E, 0x74, 0x69, 0x6E, 0x75, 0x61, 0x74, 0x69,
	0x6F, 0x6E, 0x73, 0x40, 0x3F, 0x24, 0x5F, 0x54, 0x61, 0x73, 0x6B, 0x5F,
	0x69, 0x6D, 0x70, 0x6C, 0x40, 0x45, 0x40, 0x64, 0x65, 0x74, 0x61, 0x69,
	0x6C, 0x73, 0x40, 0x43, 0x6F, 0x6E, 0x63, 0x75, 0x72, 0x72, 0x65, 0x6E,
	0x63, 0x79, 0x40, 0x40, 0x55, 0x45, 0x41, 0x41, 0x5F, 0x4E, 0x5F, 0x4E,
	0x30, 0x30, 0x41, 0x45, 0x42, 0x56, 0x3F, 0x24, 0x73, 0x68, 0x61, 0x72,
	0x65, 0x64, 0x5F, 0x70, 0x74, 0x72, 0x40, 0x55, 0x5F, 0x45, 0x78, 0x63,
	0x65, 0x70, 0x74, 0x69, 0x6F, 0x6E, 0x48, 0x6F, 0x6C, 0x64, 0x65, 0x72,
	0x40, 0x64, 0x65, 0x74, 0x61, 0x69, 0x6C, 0x73, 0x40, 0x43, 0x6F, 0x6E,
	0x63, 0x75, 0x72, 0x72, 0x65, 0x6E, 0x63, 0x79, 0x40, 0x40, 0x40, 0x73,
	0x74, 0x64, 0x40, 0x40, 0x40, 0x5A, 0x40, 0x00, 0xC8, 0x3A, 0x01, 0x40,
	0x01, 0x00, 0x00, 0x00, 0x00, 0x00, 0x00, 0x00, 0x00, 0x00, 0x00, 0x00,
	0x2E, 0x3F, 0x41, 0x56, 0x62, 0x61, 0x64, 0x5F, 0x61, 0x6C, 0x6C, 0x6F,
	0x63, 0x40, 0x73, 0x74, 0x64, 0x40, 0x40, 0x00, 0x00, 0x00, 0x00, 0x00,
	0x00, 0x00, 0x00, 0x00, 0x00, 0x00, 0x00, 0x00, 0xC8, 0x3A, 0x01, 0x40,
	0x01, 0x00, 0x00, 0x00, 0x00, 0x00, 0x00, 0x00, 0x00, 0x00, 0x00, 0x00,
	0x2E, 0x3F, 0x41, 0x56, 0x3C, 0x6C, 0x61, 0x6D, 0x62, 0x64, 0x61, 0x5F,
	0x31, 0x3E, 0x40, 0x3F, 0x31, 0x3F, 0x3F, 0x5F, 0x4D, 0x61, 0x6B, 0x65,
	0x56, 0x6F, 0x69, 0x64, 0x54, 0x6F, 0x55, 0x6E, 0x69, 0x74, 0x46, 0x75,
	0x6E, 0x63, 0x40, 0x64, 0x65, 0x74, 0x61, 0x69, 0x6C, 0x73, 0x40, 0x43,
	0x6F, 0x6E, 0x63, 0x75, 0x72, 0x72, 0x65, 0x6E, 0x63, 0x79, 0x40, 0x40,
	0x59, 0x41, 0x3F, 0x41, 0x56, 0x3F, 0x24, 0x66, 0x75, 0x6E, 0x63, 0x74,
	0x69, 0x6F, 0x6E, 0x40, 0x24, 0x24, 0x41, 0x36, 0x41, 0x45, 0x58, 0x5A,
	0x40, 0x73, 0x74, 0x64, 0x40, 0x40, 0x41, 0x45, 0x42, 0x56, 0x3F, 0x24,
	0x66, 0x75, 0x6E, 0x63, 0x74, 0x69, 0x6F, 0x6E, 0x40, 0x24, 0x24, 0x41,
	0x36, 0x41, 0x58, 0x58, 0x5A, 0x40, 0x35, 0x40, 0x40, 0x5A, 0x40, 0x00,
	0x00, 0x00, 0x00, 0x00, 0x00, 0x00, 0x00, 0x00, 0xC8, 0x3A, 0x01, 0x40,
	0x01, 0x00, 0x00, 0x00, 0x00, 0x00, 0x00, 0x00, 0x00, 0x00, 0x00, 0x00,
	0x2E, 0x3F, 0x41, 0x56, 0x3F, 0x24, 0x5F, 0x46, 0x61, 0x6B, 0x65, 0x5F,
	0x6E, 0x6F, 0x5F, 0x63, 0x6F, 0x70, 0x79, 0x5F, 0x63, 0x61, 0x6C, 0x6C,
	0x61, 0x62, 0x6C, 0x65, 0x5F, 0x61, 0x64, 0x61, 0x70, 0x74, 0x65, 0x72,
	0x40, 0x56, 0x3C, 0x6C, 0x61, 0x6D, 0x62, 0x64, 0x61, 0x5F, 0x31, 0x3E,
	0x40, 0x3F, 0x38, 0x3F, 0x3F, 0x45, 0x78, 0x65, 0x63, 0x75, 0x74, 0x65,
	0x4D, 0x65, 0x6D, 0x6F, 0x72, 0x79, 0x43, 0x6C, 0x65, 0x61, 0x6E, 0x69,
	0x6E, 0x67, 0x40, 0x4D, 0x65, 0x6D, 0x6F, 0x72, 0x79, 0x43, 0x6C, 0x65,
	0x61, 0x6E, 0x65, 0x72, 0x40, 0x40, 0x53, 0x41, 0x58, 0x58, 0x5A, 0x40,
	0x40, 0x73, 0x74, 0x64, 0x40, 0x40, 0x00, 0x00, 0xC8, 0x3A, 0x01, 0x40,
	0x01, 0x00, 0x00, 0x00, 0x00, 0x00, 0x00, 0x00, 0x00, 0x00, 0x00, 0x00,
	0x2E, 0x3F, 0x41, 0x56, 0x74, 0x61, 0x73, 0x6B, 0x5F, 0x63, 0x61, 0x6E,
	0x63, 0x65, 0x6C, 0x65, 0x64, 0x40, 0x43, 0x6F, 0x6E, 0x63, 0x75, 0x72,
	0x72, 0x65, 0x6E, 0x63, 0x79, 0x40, 0x40, 0x00, 0xC8, 0x3A, 0x01, 0x40,
	0x01, 0x00, 0x00, 0x00, 0x00, 0x00, 0x00, 0x00, 0x00, 0x00, 0x00, 0x00,
	0x2E, 0x3F, 0x41, 0x56, 0x6C, 0x6F, 0x67, 0x69, 0x63, 0x5F, 0x65, 0x72,
	0x72, 0x6F, 0x72, 0x40, 0x73, 0x74, 0x64, 0x40, 0x40, 0x00, 0x00, 0x00,
	0xC8, 0x3A, 0x01, 0x40, 0x01, 0x00, 0x00, 0x00, 0x00, 0x00, 0x00, 0x00,
	0x00, 0x00, 0x00, 0x00, 0x2E, 0x3F, 0x41, 0x56, 0x66, 0x75, 0x74, 0x75,
	0x72, 0x65, 0x5F, 0x65, 0x72, 0x72, 0x6F, 0x72, 0x40, 0x73, 0x74, 0x64,
	0x40, 0x40, 0x00, 0x00, 0x00, 0x00, 0x00, 0x00, 0x00, 0x00, 0x00, 0x00,
	0xC8, 0x3A, 0x01, 0x40, 0x01, 0x00, 0x00, 0x00, 0x00, 0x00, 0x00, 0x00,
	0x00, 0x00, 0x00, 0x00, 0x2E, 0x3F, 0x41, 0x56, 0x3F, 0x24, 0x5F, 0x46,
	0x61, 0x6B, 0x65, 0x5F, 0x6E, 0x6F, 0x5F, 0x63, 0x6F, 0x70, 0x79, 0x5F,
	0x63, 0x61, 0x6C, 0x6C, 0x61, 0x62, 0x6C, 0x65, 0x5F, 0x61, 0x64, 0x61,
	0x70, 0x74, 0x65, 0x72, 0x40, 0x56, 0x3C, 0x6C, 0x61, 0x6D, 0x62, 0x64,
	0x61, 0x5F, 0x32, 0x3E, 0x40, 0x3F, 0x42, 0x42, 0x40, 0x3F, 0x3F, 0x45,
	0x78, 0x65, 0x63, 0x75, 0x74, 0x65, 0x4D, 0x65, 0x6D, 0x6F, 0x72, 0x79,
	0x43, 0x6C, 0x65, 0x61, 0x6E, 0x69, 0x6E, 0x67, 0x40, 0x4D, 0x65, 0x6D,
	0x6F, 0x72, 0x79, 0x43, 0x6C, 0x65, 0x61, 0x6E, 0x65, 0x72, 0x40, 0x40,
	0x53, 0x41, 0x58, 0x58, 0x5A, 0x40, 0x40, 0x73, 0x74, 0x64, 0x40, 0x40,
	0x00, 0x00, 0x00, 0x00, 0x00, 0x00, 0x00, 0x00, 0xC8, 0x3A, 0x01, 0x40,
	0x01, 0x00, 0x00, 0x00, 0x00, 0x00, 0x00, 0x00, 0x00, 0x00, 0x00, 0x00,
	0x2E, 0x3F, 0x41, 0x56, 0x3C, 0x6C, 0x61, 0x6D, 0x62, 0x64, 0x61, 0x5F,
	0x31, 0x3E, 0x40, 0x3F, 0x37, 0x3F, 0x3F, 0x3F, 0x52, 0x30, 0x3F, 0x34,
	0x3F, 0x3F, 0x5F, 0x53, 0x63, 0x68, 0x65, 0x64, 0x75, 0x6C, 0x65, 0x43,
	0x6F, 0x6E, 0x74, 0x69, 0x6E, 0x75, 0x61, 0x74, 0x69, 0x6F, 0x6E, 0x54,
	0x61, 0x73, 0x6B, 0x40, 0x5F, 0x54, 0x61, 0x73, 0x6B, 0x5F, 0x69, 0x6D,
	0x70, 0x6C, 0x5F, 0x62, 0x61, 0x73, 0x65, 0x40, 0x64, 0x65, 0x74, 0x61,
	0x69, 0x6C, 0x73, 0x40, 0x43, 0x6F, 0x6E, 0x63, 0x75, 0x72, 0x72, 0x65,
	0x6E, 0x63, 0x79, 0x40, 0x40, 0x51, 0x45, 0x41, 0x41, 0x58, 0x50, 0x45,
	0x41, 0x55, 0x5F, 0x43, 0x6F, 0x6E, 0x74, 0x69, 0x6E, 0x75, 0x61, 0x74,
	0x69, 0x6F, 0x6E, 0x54, 0x61, 0x73, 0x6B, 0x48, 0x61, 0x6E, 0x64, 0x6C,
	0x65, 0x42, 0x61, 0x73, 0x65, 0x40, 0x33, 0x34, 0x40, 0x40, 0x5A, 0x40,
	0x51, 0x45, 0x42, 0x41, 0x40, 0x58, 0x5A, 0x40, 0x00, 0x00, 0x00, 0x00,
	0xC8, 0x3A, 0x01, 0x40, 0x01, 0x00, 0x00, 0x00, 0x00, 0x00, 0x00, 0x00,
	0x00, 0x00, 0x00, 0x00, 0x2E, 0x3F, 0x41, 0x56, 0x5F, 0x49, 0x6E, 0x74,
	0x65, 0x72, 0x72, 0x75, 0x70, 0x74, 0x69, 0x6F, 0x6E, 0x5F, 0x65, 0x78,
	0x63, 0x65, 0x70, 0x74, 0x69, 0x6F, 0x6E, 0x40, 0x64, 0x65, 0x74, 0x61,
	0x69, 0x6C, 0x73, 0x40, 0x43, 0x6F, 0x6E, 0x63, 0x75, 0x72, 0x72, 0x65,
	0x6E, 0x63, 0x79, 0x40, 0x40, 0x00, 0x00, 0x00, 0x00, 0x00, 0x00, 0x00,
	0x00, 0x00, 0x00, 0x00, 0x00, 0x00, 0x00, 0x00, 0xC8, 0x3A, 0x01, 0x40,
	0x01, 0x00, 0x00, 0x00, 0x00, 0x00, 0x00, 0x00, 0x00, 0x00, 0x00, 0x00,
	0x2E, 0x3F, 0x41, 0x56, 0x3C, 0x6C, 0x61, 0x6D, 0x62, 0x64, 0x61, 0x5F,
	0x31, 0x3E, 0x40, 0x3F, 0x31, 0x3F, 0x3F, 0x3F, 0x24, 0x3F, 0x30, 0x56,
	0x3F, 0x24, 0x5F, 0x46, 0x61, 0x6B, 0x65, 0x5F, 0x6E, 0x6F, 0x5F, 0x63,
	0x6F, 0x70, 0x79, 0x5F, 0x63, 0x61, 0x6C, 0x6C, 0x61, 0x62, 0x6C, 0x65,
	0x5F, 0x61, 0x64, 0x61, 0x70, 0x74, 0x65, 0x72, 0x40, 0x56, 0x3C, 0x6C,
	0x61, 0x6D, 0x62, 0x64, 0x61, 0x5F, 0x32, 0x3E, 0x40, 0x3F, 0x42, 0x42,
	0x40, 0x3F, 0x3F, 0x45, 0x78, 0x65, 0x63, 0x75, 0x74, 0x65, 0x4D, 0x65,
	0x6D, 0x6F, 0x72, 0x79, 0x43, 0x6C, 0x65, 0x61, 0x6E, 0x69, 0x6E, 0x67,
	0x40, 0x4D, 0x65, 0x6D, 0x6F, 0x72, 0x79, 0x43, 0x6C, 0x65, 0x61, 0x6E,
	0x65, 0x72, 0x40, 0x40, 0x53, 0x41, 0x58, 0x58, 0x5A, 0x40, 0x40, 0x73,
	0x74, 0x64, 0x40, 0x40, 0x40, 0x3F, 0x24, 0x5F, 0x54, 0x61, 0x73, 0x6B,
	0x5F, 0x61, 0x73, 0x79, 0x6E, 0x63, 0x5F, 0x73, 0x74, 0x61, 0x74, 0x65,
	0x40, 0x58, 0x40, 0x73, 0x74, 0x64, 0x40, 0x40, 0x51, 0x45, 0x41, 0x41,
	0x40, 0x24, 0x24, 0x51, 0x45, 0x41, 0x56, 0x3F, 0x24, 0x5F, 0x46, 0x61,
	0x6B, 0x65, 0x5F, 0x6E, 0x6F, 0x5F, 0x63, 0x6F, 0x70, 0x79, 0x5F, 0x63,
	0x61, 0x6C, 0x6C, 0x61, 0x62, 0x6C, 0x65, 0x5F, 0x61, 0x64, 0x61, 0x70,
	0x74, 0x65, 0x72, 0x40, 0x56, 0x3C, 0x6C, 0x61, 0x6D, 0x62, 0x64, 0x61,
	0x5F, 0x32, 0x3E, 0x40, 0x3F, 0x42, 0x42, 0x40, 0x3F, 0x3F, 0x45, 0x78,
	0x65, 0x63, 0x75, 0x74, 0x65, 0x4D, 0x65, 0x6D, 0x6F, 0x72, 0x79, 0x43,
	0x6C, 0x65, 0x61, 0x6E, 0x69, 0x6E, 0x67, 0x40, 0x4D, 0x65, 0x6D, 0x6F,
	0x72, 0x79, 0x43, 0x6C, 0x65, 0x61, 0x6E, 0x65, 0x72, 0x40, 0x40, 0x53,
	0x41, 0x58, 0x58, 0x5A, 0x40, 0x40, 0x32, 0x40, 0x40, 0x5A, 0x40, 0x00,
	0xC8, 0x3A, 0x01, 0x40, 0x01, 0x00, 0x00, 0x00, 0x00, 0x00, 0x00, 0x00,
	0x00, 0x00, 0x00, 0x00, 0x2E, 0x3F, 0x41, 0x56, 0x69, 0x6E, 0x76, 0x61,
	0x6C, 0x69, 0x64, 0x5F, 0x6F, 0x70, 0x65, 0x72, 0x61, 0x74, 0x69, 0x6F,
	0x6E, 0x40, 0x43, 0x6F, 0x6E, 0x63, 0x75, 0x72, 0x72, 0x65, 0x6E, 0x63,
	0x79, 0x40, 0x40, 0x00, 0x00, 0x00, 0x00, 0x00, 0xC8, 0x3A, 0x01, 0x40,
	0x01, 0x00, 0x00, 0x00, 0x00, 0x00, 0x00, 0x00, 0x00, 0x00, 0x00, 0x00,
	0x2E, 0x3F, 0x41, 0x56, 0x3C, 0x6C, 0x61, 0x6D, 0x62, 0x64, 0x61, 0x5F,
	0x31, 0x3E, 0x40, 0x3F, 0x34, 0x3F, 0x3F, 0x5F, 0x53, 0x63, 0x68, 0x65,
	0x64, 0x75, 0x6C, 0x65, 0x43, 0x6F, 0x6E, 0x74, 0x69, 0x6E, 0x75, 0x61,
	0x74, 0x69, 0x6F, 0x6E, 0x54, 0x61, 0x73, 0x6B, 0x40, 0x5F, 0x54, 0x61,
	0x73, 0x6B, 0x5F, 0x69, 0x6D, 0x70, 0x6C, 0x5F, 0x62, 0x61, 0x73, 0x65,
	0x40, 0x64, 0x65, 0x74, 0x61, 0x69, 0x6C, 0x73, 0x40, 0x43, 0x6F, 0x6E,
	0x63, 0x75, 0x72, 0x72, 0x65, 0x6E, 0x63, 0x79, 0x40, 0x40, 0x51, 0x45,
	0x41, 0x41, 0x58, 0x50, 0x45, 0x41, 0x55, 0x5F, 0x43, 0x6F, 0x6E, 0x74,
	0x69, 0x6E, 0x75, 0x61, 0x74, 0x69, 0x6F, 0x6E, 0x54, 0x61, 0x73, 0x6B,
	0x48, 0x61, 0x6E, 0x64, 0x6C, 0x65, 0x42, 0x61, 0x73, 0x65, 0x40, 0x33,
	0x34, 0x40, 0x40, 0x5A, 0x40, 0x00, 0x00, 0x00, 0xC8, 0x3A, 0x01, 0x40,
	0x01, 0x00, 0x00, 0x00, 0x00, 0x00, 0x00, 0x00, 0x00, 0x00, 0x00, 0x00,
	0x2E, 0x3F, 0x41, 0x56, 0x65, 0x78, 0x63, 0x65, 0x70, 0x74, 0x69, 0x6F,
	0x6E, 0x40, 0x73, 0x74, 0x64, 0x40, 0x40, 0x00, 0x00, 0x00, 0x00, 0x00,
	0xC8, 0x3A, 0x01, 0x40, 0x01, 0x00, 0x00, 0x00, 0x00, 0x00, 0x00, 0x00,
	0x00, 0x00, 0x00, 0x00, 0x2E, 0x3F, 0x41, 0x56, 0x62, 0x61, 0x64, 0x5F,
	0x61, 0x72, 0x72, 0x61, 0x79, 0x5F, 0x6E, 0x65, 0x77, 0x5F, 0x6C, 0x65,
	0x6E, 0x67, 0x74, 0x68, 0x40, 0x73, 0x74, 0x64, 0x40, 0x40, 0x00, 0x00,
	0x00, 0x00, 0x00, 0x00, 0x00, 0x00, 0x00, 0x00, 0xC8, 0x3A, 0x01, 0x40,
	0x01, 0x00, 0x00, 0x00, 0x00, 0x00, 0x00, 0x00, 0x00, 0x00, 0x00, 0x00,
	0x2E, 0x3F, 0x41, 0x56, 0x74, 0x79, 0x70, 0x65, 0x5F, 0x69, 0x6E, 0x66,
	0x6F, 0x40, 0x40, 0x00, 0xC8, 0x3A, 0x01, 0x40, 0x01, 0x00, 0x00, 0x00,
	0x00, 0x00, 0x00, 0x00, 0x00, 0x00, 0x00, 0x00, 0x2E, 0x3F, 0x41, 0x56,
	0x3F, 0x24, 0x5F, 0x46, 0x75, 0x6E, 0x63, 0x5F, 0x69, 0x6D, 0x70, 0x6C,
	0x5F, 0x6E, 0x6F, 0x5F, 0x61, 0x6C, 0x6C, 0x6F, 0x63, 0x40, 0x56, 0x3C,
	0x6C, 0x61, 0x6D, 0x62, 0x64, 0x61, 0x5F, 0x31, 0x3E, 0x40, 0x3F, 0x34,
	0x3F, 0x3F, 0x5F, 0x53, 0x63, 0x68, 0x65, 0x64, 0x75, 0x6C, 0x65, 0x43,
	0x6F, 0x6E, 0x74, 0x69, 0x6E, 0x75, 0x61, 0x74, 0x69, 0x6F, 0x6E, 0x54,
	0x61, 0x73, 0x6B, 0x40, 0x5F, 0x54, 0x61, 0x73, 0x6B, 0x5F, 0x69, 0x6D,
	0x70, 0x6C, 0x5F, 0x62, 0x61, 0x73, 0x65, 0x40, 0x64, 0x65, 0x74, 0x61,
	0x69, 0x6C, 0x73, 0x40, 0x43, 0x6F, 0x6E, 0x63, 0x75, 0x72, 0x72, 0x65,
	0x6E, 0x63, 0x79, 0x40, 0x40, 0x51, 0x45, 0x41, 0x41, 0x58, 0x50, 0x45,
	0x41, 0x55, 0x5F, 0x43, 0x6F, 0x6E, 0x74, 0x69, 0x6E, 0x75, 0x61, 0x74,
	0x69, 0x6F, 0x6E, 0x54, 0x61, 0x73, 0x6B, 0x48, 0x61, 0x6E, 0x64, 0x6C,
	0x65, 0x42, 0x61, 0x73, 0x65, 0x40, 0x34, 0x35, 0x40, 0x40, 0x5A, 0x40,
	0x58, 0x24, 0x24, 0x56, 0x40, 0x73, 0x74, 0x64, 0x40, 0x40, 0x00, 0x00,
	0xC8, 0x3A, 0x01, 0x40, 0x01, 0x00, 0x00, 0x00, 0x00, 0x00, 0x00, 0x00,
	0x00, 0x00, 0x00, 0x00, 0x2E, 0x3F, 0x41, 0x56, 0x5F, 0x46, 0x75, 0x74,
	0x75, 0x72, 0x65, 0x5F, 0x65, 0x72, 0x72, 0x6F, 0x72, 0x5F, 0x63, 0x61,
	0x74, 0x65, 0x67, 0x6F, 0x72, 0x79, 0x32, 0x40, 0x73, 0x74, 0x64, 0x40,
	0x40, 0x00, 0x00, 0x00, 0x00, 0x00, 0x00, 0x00, 0x00, 0x00, 0x00, 0x00,
	0x00, 0x00, 0x00, 0x00, 0xC8, 0x3A, 0x01, 0x40, 0x01, 0x00, 0x00, 0x00,
	0x00, 0x00, 0x00, 0x00, 0x00, 0x00, 0x00, 0x00, 0x2E, 0x3F, 0x41, 0x56,
	0x3F, 0x24, 0x5F, 0x52, 0x65, 0x66, 0x5F, 0x63, 0x6F, 0x75, 0x6E, 0x74,
	0x5F, 0x6F, 0x62, 0x6A, 0x32, 0x40, 0x55, 0x5F, 0x45, 0x78, 0x63, 0x65,
	0x70, 0x74, 0x69, 0x6F, 0x6E, 0x48, 0x6F, 0x6C, 0x64, 0x65, 0x72, 0x40,
	0x64, 0x65, 0x74, 0x61, 0x69, 0x6C, 0x73, 0x40, 0x43, 0x6F, 0x6E, 0x63,
	0x75, 0x72, 0x72, 0x65, 0x6E, 0x63, 0x79, 0x40, 0x40, 0x40, 0x73, 0x74,
	0x64, 0x40, 0x40, 0x00, 0x00, 0x00, 0x00, 0x00, 0xC8, 0x3A, 0x01, 0x40,
	0x01, 0x00, 0x00, 0x00, 0x00, 0x00, 0x00, 0x00, 0x00, 0x00, 0x00, 0x00,
	0x2E, 0x3F, 0x41, 0x56, 0x65, 0x72, 0x72, 0x6F, 0x72, 0x5F, 0x63, 0x61,
	0x74, 0x65, 0x67, 0x6F, 0x72, 0x79, 0x40, 0x73, 0x74, 0x64, 0x40, 0x40,
	0x00, 0x00, 0x00, 0x00, 0x00, 0x00, 0x00, 0x00, 0xC8, 0x3A, 0x01, 0x40,
	0x01, 0x00, 0x00, 0x00, 0x00, 0x00, 0x00, 0x00, 0x00, 0x00, 0x00, 0x00,
	0x2E, 0x3F, 0x41, 0x56, 0x3F, 0x24, 0x5F, 0x41, 0x73, 0x73, 0x6F, 0x63,
	0x69, 0x61, 0x74, 0x65, 0x64, 0x5F, 0x73, 0x74, 0x61, 0x74, 0x65, 0x40,
	0x48, 0x40, 0x73, 0x74, 0x64, 0x40, 0x40, 0x00, 0x00, 0x00, 0x00, 0x00,
	0x00, 0x00, 0x00, 0x00, 0xC8, 0x3A, 0x01, 0x40, 0x01, 0x00, 0x00, 0x00,
	0x00, 0x00, 0x00, 0x00, 0x00, 0x00, 0x00, 0x00, 0x2E, 0x3F, 0x41, 0x56,
	0x3F, 0x24, 0x5F, 0x46, 0x75, 0x6E, 0x63, 0x5F, 0x69, 0x6D, 0x70, 0x6C,
	0x5F, 0x6E, 0x6F, 0x5F, 0x61, 0x6C, 0x6C, 0x6F, 0x63, 0x40, 0x56, 0x3F,
	0x24, 0x5F, 0x46, 0x61, 0x6B, 0x65, 0x5F, 0x6E, 0x6F, 0x5F, 0x63, 0x6F,
	0x70, 0x79, 0x5F, 0x63, 0x61, 0x6C, 0x6C, 0x61, 0x62, 0x6C, 0x65, 0x5F,
	0x61, 0x64, 0x61, 0x70, 0x74, 0x65, 0x72, 0x40, 0x56, 0x3C, 0x6C, 0x61,
	0x6D, 0x62, 0x64, 0x61, 0x5F, 0x31, 0x3E, 0x40, 0x3F, 0x38, 0x3F, 0x3F,
	0x45, 0x78, 0x65, 0x63, 0x75, 0x74, 0x65, 0x4D, 0x65, 0x6D, 0x6F, 0x72,
	0x79, 0x43, 0x6C, 0x65, 0x61, 0x6E, 0x69, 0x6E, 0x67, 0x40, 0x4D, 0x65,
	0x6D, 0x6F, 0x72, 0x79, 0x43, 0x6C, 0x65, 0x61, 0x6E, 0x65, 0x72, 0x40,
	0x40, 0x53, 0x41, 0x58, 0x58, 0x5A, 0x40, 0x40, 0x73, 0x74, 0x64, 0x40,
	0x40, 0x58, 0x24, 0x24, 0x56, 0x40, 0x73, 0x74, 0x64, 0x40, 0x40, 0x00,
	0x00, 0x00, 0x00, 0x00, 0x00, 0x00, 0x00, 0x00, 0xC8, 0x3A, 0x01, 0x40,
	0x01, 0x00, 0x00, 0x00, 0x00, 0x00, 0x00, 0x00, 0x00, 0x00, 0x00, 0x00,
	0x2E, 0x3F, 0x41, 0x55, 0x3F, 0x24, 0x5F, 0x50, 0x50, 0x4C, 0x54, 0x61,
	0x73, 0x6B, 0x48, 0x61, 0x6E, 0x64, 0x6C, 0x65, 0x40, 0x45, 0x55, 0x3F,
	0x24, 0x5F, 0x49, 0x6E, 0x69, 0x74, 0x69, 0x61, 0x6C, 0x54, 0x61, 0x73,
	0x6B, 0x48, 0x61, 0x6E, 0x64, 0x6C, 0x65, 0x40, 0x58, 0x56, 0x3C, 0x6C,
	0x61, 0x6D, 0x62, 0x64, 0x61, 0x5F, 0x31, 0x3E, 0x40, 0x3F, 0x31, 0x3F,
	0x3F, 0x3F, 0x24, 0x3F, 0x30, 0x56, 0x3F, 0x24, 0x5F, 0x46, 0x61, 0x6B,
	0x65, 0x5F, 0x6E, 0x6F, 0x5F, 0x63, 0x6F, 0x70, 0x79, 0x5F, 0x63, 0x61,
	0x6C, 0x6C, 0x61, 0x62, 0x6C, 0x65, 0x5F, 0x61, 0x64, 0x61, 0x70, 0x74,
	0x65, 0x72, 0x40, 0x56, 0x3C, 0x6C, 0x61, 0x6D, 0x62, 0x64, 0x61, 0x5F,
	0x32, 0x3E, 0x40, 0x3F, 0x42, 0x42, 0x40, 0x3F, 0x3F, 0x45, 0x78, 0x65,
	0x63, 0x75, 0x74, 0x65, 0x4D, 0x65, 0x6D, 0x6F, 0x72, 0x79, 0x43, 0x6C,
	0x65, 0x61, 0x6E, 0x69, 0x6E, 0x67, 0x40, 0x4D, 0x65, 0x6D, 0x6F, 0x72,
	0x79, 0x43, 0x6C, 0x65, 0x61, 0x6E, 0x65, 0x72, 0x40, 0x40, 0x53, 0x41,
	0x58, 0x58, 0x5A, 0x40, 0x40, 0x73, 0x74, 0x64, 0x40, 0x40, 0x40, 0x3F,
	0x24, 0x5F, 0x54, 0x61, 0x73, 0x6B, 0x5F, 0x61, 0x73, 0x79, 0x6E, 0x63,
	0x5F, 0x73, 0x74, 0x61, 0x74, 0x65, 0x40, 0x58, 0x40, 0x73, 0x74, 0x64,
	0x40, 0x40, 0x51, 0x45, 0x41, 0x41, 0x40, 0x24, 0x24, 0x51, 0x45, 0x41,
	0x56, 0x3F, 0x24, 0x5F, 0x46, 0x61, 0x6B, 0x65, 0x5F, 0x6E, 0x6F, 0x5F,
	0x63, 0x6F, 0x70, 0x79, 0x5F, 0x63, 0x61, 0x6C, 0x6C, 0x61, 0x62, 0x6C,
	0x65, 0x5F, 0x61, 0x64, 0x61, 0x70, 0x74, 0x65, 0x72, 0x40, 0x56, 0x3C,
	0x6C, 0x61, 0x6D, 0x62, 0x64, 0x61, 0x5F, 0x32, 0x3E, 0x40, 0x3F, 0x42,
	0x42, 0x40, 0x3F, 0x3F, 0x45, 0x78, 0x65, 0x63, 0x75, 0x74, 0x65, 0x4D,
	0x65, 0x6D, 0x6F, 0x72, 0x79, 0x43, 0x6C, 0x65, 0x61, 0x6E, 0x69, 0x6E,
	0x67, 0x40, 0x4D, 0x65, 0x6D, 0x6F, 0x72, 0x79, 0x43, 0x6C, 0x65, 0x61,
	0x6E, 0x65, 0x72, 0x40, 0x40, 0x53, 0x41, 0x58, 0x58, 0x5A, 0x40, 0x40,
	0x33, 0x40, 0x40, 0x5A, 0x40, 0x55, 0x5F, 0x54, 0x79, 0x70, 0x65, 0x53,
	0x65, 0x6C, 0x65, 0x63, 0x74, 0x6F, 0x72, 0x4E, 0x6F, 0x41, 0x73, 0x79,
	0x6E, 0x63, 0x40, 0x64, 0x65, 0x74, 0x61, 0x69, 0x6C, 0x73, 0x40, 0x43,
	0x6F, 0x6E, 0x63, 0x75, 0x72, 0x72, 0x65, 0x6E, 0x63, 0x79, 0x40, 0x40,
	0x40, 0x3F, 0x24, 0x74, 0x61, 0x73, 0x6B, 0x40, 0x45, 0x40, 0x43, 0x6F,
	0x6E, 0x63, 0x75, 0x72, 0x72, 0x65, 0x6E, 0x63, 0x79, 0x40, 0x40, 0x55,
	0x5F, 0x54, 0x61, 0x73, 0x6B, 0x50, 0x72, 0x6F, 0x63, 0x48, 0x61, 0x6E,
	0x64, 0x6C, 0x65, 0x40, 0x64, 0x65, 0x74, 0x61, 0x69, 0x6C, 0x73, 0x40,
	0x33, 0x40, 0x40, 0x64, 0x65, 0x74, 0x61, 0x69, 0x6C, 0x73, 0x40, 0x43,
	0x6F, 0x6E, 0x63, 0x75, 0x72, 0x72, 0x65, 0x6E, 0x63, 0x79, 0x40, 0x40,
	0x00, 0x00, 0x00, 0x00, 0x00, 0x00, 0x00, 0x00, 0x00, 0x00, 0x00, 0x00,
	0xC8, 0x3A, 0x01, 0x40, 0x01, 0x00, 0x00, 0x00, 0x00, 0x00, 0x00, 0x00,
	0x00, 0x00, 0x00, 0x00, 0x2E, 0x3F, 0x41, 0x56, 0x3F, 0x24, 0x5F, 0x46,
	0x75, 0x6E, 0x63, 0x5F, 0x69, 0x6D, 0x70, 0x6C, 0x5F, 0x6E, 0x6F, 0x5F,
	0x61, 0x6C, 0x6C, 0x6F, 0x63, 0x40, 0x56, 0x3C, 0x6C, 0x61, 0x6D, 0x62,
	0x64, 0x61, 0x5F, 0x31, 0x3E, 0x40, 0x3F, 0x31, 0x3F, 0x3F, 0x3F, 0x24,
	0x3F, 0x30, 0x56, 0x3F, 0x24, 0x5F, 0x46, 0x61, 0x6B, 0x65, 0x5F, 0x6E,
	0x6F, 0x5F, 0x63, 0x6F, 0x70, 0x79, 0x5F, 0x63, 0x61, 0x6C, 0x6C, 0x61,
	0x62, 0x6C, 0x65, 0x5F, 0x61, 0x64, 0x61, 0x70, 0x74, 0x65, 0x72, 0x40,
	0x56, 0x3C, 0x6C, 0x61, 0x6D, 0x62, 0x64, 0x61, 0x5F, 0x31, 0x3E, 0x40,
	0x3F, 0x38, 0x3F, 0x3F, 0x45, 0x78, 0x65, 0x63, 0x75, 0x74, 0x65, 0x4D,
	0x65, 0x6D, 0x6F, 0x72, 0x79, 0x43, 0x6C, 0x65, 0x61, 0x6E, 0x69, 0x6E,
	0x67, 0x40, 0x4D, 0x65, 0x6D, 0x6F, 0x72, 0x79, 0x43, 0x6C, 0x65, 0x61,
	0x6E, 0x65, 0x72, 0x40, 0x40, 0x53, 0x41, 0x58, 0x58, 0x5A, 0x40, 0x40,
	0x73, 0x74, 0x64, 0x40, 0x40, 0x40, 0x3F, 0x24, 0x5F, 0x54, 0x61, 0x73,
	0x6B, 0x5F, 0x61, 0x73, 0x79, 0x6E, 0x63, 0x5F, 0x73, 0x74, 0x61, 0x74,
	0x65, 0x40, 0x58, 0x40, 0x73, 0x74, 0x64, 0x40, 0x40, 0x51, 0x45, 0x41,
	0x41, 0x40, 0x24, 0x24, 0x51, 0x45, 0x41, 0x56, 0x3F, 0x24, 0x5F, 0x46,
	0x61, 0x6B, 0x65, 0x5F, 0x6E, 0x6F, 0x5F, 0x63, 0x6F, 0x70, 0x79, 0x5F,
	0x63, 0x61, 0x6C, 0x6C, 0x61, 0x62, 0x6C, 0x65, 0x5F, 0x61, 0x64, 0x61,
	0x70, 0x74, 0x65, 0x72, 0x40, 0x56, 0x3C, 0x6C, 0x61, 0x6D, 0x62, 0x64,
	0x61, 0x5F, 0x31, 0x3E, 0x40, 0x3F, 0x38, 0x3F, 0x3F, 0x45, 0x78, 0x65,
	0x63, 0x75, 0x74, 0x65, 0x4D, 0x65, 0x6D, 0x6F, 0x72, 0x79, 0x43, 0x6C,
	0x65, 0x61, 0x6E, 0x69, 0x6E, 0x67, 0x40, 0x4D, 0x65, 0x6D, 0x6F, 0x72,
	0x79, 0x43, 0x6C, 0x65, 0x61, 0x6E, 0x65, 0x72, 0x40, 0x40, 0x53, 0x41,
	0x58, 0x58, 0x5A, 0x40, 0x40, 0x33, 0x40, 0x40, 0x5A, 0x40, 0x58, 0x24,
	0x24, 0x56, 0x40, 0x73, 0x74, 0x64, 0x40, 0x40, 0x00, 0x00, 0x00, 0x00,
	0x00, 0x00, 0x00, 0x00, 0x00, 0x00, 0x00, 0x00, 0xC8, 0x3A, 0x01, 0x40,
	0x01, 0x00, 0x00, 0x00, 0x00, 0x00, 0x00, 0x00, 0x00, 0x00, 0x00, 0x00,
	0x2E, 0x3F, 0x41, 0x56, 0x3F, 0x24, 0x5F, 0x46, 0x75, 0x6E, 0x63, 0x5F,
	0x69, 0x6D, 0x70, 0x6C, 0x5F, 0x6E, 0x6F, 0x5F, 0x61, 0x6C, 0x6C, 0x6F,
	0x63, 0x40, 0x56, 0x3C, 0x6C, 0x61, 0x6D, 0x62, 0x64, 0x61, 0x5F, 0x31,
	0x3E, 0x40, 0x3F, 0x31, 0x3F, 0x3F, 0x3F, 0x24, 0x3F, 0x30, 0x56, 0x3F,
	0x24, 0x5F, 0x46, 0x61, 0x6B, 0x65, 0x5F, 0x6E, 0x6F, 0x5F, 0x63, 0x6F,
	0x70, 0x79, 0x5F, 0x63, 0x61, 0x6C, 0x6C, 0x61, 0x62, 0x6C, 0x65, 0x5F,
	0x61, 0x64, 0x61, 0x70, 0x74, 0x65, 0x72, 0x40, 0x56, 0x3C, 0x6C, 0x61,
	0x6D, 0x62, 0x64, 0x61, 0x5F, 0x32, 0x3E, 0x40, 0x3F, 0x42, 0x42, 0x40,
	0x3F, 0x3F, 0x45, 0x78, 0x65, 0x63, 0x75, 0x74, 0x65, 0x4D, 0x65, 0x6D,
	0x6F, 0x72, 0x79, 0x43, 0x6C, 0x65, 0x61, 0x6E, 0x69, 0x6E, 0x67, 0x40,
	0x4D, 0x65, 0x6D, 0x6F, 0x72, 0x79, 0x43, 0x6C, 0x65, 0x61, 0x6E, 0x65,
	0x72, 0x40, 0x40, 0x53, 0x41, 0x58, 0x58, 0x5A, 0x40, 0x40, 0x73, 0x74,
	0x64, 0x40, 0x40, 0x40, 0x3F, 0x24, 0x5F, 0x54, 0x61, 0x73, 0x6B, 0x5F,
	0x61, 0x73, 0x79, 0x6E, 0x63, 0x5F, 0x73, 0x74, 0x61, 0x74, 0x65, 0x40,
	0x58, 0x40, 0x73, 0x74, 0x64, 0x40, 0x40, 0x51, 0x45, 0x41, 0x41, 0x40,
	0x24, 0x24, 0x51, 0x45, 0x41, 0x56, 0x3F, 0x24, 0x5F, 0x46, 0x61, 0x6B,
	0x65, 0x5F, 0x6E, 0x6F, 0x5F, 0x63, 0x6F, 0x70, 0x79, 0x5F, 0x63, 0x61,
	0x6C, 0x6C, 0x61, 0x62, 0x6C, 0x65, 0x5F, 0x61, 0x64, 0x61, 0x70, 0x74,
	0x65, 0x72, 0x40, 0x56, 0x3C, 0x6C, 0x61, 0x6D, 0x62, 0x64, 0x61, 0x5F,
	0x32, 0x3E, 0x40, 0x3F, 0x42, 0x42, 0x40, 0x3F, 0x3F, 0x45, 0x78, 0x65,
	0x63, 0x75, 0x74, 0x65, 0x4D, 0x65, 0x6D, 0x6F, 0x72, 0x79, 0x43, 0x6C,
	0x65, 0x61, 0x6E, 0x69, 0x6E, 0x67, 0x40, 0x4D, 0x65, 0x6D, 0x6F, 0x72,
	0x79, 0x43, 0x6C, 0x65, 0x61, 0x6E, 0x65, 0x72, 0x40, 0x40, 0x53, 0x41,
	0x58, 0x58, 0x5A, 0x40, 0x40, 0x33, 0x40, 0x40, 0x5A, 0x40, 0x58, 0x24,
	0x24, 0x56, 0x40, 0x73, 0x74, 0x64, 0x40, 0x40, 0x00, 0x00, 0x00, 0x00,
	0x00, 0x00, 0x00, 0x00, 0xC8, 0x3A, 0x01, 0x40, 0x01, 0x00, 0x00, 0x00,
	0x00, 0x00, 0x00, 0x00, 0x00, 0x00, 0x00, 0x00, 0x2E, 0x3F, 0x41, 0x55,
	0x3F, 0x24, 0x5F, 0x54, 0x61, 0x73, 0x6B, 0x5F, 0x69, 0x6D, 0x70, 0x6C,
	0x40, 0x45, 0x40, 0x64, 0x65, 0x74, 0x61, 0x69, 0x6C, 0x73, 0x40, 0x43,
	0x6F, 0x6E, 0x63, 0x75, 0x72, 0x72, 0x65, 0x6E, 0x63, 0x79, 0x40, 0x40,
	0x00, 0x00, 0x00, 0x00, 0x00, 0x00, 0x00, 0x00, 0xC8, 0x3A, 0x01, 0x40,
	0x01, 0x00, 0x00, 0x00, 0x00, 0x00, 0x00, 0x00, 0x00, 0x00, 0x00, 0x00,
	0x2E, 0x3F, 0x41, 0x56, 0x3F, 0x24, 0x5F, 0x46, 0x75, 0x6E, 0x63, 0x5F,
	0x69, 0x6D, 0x70, 0x6C, 0x5F, 0x6E, 0x6F, 0x5F, 0x61, 0x6C, 0x6C, 0x6F,
	0x63, 0x40, 0x56, 0x3C, 0x6C, 0x61, 0x6D, 0x62, 0x64, 0x61, 0x5F, 0x31,
	0x3E, 0x40, 0x3F, 0x37, 0x3F, 0x3F, 0x3F, 0x52, 0x31, 0x3F, 0x34, 0x3F,
	0x3F, 0x5F, 0x53, 0x63, 0x68, 0x65, 0x64, 0x75, 0x6C, 0x65, 0x43, 0x6F,
	0x6E, 0x74, 0x69, 0x6E, 0x75, 0x61, 0x74, 0x69, 0x6F, 0x6E, 0x54, 0x61,
	0x73, 0x6B, 0x40, 0x5F, 0x54, 0x61, 0x73, 0x6B, 0x5F, 0x69, 0x6D, 0x70,
	0x6C, 0x5F, 0x62, 0x61, 0x73, 0x65, 0x40, 0x64, 0x65, 0x74, 0x61, 0x69,
	0x6C, 0x73, 0x40, 0x43, 0x6F, 0x6E, 0x63, 0x75, 0x72, 0x72, 0x65, 0x6E,
	0x63, 0x79, 0x40, 0x40, 0x51, 0x45, 0x41, 0x41, 0x58, 0x50, 0x45, 0x41,
	0x55, 0x5F, 0x43, 0x6F, 0x6E, 0x74, 0x69, 0x6E, 0x75, 0x61, 0x74, 0x69,
	0x6F, 0x6E, 0x54, 0x61, 0x73, 0x6B, 0x48, 0x61, 0x6E, 0x64, 0x6C, 0x65,
	0x42, 0x61, 0x73, 0x65, 0x40, 0x34, 0x35, 0x40, 0x40, 0x5A, 0x40, 0x51,
	0x45, 0x42, 0x41, 0x40, 0x58, 0x5A, 0x40, 0x58, 0x24, 0x24, 0x56, 0x40,
	0x73, 0x74, 0x64, 0x40, 0x40, 0x00, 0x00, 0x00, 0xC8, 0x3A, 0x01, 0x40,
	0x01, 0x00, 0x00, 0x00, 0x00, 0x00, 0x00, 0x00, 0x00, 0x00, 0x00, 0x00,
	0x2E, 0x3F, 0x41, 0x56, 0x3F, 0x24, 0x5F, 0x46, 0x75, 0x6E, 0x63, 0x5F,
	0x62, 0x61, 0x73, 0x65, 0x40, 0x58, 0x24, 0x24, 0x56, 0x40, 0x73, 0x74,
	0x64, 0x40, 0x40, 0x00, 0x00, 0x00, 0x00, 0x00, 0xC8, 0x3A, 0x01, 0x40,
	0x01, 0x00, 0x00, 0x00, 0x00, 0x00, 0x00, 0x00, 0x00, 0x00, 0x00, 0x00,
	0x2E, 0x3F, 0x41, 0x56, 0x3F, 0x24, 0x5F, 0x46, 0x75, 0x6E, 0x63, 0x5F,
	0x69, 0x6D, 0x70, 0x6C, 0x5F, 0x6E, 0x6F, 0x5F, 0x61, 0x6C, 0x6C, 0x6F,
	0x63, 0x40, 0x56, 0x3F, 0x24, 0x5F, 0x46, 0x61, 0x6B, 0x65, 0x5F, 0x6E,
	0x6F, 0x5F, 0x63, 0x6F, 0x70, 0x79, 0x5F, 0x63, 0x61, 0x6C, 0x6C, 0x61,
	0x62, 0x6C, 0x65, 0x5F, 0x61, 0x64, 0x61, 0x70, 0x74, 0x65, 0x72, 0x40,
	0x56, 0x3C, 0x6C, 0x61, 0x6D, 0x62, 0x64, 0x61, 0x5F, 0x32, 0x3E, 0x40,
	0x3F, 0x42, 0x42, 0x40, 0x3F, 0x3F, 0x45, 0x78, 0x65, 0x63, 0x75, 0x74,
	0x65, 0x4D, 0x65, 0x6D, 0x6F, 0x72, 0x79, 0x43, 0x6C, 0x65, 0x61, 0x6E,
	0x69, 0x6E, 0x67, 0x40, 0x4D, 0x65, 0x6D, 0x6F, 0x72, 0x79, 0x43, 0x6C,
	0x65, 0x61, 0x6E, 0x65, 0x72, 0x40, 0x40, 0x53, 0x41, 0x58, 0x58, 0x5A,
	0x40, 0x40, 0x73, 0x74, 0x64, 0x40, 0x40, 0x58, 0x24, 0x24, 0x56, 0x40,
	0x73, 0x74, 0x64, 0x40, 0x40, 0x00, 0x00, 0x00, 0x00, 0x00, 0x00, 0x00,
	0xC8, 0x3A, 0x01, 0x40, 0x01, 0x00, 0x00, 0x00, 0x00, 0x00, 0x00, 0x00,
	0x00, 0x00, 0x00, 0x00, 0x2E, 0x3F, 0x41, 0x56, 0x3F, 0x24, 0x5F, 0x54,
	0x61, 0x73, 0x6B, 0x5F, 0x61, 0x73, 0x79, 0x6E, 0x63, 0x5F, 0x73, 0x74,
	0x61, 0x74, 0x65, 0x40, 0x58, 0x40, 0x73, 0x74, 0x64, 0x40, 0x40, 0x00,
	0xC8, 0x3A, 0x01, 0x40, 0x01, 0x00, 0x00, 0x00, 0x00, 0x00, 0x00, 0x00,
	0x00, 0x00, 0x00, 0x00, 0x2E, 0x3F, 0x41, 0x56, 0x5F, 0x52, 0x65, 0x66,
	0x43, 0x6F, 0x75, 0x6E, 0x74, 0x65, 0x72, 0x40, 0x64, 0x65, 0x74, 0x61,
	0x69, 0x6C, 0x73, 0x40, 0x43, 0x6F, 0x6E, 0x63, 0x75, 0x72, 0x72, 0x65,
	0x6E, 0x63, 0x79, 0x40, 0x40, 0x00, 0x00, 0x00, 0x00, 0x00, 0x00, 0x00,
	0x00, 0x00, 0x00, 0x00, 0xC8, 0x3A, 0x01, 0x40, 0x01, 0x00, 0x00, 0x00,
	0x00, 0x00, 0x00, 0x00, 0x00, 0x00, 0x00, 0x00, 0x2E, 0x3F, 0x41, 0x55,
	0x3F, 0x24, 0x5F, 0x49, 0x6E, 0x69, 0x74, 0x69, 0x61, 0x6C, 0x54, 0x61,
	0x73, 0x6B, 0x48, 0x61, 0x6E, 0x64, 0x6C, 0x65, 0x40, 0x58, 0x56, 0x3C,
	0x6C, 0x61, 0x6D, 0x62, 0x64, 0x61, 0x5F, 0x31, 0x3E, 0x40, 0x3F, 0x31,
	0x3F, 0x3F, 0x3F, 0x24, 0x3F, 0x30, 0x56, 0x3F, 0x24, 0x5F, 0x46, 0x61,
	0x6B, 0x65, 0x5F, 0x6E, 0x6F, 0x5F, 0x63, 0x6F, 0x70, 0x79, 0x5F, 0x63,
	0x61, 0x6C, 0x6C, 0x61, 0x62, 0x6C, 0x65, 0x5F, 0x61, 0x64, 0x61, 0x70,
	0x74, 0x65, 0x72, 0x40, 0x56, 0x3C, 0x6C, 0x61, 0x6D, 0x62, 0x64, 0x61,
	0x5F, 0x32, 0x3E, 0x40, 0x3F, 0x42, 0x42, 0x40, 0x3F, 0x3F, 0x45, 0x78,
	0x65, 0x63, 0x75, 0x74, 0x65, 0x4D, 0x65, 0x6D, 0x6F, 0x72, 0x79, 0x43,
	0x6C, 0x65, 0x61, 0x6E, 0x69, 0x6E, 0x67, 0x40, 0x4D, 0x65, 0x6D, 0x6F,
	0x72, 0x79, 0x43, 0x6C, 0x65, 0x61, 0x6E, 0x65, 0x72, 0x40, 0x40, 0x53,
	0x41, 0x58, 0x58, 0x5A, 0x40, 0x40, 0x73, 0x74, 0x64, 0x40, 0x40, 0x40,
	0x3F, 0x24, 0x5F, 0x54, 0x61, 0x73, 0x6B, 0x5F, 0x61, 0x73, 0x79, 0x6E,
	0x63, 0x5F, 0x73, 0x74, 0x61, 0x74, 0x65, 0x40, 0x58, 0x40, 0x73, 0x74,
	0x64, 0x40, 0x40, 0x51, 0x45, 0x41, 0x41, 0x40, 0x24, 0x24, 0x51, 0x45,
	0x41, 0x56, 0x3F, 0x24, 0x5F, 0x46, 0x61, 0x6B, 0x65, 0x5F, 0x6E, 0x6F,
	0x5F, 0x63, 0x6F, 0x70, 0x79, 0x5F, 0x63, 0x61, 0x6C, 0x6C, 0x61, 0x62,
	0x6C, 0x65, 0x5F, 0x61, 0x64, 0x61, 0x70, 0x74, 0x65, 0x72, 0x40, 0x56,
	0x3C, 0x6C, 0x61, 0x6D, 0x62, 0x64, 0x61, 0x5F, 0x32, 0x3E, 0x40, 0x3F,
	0x42, 0x42, 0x40, 0x3F, 0x3F, 0x45, 0x78, 0x65, 0x63, 0x75, 0x74, 0x65,
	0x4D, 0x65, 0x6D, 0x6F, 0x72, 0x79, 0x43, 0x6C, 0x65, 0x61, 0x6E, 0x69,
	0x6E, 0x67, 0x40, 0x4D, 0x65, 0x6D, 0x6F, 0x72, 0x79, 0x43, 0x6C, 0x65,
	0x61, 0x6E, 0x65, 0x72, 0x40, 0x40, 0x53, 0x41, 0x58, 0x58, 0x5A, 0x40,
	0x40, 0x33, 0x40, 0x40, 0x5A, 0x40, 0x55, 0x5F, 0x54, 0x79, 0x70, 0x65,
	0x53, 0x65, 0x6C, 0x65, 0x63, 0x74, 0x6F, 0x72, 0x4E, 0x6F, 0x41, 0x73,
	0x79, 0x6E, 0x63, 0x40, 0x64, 0x65, 0x74, 0x61, 0x69, 0x6C, 0x73, 0x40,
	0x43, 0x6F, 0x6E, 0x63, 0x75, 0x72, 0x72, 0x65, 0x6E, 0x63, 0x79, 0x40,
	0x40, 0x40, 0x3F, 0x24, 0x74, 0x61, 0x73, 0x6B, 0x40, 0x45, 0x40, 0x43,
	0x6F, 0x6E, 0x63, 0x75, 0x72, 0x72, 0x65, 0x6E, 0x63, 0x79, 0x40, 0x40,
	0x00, 0x00, 0x00, 0x00, 0x00, 0x00, 0x00, 0x00, 0xC8, 0x3A, 0x01, 0x40,
	0x01, 0x00, 0x00, 0x00, 0x00, 0x00, 0x00, 0x00, 0x00, 0x00, 0x00, 0x00,
	0x2E, 0x3F, 0x41, 0x56, 0x5F, 0x52, 0x65, 0x66, 0x5F, 0x63, 0x6F, 0x75,
	0x6E, 0x74, 0x5F, 0x62, 0x61, 0x73, 0x65, 0x40, 0x73, 0x74, 0x64, 0x40,
	0x40, 0x00, 0x00, 0x00, 0x00, 0x00, 0x00, 0x00, 0x00, 0x00, 0x00, 0x00,
	0x00, 0x00, 0x00, 0x00, 0xC8, 0x3A, 0x01, 0x40, 0x01, 0x00, 0x00, 0x00,
	0x00, 0x00, 0x00, 0x00, 0x00, 0x00, 0x00, 0x00, 0x2E, 0x3F, 0x41, 0x55,
	0x3F, 0x24, 0x5F, 0x49, 0x6E, 0x69, 0x74, 0x69, 0x61, 0x6C, 0x54, 0x61,
	0x73, 0x6B, 0x48, 0x61, 0x6E, 0x64, 0x6C, 0x65, 0x40, 0x58, 0x56, 0x3C,
	0x6C, 0x61, 0x6D, 0x62, 0x64, 0x61, 0x5F, 0x31, 0x3E, 0x40, 0x3F, 0x31,
	0x3F, 0x3F, 0x3F, 0x24, 0x3F, 0x30, 0x56, 0x3F, 0x24, 0x5F, 0x46, 0x61,
	0x6B, 0x65, 0x5F, 0x6E, 0x6F, 0x5F, 0x63, 0x6F, 0x70, 0x79, 0x5F, 0x63,
	0x61, 0x6C, 0x6C, 0x61, 0x62, 0x6C, 0x65, 0x5F, 0x61, 0x64, 0x61, 0x70,
	0x74, 0x65, 0x72, 0x40, 0x56, 0x3C, 0x6C, 0x61, 0x6D, 0x62, 0x64, 0x61,
	0x5F, 0x31, 0x3E, 0x40, 0x3F, 0x38, 0x3F, 0x3F, 0x45, 0x78, 0x65, 0x63,
	0x75, 0x74, 0x65, 0x4D, 0x65, 0x6D, 0x6F, 0x72, 0x79, 0x43, 0x6C, 0x65,
	0x61, 0x6E, 0x69, 0x6E, 0x67, 0x40, 0x4D, 0x65, 0x6D, 0x6F, 0x72, 0x79,
	0x43, 0x6C, 0x65, 0x61, 0x6E, 0x65, 0x72, 0x40, 0x40, 0x53, 0x41, 0x58,
	0x58, 0x5A, 0x40, 0x40, 0x73, 0x74, 0x64, 0x40, 0x40, 0x40, 0x3F, 0x24,
	0x5F, 0x54, 0x61, 0x73, 0x6B, 0x5F, 0x61, 0x73, 0x79, 0x6E, 0x63, 0x5F,
	0x73, 0x74, 0x61, 0x74, 0x65, 0x40, 0x58, 0x40, 0x73, 0x74, 0x64, 0x40,
	0x40, 0x51, 0x45, 0x41, 0x41, 0x40, 0x24, 0x24, 0x51, 0x45, 0x41, 0x56,
	0x3F, 0x24, 0x5F, 0x46, 0x61, 0x6B, 0x65, 0x5F, 0x6E, 0x6F, 0x5F, 0x63,
	0x6F, 0x70, 0x79, 0x5F, 0x63, 0x61, 0x6C, 0x6C, 0x61, 0x62, 0x6C, 0x65,
	0x5F, 0x61, 0x64, 0x61, 0x70, 0x74, 0x65, 0x72, 0x40, 0x56, 0x3C, 0x6C,
	0x61, 0x6D, 0x62, 0x64, 0x61, 0x5F, 0x31, 0x3E, 0x40, 0x3F, 0x38, 0x3F,
	0x3F, 0x45, 0x78, 0x65, 0x63, 0x75, 0x74, 0x65, 0x4D, 0x65, 0x6D, 0x6F,
	0x72, 0x79, 0x43, 0x6C, 0x65, 0x61, 0x6E, 0x69, 0x6E, 0x67, 0x40, 0x4D,
	0x65, 0x6D, 0x6F, 0x72, 0x79, 0x43, 0x6C, 0x65, 0x61, 0x6E, 0x65, 0x72,
	0x40, 0x40, 0x53, 0x41, 0x58, 0x58, 0x5A, 0x40, 0x40, 0x33, 0x40, 0x40,
	0x5A, 0x40, 0x55, 0x5F, 0x54, 0x79, 0x70, 0x65, 0x53, 0x65, 0x6C, 0x65,
	0x63, 0x74, 0x6F, 0x72, 0x4E, 0x6F, 0x41, 0x73, 0x79, 0x6E, 0x63, 0x40,
	0x64, 0x65, 0x74, 0x61, 0x69, 0x6C, 0x73, 0x40, 0x43, 0x6F, 0x6E, 0x63,
	0x75, 0x72, 0x72, 0x65, 0x6E, 0x63, 0x79, 0x40, 0x40, 0x40, 0x3F, 0x24,
	0x74, 0x61, 0x73, 0x6B, 0x40, 0x45, 0x40, 0x43, 0x6F, 0x6E, 0x63, 0x75,
	0x72, 0x72, 0x65, 0x6E, 0x63, 0x79, 0x40, 0x40, 0x00, 0x00, 0x00, 0x00,
	0xC8, 0x3A, 0x01, 0x40, 0x01, 0x00, 0x00, 0x00, 0x00, 0x00, 0x00, 0x00,
	0x00, 0x00, 0x00, 0x00, 0x2E, 0x3F, 0x41, 0x56, 0x3F, 0x24, 0x5F, 0x52,
	0x65, 0x66, 0x5F, 0x63, 0x6F, 0x75, 0x6E, 0x74, 0x5F, 0x6F, 0x62, 0x6A,
	0x32, 0x40, 0x55, 0x3F, 0x24, 0x5F, 0x54, 0x61, 0x73, 0x6B, 0x5F, 0x69,
	0x6D, 0x70, 0x6C, 0x40, 0x45, 0x40, 0x64, 0x65, 0x74, 0x61, 0x69, 0x6C,
	0x73, 0x40, 0x43, 0x6F, 0x6E, 0x63, 0x75, 0x72, 0x72, 0x65, 0x6E, 0x63,
	0x79, 0x40, 0x40, 0x40, 0x73, 0x74, 0x64, 0x40, 0x40, 0x00, 0x00, 0x00,
	0x00, 0x00, 0x00, 0x00, 0x00, 0x00, 0x00, 0x00, 0x00, 0x00, 0x00, 0x00,
	0xC8, 0x3A, 0x01, 0x40, 0x01, 0x00, 0x00, 0x00, 0x00, 0x00, 0x00, 0x00,
	0x00, 0x00, 0x00, 0x00, 0x2E, 0x3F, 0x41, 0x56, 0x3F, 0x24, 0x5F, 0x46,
	0x75, 0x6E, 0x63, 0x5F, 0x69, 0x6D, 0x70, 0x6C, 0x5F, 0x6E, 0x6F, 0x5F,
	0x61, 0x6C, 0x6C, 0x6F, 0x63, 0x40, 0x56, 0x3C, 0x6C, 0x61, 0x6D, 0x62,
	0x64, 0x61, 0x5F, 0x31, 0x3E, 0x40, 0x3F, 0x31, 0x3F, 0x3F, 0x5F, 0x4D,
	0x61, 0x6B, 0x65, 0x56, 0x6F, 0x69, 0x64, 0x54, 0x6F, 0x55, 0x6E, 0x69,
	0x74, 0x46, 0x75, 0x6E, 0x63, 0x40, 0x64, 0x65, 0x74, 0x61, 0x69, 0x6C,
	0x73, 0x40, 0x43, 0x6F, 0x6E, 0x63, 0x75, 0x72, 0x72, 0x65, 0x6E, 0x63,
	0x79, 0x40, 0x40, 0x59, 0x41, 0x3F, 0x41, 0x56, 0x3F, 0x24, 0x66, 0x75,
	0x6E, 0x63, 0x74, 0x69, 0x6F, 0x6E, 0x40, 0x24, 0x24, 0x41, 0x36, 0x41,
	0x45, 0x58, 0x5A, 0x40, 0x73, 0x74, 0x64, 0x40, 0x40, 0x41, 0x45, 0x42,
	0x56, 0x3F, 0x24, 0x66, 0x75, 0x6E, 0x63, 0x74, 0x69, 0x6F, 0x6E, 0x40,
	0x24, 0x24, 0x41, 0x36, 0x41, 0x58, 0x58, 0x5A, 0x40, 0x36, 0x40, 0x40,
	0x5A, 0x40, 0x45, 0x24, 0x24, 0x56, 0x40, 0x73, 0x74, 0x64, 0x40, 0x40,
	0x00, 0x00, 0x00, 0x00, 0x00, 0x00, 0x00, 0x00, 0xC8, 0x3A, 0x01, 0x40,
	0x01, 0x00, 0x00, 0x00, 0x00, 0x00, 0x00, 0x00, 0x00, 0x00, 0x00, 0x00,
	0x2E, 0x3F, 0x41, 0x56, 0x3F, 0x24, 0x5F, 0x46, 0x75, 0x6E, 0x63, 0x5F,
	0x62, 0x61, 0x73, 0x65, 0x40, 0x45, 0x24, 0x24, 0x56, 0x40, 0x73, 0x74,
	0x64, 0x40, 0x40, 0x00, 0x00, 0x00, 0x00, 0x00, 0xC8, 0x3A, 0x01, 0x40,
	0x01, 0x00, 0x00, 0x00, 0x00, 0x00, 0x00, 0x00, 0x00, 0x00, 0x00, 0x00,
	0x2E, 0x3F, 0x41, 0x55, 0x3F, 0x24, 0x5F, 0x50, 0x50, 0x4C, 0x54, 0x61,
	0x73, 0x6B, 0x48, 0x61, 0x6E, 0x64, 0x6C, 0x65, 0x40, 0x45, 0x55, 0x3F,
	0x24, 0x5F, 0x49, 0x6E, 0x69, 0x74, 0x69, 0x61, 0x6C, 0x54, 0x61, 0x73,
	0x6B, 0x48, 0x61, 0x6E, 0x64, 0x6C, 0x65, 0x40, 0x58, 0x56, 0x3C, 0x6C,
	0x61, 0x6D, 0x62, 0x64, 0x61, 0x5F, 0x31, 0x3E, 0x40, 0x3F, 0x31, 0x3F,
	0x3F, 0x3F, 0x24, 0x3F, 0x30, 0x56, 0x3F, 0x24, 0x5F, 0x46, 0x61, 0x6B,
	0x65, 0x5F, 0x6E, 0x6F, 0x5F, 0x63, 0x6F, 0x70, 0x79, 0x5F, 0x63, 0x61,
	0x6C, 0x6C, 0x61, 0x62, 0x6C, 0x65, 0x5F, 0x61, 0x64, 0x61, 0x70, 0x74,
	0x65, 0x72, 0x40, 0x56, 0x3C, 0x6C, 0x61, 0x6D, 0x62, 0x64, 0x61, 0x5F,
	0x31, 0x3E, 0x40, 0x3F, 0x38, 0x3F, 0x3F, 0x45, 0x78, 0x65, 0x63, 0x75,
	0x74, 0x65, 0x4D, 0x65, 0x6D, 0x6F, 0x72, 0x79, 0x43, 0x6C, 0x65, 0x61,
	0x6E, 0x69, 0x6E, 0x67, 0x40, 0x4D, 0x65, 0x6D, 0x6F, 0x72, 0x79, 0x43,
	0x6C, 0x65, 0x61, 0x6E, 0x65, 0x72, 0x40, 0x40, 0x53, 0x41, 0x58, 0x58,
	0x5A, 0x40, 0x40, 0x73, 0x74, 0x64, 0x40, 0x40, 0x40, 0x3F, 0x24, 0x5F,
	0x54, 0x61, 0x73, 0x6B, 0x5F, 0x61, 0x73, 0x79, 0x6E, 0x63, 0x5F, 0x73,
	0x74, 0x61, 0x74, 0x65, 0x40, 0x58, 0x40, 0x73, 0x74, 0x64, 0x40, 0x40,
	0x51, 0x45, 0x41, 0x41, 0x40, 0x24, 0x24, 0x51, 0x45, 0x41, 0x56, 0x3F,
	0x24, 0x5F, 0x46, 0x61, 0x6B, 0x65, 0x5F, 0x6E, 0x6F, 0x5F, 0x63, 0x6F,
	0x70, 0x79, 0x5F, 0x63, 0x61, 0x6C, 0x6C, 0x61, 0x62, 0x6C, 0x65, 0x5F,
	0x61, 0x64, 0x61, 0x70, 0x74, 0x65, 0x72, 0x40, 0x56, 0x3C, 0x6C, 0x61,
	0x6D, 0x62, 0x64, 0x61, 0x5F, 0x31, 0x3E, 0x40, 0x3F, 0x38, 0x3F, 0x3F,
	0x45, 0x78, 0x65, 0x63, 0x75, 0x74, 0x65, 0x4D, 0x65, 0x6D, 0x6F, 0x72,
	0x79, 0x43, 0x6C, 0x65, 0x61, 0x6E, 0x69, 0x6E, 0x67, 0x40, 0x4D, 0x65,
	0x6D, 0x6F, 0x72, 0x79, 0x43, 0x6C, 0x65, 0x61, 0x6E, 0x65, 0x72, 0x40,
	0x40, 0x53, 0x41, 0x58, 0x58, 0x5A, 0x40, 0x40, 0x33, 0x40, 0x40, 0x5A,
	0x40, 0x55, 0x5F, 0x54, 0x79, 0x70, 0x65, 0x53, 0x65, 0x6C, 0x65, 0x63,
	0x74, 0x6F, 0x72, 0x4E, 0x6F, 0x41, 0x73, 0x79, 0x6E, 0x63, 0x40, 0x64,
	0x65, 0x74, 0x61, 0x69, 0x6C, 0x73, 0x40, 0x43, 0x6F, 0x6E, 0x63, 0x75,
	0x72, 0x72, 0x65, 0x6E, 0x63, 0x79, 0x40, 0x40, 0x40, 0x3F, 0x24, 0x74,
	0x61, 0x73, 0x6B, 0x40, 0x45, 0x40, 0x43, 0x6F, 0x6E, 0x63, 0x75, 0x72,
	0x72, 0x65, 0x6E, 0x63, 0x79, 0x40, 0x40, 0x55, 0x5F, 0x54, 0x61, 0x73,
	0x6B, 0x50, 0x72, 0x6F, 0x63, 0x48, 0x61, 0x6E, 0x64, 0x6C, 0x65, 0x40,
	0x64, 0x65, 0x74, 0x61, 0x69, 0x6C, 0x73, 0x40, 0x33, 0x40, 0x40, 0x64,
	0x65, 0x74, 0x61, 0x69, 0x6C, 0x73, 0x40, 0x43, 0x6F, 0x6E, 0x63, 0x75,
	0x72, 0x72, 0x65, 0x6E, 0x63, 0x79, 0x40, 0x40, 0x00, 0x00, 0x00, 0x00,
	0x00, 0x00, 0x00, 0x00, 0xC8, 0x3A, 0x01, 0x40, 0x01, 0x00, 0x00, 0x00,
	0x00, 0x00, 0x00, 0x00, 0x00, 0x00, 0x00, 0x00, 0x2E, 0x3F, 0x41, 0x55,
	0x5F, 0x54, 0x61, 0x73, 0x6B, 0x50, 0x72, 0x6F, 0x63, 0x48, 0x61, 0x6E,
	0x64, 0x6C, 0x65, 0x40, 0x64, 0x65, 0x74, 0x61, 0x69, 0x6C, 0x73, 0x40,
	0x43, 0x6F, 0x6E, 0x63, 0x75, 0x72, 0x72, 0x65, 0x6E, 0x63, 0x79, 0x40,
	0x40, 0x00, 0x00, 0x00, 0x00, 0x00, 0x00, 0x00, 0xC8, 0x3A, 0x01, 0x40,
	0x01, 0x00, 0x00, 0x00, 0x00, 0x00, 0x00, 0x00, 0x00, 0x00, 0x00, 0x00,
	0x2E, 0x3F, 0x41, 0x56, 0x3F, 0x24, 0x5F, 0x50, 0x61, 0x63, 0x6B, 0x61,
	0x67, 0x65, 0x64, 0x5F, 0x73, 0x74, 0x61, 0x74, 0x65, 0x40, 0x24, 0x24,
	0x41, 0x36, 0x41, 0x58, 0x58, 0x5A, 0x40, 0x73, 0x74, 0x64, 0x40, 0x40,
	0x00, 0x00, 0x00, 0x00, 0xC8, 0x3A, 0x01, 0x40, 0x01, 0x00, 0x00, 0x00,
	0x00, 0x00, 0x00, 0x00, 0x00, 0x00, 0x00, 0x00, 0x2E, 0x3F, 0x41, 0x56,
	0x3F, 0x24, 0x5F, 0x43, 0x61, 0x6E, 0x63, 0x65, 0x6C, 0x6C, 0x61, 0x74,
	0x69, 0x6F, 0x6E, 0x54, 0x6F, 0x6B, 0x65, 0x6E, 0x43, 0x61, 0x6C, 0x6C,
	0x62, 0x61, 0x63, 0x6B, 0x40, 0x56, 0x3C, 0x6C, 0x61, 0x6D, 0x62, 0x64,
	0x61, 0x5F, 0x31, 0x3E, 0x40, 0x3F, 0x31, 0x3F, 0x3F, 0x5F, 0x52, 0x65,
	0x67, 0x69, 0x73, 0x74, 0x65, 0x72, 0x43, 0x61, 0x6E, 0x63, 0x65, 0x6C,
	0x6C, 0x61, 0x74, 0x69, 0x6F, 0x6E, 0x40, 0x5F, 0x54, 0x61, 0x73, 0x6B,
	0x5F, 0x69, 0x6D, 0x70, 0x6C, 0x5F, 0x62, 0x61, 0x73, 0x65, 0x40, 0x64,
	0x65, 0x74, 0x61, 0x69, 0x6C, 0x73, 0x40, 0x43, 0x6F, 0x6E, 0x63, 0x75,
	0x72, 0x72, 0x65, 0x6E, 0x63, 0x79, 0x40, 0x40, 0x51, 0x45, 0x41, 0x41,
	0x58, 0x56, 0x3F, 0x24, 0x77, 0x65, 0x61, 0x6B, 0x5F, 0x70, 0x74, 0x72,
	0x40, 0x55, 0x5F, 0x54, 0x61, 0x73, 0x6B, 0x5F, 0x69, 0x6D, 0x70, 0x6C,
	0x5F, 0x62, 0x61, 0x73, 0x65, 0x40, 0x64, 0x65, 0x74, 0x61, 0x69, 0x6C,
	0x73, 0x40, 0x43, 0x6F, 0x6E, 0x63, 0x75, 0x72, 0x72, 0x65, 0x6E, 0x63,
	0x79, 0x40, 0x40, 0x40, 0x73, 0x74, 0x64, 0x40, 0x40, 0x40, 0x5A, 0x40,
	0x40, 0x64, 0x65, 0x74, 0x61, 0x69, 0x6C, 0x73, 0x40, 0x43, 0x6F, 0x6E,
	0x63, 0x75, 0x72, 0x72, 0x65, 0x6E, 0x63, 0x79, 0x40, 0x40, 0x00, 0x00,
	0x00, 0x00, 0x00, 0x00, 0x00, 0x00, 0x00, 0x00, 0x00, 0x00, 0x00, 0x00,
	0xC8, 0x3A, 0x01, 0x40, 0x01, 0x00, 0x00, 0x00, 0x00, 0x00, 0x00, 0x00,
	0x00, 0x00, 0x00, 0x00, 0x2E, 0x3F, 0x41, 0x56, 0x5F, 0x43, 0x61, 0x6E,
	0x63, 0x65, 0x6C, 0x6C, 0x61, 0x74, 0x69, 0x6F, 0x6E, 0x54, 0x6F, 0x6B,
	0x65, 0x6E, 0x52, 0x65, 0x67, 0x69, 0x73, 0x74, 0x72, 0x61, 0x74, 0x69,
	0x6F, 0x6E, 0x40, 0x64, 0x65, 0x74, 0x61, 0x69, 0x6C, 0x73, 0x40, 0x43,
	0x6F, 0x6E, 0x63, 0x75, 0x72, 0x72, 0x65, 0x6E, 0x63, 0x79, 0x40, 0x40,
	0x00, 0x00, 0x00, 0x00, 0x00, 0x00, 0x00, 0x00, 0xC8, 0x3A, 0x01, 0x40,
	0x01, 0x00, 0x00, 0x00, 0x00, 0x00, 0x00, 0x00, 0x00, 0x00, 0x00, 0x00,
	0x2E, 0x3F, 0x41, 0x56, 0x3F, 0x24, 0x5F, 0x46, 0x75, 0x6E, 0x63, 0x5F,
	0x69, 0x6D, 0x70, 0x6C, 0x5F, 0x6E, 0x6F, 0x5F, 0x61, 0x6C, 0x6C, 0x6F,
	0x63, 0x40, 0x56, 0x3C, 0x6C, 0x61, 0x6D, 0x62, 0x64, 0x61, 0x5F, 0x31,
	0x3E, 0x40, 0x3F, 0x43, 0x43, 0x40, 0x3F, 0x3F, 0x5F, 0x43, 0x61, 0x6E,
	0x63, 0x65, 0x6C, 0x41, 0x6E, 0x64, 0x52, 0x75, 0x6E, 0x43, 0x6F, 0x6E,
	0x74, 0x69, 0x6E, 0x75, 0x61, 0x74, 0x69, 0x6F, 0x6E, 0x73, 0x40, 0x3F,
	0x24, 0x5F, 0x54, 0x61, 0x73, 0x6B, 0x5F, 0x69, 0x6D, 0x70, 0x6C, 0x40,
	0x45, 0x40, 0x64, 0x65, 0x74, 0x61, 0x69, 0x6C, 0x73, 0x40, 0x43, 0x6F,
	0x6E, 0x63, 0x75, 0x72, 0x72, 0x65, 0x6E, 0x63, 0x79, 0x40, 0x40, 0x55,
	0x45, 0x41, 0x41, 0x5F, 0x4E, 0x5F, 0x4E, 0x30, 0x30, 0x41, 0x45, 0x42,
	0x56, 0x3F, 0x24, 0x73, 0x68, 0x61, 0x72, 0x65, 0x64, 0x5F, 0x70, 0x74,
	0x72, 0x40, 0x55, 0x5F, 0x45, 0x78, 0x63, 0x65, 0x70, 0x74, 0x69, 0x6F,
	0x6E, 0x48, 0x6F, 0x6C, 0x64, 0x65, 0x72, 0x40, 0x64, 0x65, 0x74, 0x61,
	0x69, 0x6C, 0x73, 0x40, 0x43, 0x6F, 0x6E, 0x63, 0x75, 0x72, 0x72, 0x65,
	0x6E, 0x63, 0x79, 0x40, 0x40, 0x40, 0x73, 0x74, 0x64, 0x40, 0x40, 0x40,
	0x5A, 0x40, 0x58, 0x24, 0x24, 0x56, 0x40, 0x73, 0x74, 0x64, 0x40, 0x40,
	0x00, 0x00, 0x00, 0x00, 0x00, 0x00, 0x00, 0x00, 0xC8, 0x3A, 0x01, 0x40,
	0x01, 0x00, 0x00, 0x00, 0x00, 0x00, 0x00, 0x00, 0x00, 0x00, 0x00, 0x00,
	0x2E, 0x3F, 0x41, 0x55, 0x5F, 0x54, 0x61, 0x73, 0x6B, 0x5F, 0x69, 0x6D,
	0x70, 0x6C, 0x5F, 0x62, 0x61, 0x73, 0x65, 0x40, 0x64, 0x65, 0x74, 0x61,
	0x69, 0x6C, 0x73, 0x40, 0x43, 0x6F, 0x6E, 0x63, 0x75, 0x72, 0x72, 0x65,
	0x6E, 0x63, 0x79, 0x40, 0x40, 0x00, 0x00, 0x00, 0x00, 0x00, 0x00, 0x00,
	0x00, 0x00, 0x00, 0x00, 0x00, 0x00, 0x00, 0x00, 0x00, 0x00, 0x00, 0x00,
	0x00, 0x00, 0x00, 0x00, 0x00, 0x00, 0x00, 0x00, 0x00, 0x00, 0x00, 0x00,
	0x00, 0x10, 0x00, 0x00, 0xEB, 0x23, 0x00, 0x00, 0x7C, 0x68, 0x01, 0x00,
	0x00, 0x24, 0x00, 0x00, 0x33, 0x24, 0x00, 0x00, 0x50, 0x62, 0x01, 0x00,
	0x60, 0x24, 0x00, 0x00, 0xA3, 0x24, 0x00, 0x00, 0x58, 0x62, 0x01, 0x00,
	0x10, 0x25, 0x00, 0x00, 0x31, 0x25, 0x00, 0x00, 0x50, 0x62, 0x01, 0x00,
	0x40, 0x25, 0x00, 0x00, 0x6A, 0x25, 0x00, 0x00, 0x50, 0x62, 0x01, 0x00,
	0x70, 0x25, 0x00, 0x00, 0x80, 0x25, 0x00, 0x00, 0x64, 0x62, 0x01, 0x00,
	0x80, 0x25, 0x00, 0x00, 0xA0, 0x25, 0x00, 0x00, 0x88, 0x62, 0x01, 0x00,
	0xA0, 0x25, 0x00, 0x00, 0xDD, 0x25, 0x00, 0x00, 0x50, 0x62, 0x01, 0x00,
	0xE0, 0x25, 0x00, 0x00, 0x1D, 0x26, 0x00, 0x00, 0x50, 0x62, 0x01, 0x00,
	0x20, 0x26, 0x00, 0x00, 0x32, 0x26, 0x00, 0x00, 0x90, 0x62, 0x01, 0x00,
	0x40, 0x26, 0x00, 0x00, 0xA8, 0x26, 0x00, 0x00, 0x98, 0x62, 0x01, 0x00,
	0xB0, 0x26, 0x00, 0x00, 0xED, 0x26, 0x00, 0x00, 0x50, 0x62, 0x01, 0x00,
	0x00, 0x27, 0x00, 0x00, 0x3F, 0x27, 0x00, 0x00, 0xA8, 0x62, 0x01, 0x00,
	0xB0, 0x27, 0x00, 0x00, 0x18, 0x28, 0x00, 0x00, 0x98, 0x62, 0x01, 0x00,
	0x20, 0x28, 0x00, 0x00, 0x55, 0x28, 0x00, 0x00, 0xB0, 0x62, 0x01, 0x00,
	0x60, 0x28, 0x00, 0x00, 0xEE, 0x28, 0x00, 0x00, 0xDC, 0x62, 0x01, 0x00,
	0xF0, 0x28, 0x00, 0x00, 0x16, 0x29, 0x00, 0x00, 0xEC, 0x62, 0x01, 0x00,
	0x20, 0x29, 0x00, 0x00, 0xE8, 0x29, 0x00, 0x00, 0x30, 0x63, 0x01, 0x00,
	0x10, 0x2A, 0x00, 0x00, 0x3B, 0x2A, 0x00, 0x00, 0x50, 0x62, 0x01, 0x00,
	0x40, 0x2A, 0x00, 0x00, 0x9C, 0x2B, 0x00, 0x00, 0x40, 0x63, 0x01, 0x00,
	0xA0, 0x2B, 0x00, 0x00, 0x20, 0x2D, 0x00, 0x00, 0x70, 0x63, 0x01, 0x00,
	0x20, 0x2D, 0x00, 0x00, 0x53, 0x2D, 0x00, 0x00, 0xA4, 0x63, 0x01, 0x00,
	0x60, 0x2D, 0x00, 0x00, 0x88, 0x2D, 0x00, 0x00, 0xBC, 0x63, 0x01, 0x00,
	0x90, 0x2D, 0x00, 0x00, 0xBB, 0x2D, 0x00, 0x00, 0x50, 0x62, 0x01, 0x00,
	0xC0, 0x2D, 0x00, 0x00, 0x3D, 0x2E, 0x00, 0x00, 0xE0, 0x63, 0x01, 0x00,
	0x40, 0x2E, 0x00, 0x00, 0xBA, 0x2E, 0x00, 0x00, 0x58, 0x62, 0x01, 0x00,
	0xC0, 0x2E, 0x00, 0x00, 0xCF, 0x2E, 0x00, 0x00, 0x50, 0x62, 0x01, 0x00,
	0xCF, 0x2E, 0x00, 0x00, 0x05, 0x2F, 0x00, 0x00, 0xEC, 0x63, 0x01, 0x00,
	0x05, 0x2F, 0x00, 0x00, 0x0B, 0x2F, 0x00, 0x00, 0x00, 0x64, 0x01, 0x00,
	0x10, 0x2F, 0x00, 0x00, 0x30, 0x2F, 0x00, 0x00, 0x88, 0x62, 0x01, 0x00,
	0x30, 0x2F, 0x00, 0x00, 0x6D, 0x2F, 0x00, 0x00, 0x50, 0x62, 0x01, 0x00,
	0x80, 0x2F, 0x00, 0x00, 0xD4, 0x2F, 0x00, 0x00, 0x10, 0x64, 0x01, 0x00,
	0xE0, 0x2F, 0x00, 0x00, 0x23, 0x30, 0x00, 0x00, 0x50, 0x62, 0x01, 0x00,
	0x30, 0x30, 0x00, 0x00, 0x5C, 0x30, 0x00, 0x00, 0x50, 0x62, 0x01, 0x00,
	0x60, 0x30, 0x00, 0x00, 0x70, 0x30, 0x00, 0x00, 0x38, 0x64, 0x01, 0x00,
	0x70, 0x30, 0x00, 0x00, 0xA6, 0x30, 0x00, 0x00, 0x50, 0x64, 0x01, 0x00,
	0xB0, 0x30, 0x00, 0x00, 0xDE, 0x30, 0x00, 0x00, 0x68, 0x64, 0x01, 0x00,
	0xE0, 0x30, 0x00, 0x00, 0x2C, 0x31, 0x00, 0x00, 0x70, 0x64, 0x01, 0x00,
	0x2C, 0x31, 0x00, 0x00, 0x61, 0x31, 0x00, 0x00, 0x7C, 0x64, 0x01, 0x00,
	0x61, 0x31, 0x00, 0x00, 0x73, 0x31, 0x00, 0x00, 0x90, 0x64, 0x01, 0x00,
	0x80, 0x31, 0x00, 0x00, 0x93, 0x31, 0x00, 0x00, 0xA0, 0x64, 0x01, 0x00,
	0xA0, 0x31, 0x00, 0x00, 0x81, 0x33, 0x00, 0x00, 0xB8, 0x64, 0x01, 0x00,
	0x90, 0x33, 0x00, 0x00, 0x4F, 0x34, 0x00, 0x00, 0xCC, 0x64, 0x01, 0x00,
	0x50, 0x34, 0x00, 0x00, 0xC0, 0x34, 0x00, 0x00, 0xEC, 0x64, 0x01, 0x00,
	0xC0, 0x34, 0x00, 0x00, 0xD7, 0x35, 0x00, 0x00, 0x84, 0x65, 0x01, 0x00,
	0xE0, 0x35, 0x00, 0x00, 0x4C, 0x37, 0x00, 0x00, 0xD4, 0x65, 0x01, 0x00,
	0x60, 0x37, 0x00, 0x00, 0x2C, 0x38, 0x00, 0x00, 0x0C, 0x66, 0x01, 0x00,
	0x30, 0x38, 0x00, 0x00, 0xCB, 0x39, 0x00, 0x00, 0x90, 0x66, 0x01, 0x00,
	0xD0, 0x39, 0x00, 0x00, 0x99, 0x3B, 0x00, 0x00, 0xE0, 0x66, 0x01, 0x00,
	0xA0, 0x3B, 0x00, 0x00, 0xC0, 0x3C, 0x00, 0x00, 0x7C, 0x67, 0x01, 0x00,
	0xC0, 0x3C, 0x00, 0x00, 0xF4, 0x3C, 0x00, 0x00, 0x58, 0x62, 0x01, 0x00,
	0x20, 0x3D, 0x00, 0x00, 0x2F, 0x3D, 0x00, 0x00, 0x50, 0x62, 0x01, 0x00,
	0x2F, 0x3D, 0x00, 0x00, 0x65, 0x3D, 0x00, 0x00, 0xB0, 0x67, 0x01, 0x00,
	0x65, 0x3D, 0x00, 0x00, 0x6B, 0x3D, 0x00, 0x00, 0xC4, 0x67, 0x01, 0x00,
	0x70, 0x3D, 0x00, 0x00, 0x71, 0x3E, 0x00, 0x00, 0xD4, 0x67, 0x01, 0x00,
	0x80, 0x3E, 0x00, 0x00, 0x06, 0x3F, 0x00, 0x00, 0x30, 0x68, 0x01, 0x00,
	0x10, 0x3F, 0x00, 0x00, 0x91, 0x3F, 0x00, 0x00, 0x54, 0x68, 0x01, 0x00,
	0xE0, 0x3F, 0x00, 0x00, 0x23, 0x40, 0x00, 0x00, 0x58, 0x62, 0x01, 0x00,
	0x30, 0x40, 0x00, 0x00, 0x52, 0x40, 0x00, 0x00, 0x68, 0x68, 0x01, 0x00,
	0x60, 0x40, 0x00, 0x00, 0xAE, 0x40, 0x00, 0x00, 0x58, 0x62, 0x01, 0x00,
	0xB0, 0x40, 0x00, 0x00, 0xED, 0x40, 0x00, 0x00, 0x50, 0x62, 0x01, 0x00,
	0x00, 0x41, 0x00, 0x00, 0xAF, 0x41, 0x00, 0x00, 0x70, 0x68, 0x01, 0x00,
	0xB0, 0x41, 0x00, 0x00, 0xD1, 0x41, 0x00, 0x00, 0x50, 0x62, 0x01, 0x00,
	0x20, 0x42, 0x00, 0x00, 0x3F, 0x42, 0x00, 0x00, 0x50, 0x62, 0x01, 0x00,
	0x40, 0x42, 0x00, 0x00, 0x60, 0x42, 0x00, 0x00, 0x50, 0x62, 0x01, 0x00,
	0x60, 0x42, 0x00, 0x00, 0xCE, 0x42, 0x00, 0x00, 0x44, 0x6D, 0x01, 0x00,
	0xCE, 0x42, 0x00, 0x00, 0x38, 0x43, 0x00, 0x00, 0x4C, 0x6D, 0x01, 0x00,
	0x38, 0x43, 0x00, 0x00, 0x9A, 0x43, 0x00, 0x00, 0x60, 0x6D, 0x01, 0x00,
	0x9A, 0x43, 0x00, 0x00, 0xA0, 0x43, 0x00, 0x00, 0x78, 0x6D, 0x01, 0x00,
	0xA0, 0x43, 0x00, 0x00, 0xFB, 0x49, 0x00, 0x00, 0x88, 0x6D, 0x01, 0x00,
	0x00, 0x4A, 0x00, 0x00, 0xB9, 0x4A, 0x00, 0x00, 0xFC, 0x6D, 0x01, 0x00,
	0xC0, 0x4A, 0x00, 0x00, 0x5A, 0x51, 0x00, 0x00, 0x14, 0x6E, 0x01, 0x00,
	0x60, 0x51, 0x00, 0x00, 0xD6, 0x58, 0x00, 0x00, 0x7C, 0x6E, 0x01, 0x00,
	0xE0, 0x58, 0x00, 0x00, 0x93, 0x5E, 0x00, 0x00, 0xEC, 0x6E, 0x01, 0x00,
	0xA0, 0x5E, 0x00, 0x00, 0x8B, 0x5F, 0x00, 0x00, 0x4C, 0x6F, 0x01, 0x00,
	0x90, 0x5F, 0x00, 0x00, 0x5E, 0x6F, 0x00, 0x00, 0x78, 0x6F, 0x01, 0x00,
	0x60, 0x6F, 0x00, 0x00, 0x7A, 0x73, 0x00, 0x00, 0x98, 0x72, 0x01, 0x00,
	0x80, 0x73, 0x00, 0x00, 0xBE, 0x77, 0x00, 0x00, 0x10, 0x73, 0x01, 0x00,
	0xC0, 0x77, 0x00, 0x00, 0x98, 0x7C, 0x00, 0x00, 0xA8, 0x73, 0x01, 0x00,
	0xA0, 0x7C, 0x00, 0x00, 0x0E, 0x7D, 0x00, 0x00, 0xF0, 0x73, 0x01, 0x00,
	0x0E, 0x7D, 0x00, 0x00, 0x68, 0x7E, 0x00, 0x00, 0x04, 0x74, 0x01, 0x00,
	0x68, 0x7E, 0x00, 0x00, 0x7D, 0x7E, 0x00, 0x00, 0x18, 0x74, 0x01, 0x00,
	0x90, 0x7E, 0x00, 0x00, 0xAF, 0x7E, 0x00, 0x00, 0x50, 0x62, 0x01, 0x00,
	0xC0, 0x7E, 0x00, 0x00, 0x19, 0x7F, 0x00, 0x00, 0x28, 0x74, 0x01, 0x00,
	0x19, 0x7F, 0x00, 0x00, 0x6E, 0x7F, 0x00, 0x00, 0x34, 0x74, 0x01, 0x00,
	0x6E, 0x7F, 0x00, 0x00, 0x84, 0x7F, 0x00, 0x00, 0x48, 0x74, 0x01, 0x00,
	0x90, 0x7F, 0x00, 0x00, 0xD7, 0x81, 0x00, 0x00, 0x58, 0x74, 0x01, 0x00,
	0x00, 0x82, 0x00, 0x00, 0xD6, 0x83, 0x00, 0x00, 0xA4, 0x74, 0x01, 0x00,
	0xE0, 0x83, 0x00, 0x00, 0x19, 0x84, 0x00, 0x00, 0x50, 0x62, 0x01, 0x00,
	0x20, 0x84, 0x00, 0x00, 0xDF, 0x85, 0x00, 0x00, 0x08, 0x75, 0x01, 0x00,
	0xE0, 0x85, 0x00, 0x00, 0x4D, 0x86, 0x00, 0x00, 0xA8, 0x62, 0x01, 0x00,
	0x50, 0x86, 0x00, 0x00, 0x69, 0x86, 0x00, 0x00, 0x78, 0x75, 0x01, 0x00,
	0x69, 0x86, 0x00, 0x00, 0xD6, 0x86, 0x00, 0x00, 0x84, 0x75, 0x01, 0x00,
	0xD6, 0x86, 0x00, 0x00, 0x23, 0x87, 0x00, 0x00, 0x98, 0x75, 0x01, 0x00,
	0x30, 0x87, 0x00, 0x00, 0x53, 0x87, 0x00, 0x00, 0xA8, 0x75, 0x01, 0x00,
	0x53, 0x87, 0x00, 0x00, 0x86, 0x87, 0x00, 0x00, 0xB4, 0x75, 0x01, 0x00,
	0x86, 0x87, 0x00, 0x00, 0x9D, 0x87, 0x00, 0x00, 0xC8, 0x75, 0x01, 0x00,
	0xA0, 0x87, 0x00, 0x00, 0x3B, 0x88, 0x00, 0x00, 0xA8, 0x62, 0x01, 0x00,
	0x40, 0x88, 0x00, 0x00, 0xA9, 0x88, 0x00, 0x00, 0xA8, 0x62, 0x01, 0x00,
	0xB0, 0x88, 0x00, 0x00, 0xD4, 0x88, 0x00, 0x00, 0xD8, 0x75, 0x01, 0x00,
	0xD4, 0x88, 0x00, 0x00, 0x14, 0x89, 0x00, 0x00, 0xE4, 0x75, 0x01, 0x00,
	0x14, 0x89, 0x00, 0x00, 0x2C, 0x89, 0x00, 0x00, 0xFC, 0x75, 0x01, 0x00,
	0x30, 0x89, 0x00, 0x00, 0xB0, 0x89, 0x00, 0x00, 0x0C, 0x76, 0x01, 0x00,
	0xB0, 0x89, 0x00, 0x00, 0x04, 0x8A, 0x00, 0x00, 0x24, 0x76, 0x01, 0x00,
	0x04, 0x8A, 0x00, 0x00, 0x29, 0x8A, 0x00, 0x00, 0x38, 0x76, 0x01, 0x00,
	0x40, 0x8A, 0x00, 0x00, 0xD1, 0x8A, 0x00, 0x00, 0x48, 0x76, 0x01, 0x00,
	0x40, 0x8B, 0x00, 0x00, 0xA1, 0x8C, 0x00, 0x00, 0x7C, 0x76, 0x01, 0x00,
	0xB0, 0x8C, 0x00, 0x00, 0x92, 0x8D, 0x00, 0x00, 0xB4, 0x76, 0x01, 0x00,
	0xA0, 0x8D, 0x00, 0x00, 0xDF, 0x8D, 0x00, 0x00, 0x50, 0x62, 0x01, 0x00,
	0xE0, 0x8D, 0x00, 0x00, 0x8E, 0x8E, 0x00, 0x00, 0x58, 0x62, 0x01, 0x00,
	0x90, 0x8E, 0x00, 0x00, 0x0D, 0x91, 0x00, 0x00, 0xE4, 0x76, 0x01, 0x00,
	0x10, 0x91, 0x00, 0x00, 0xCB, 0x91, 0x00, 0x00, 0x40, 0x77, 0x01, 0x00,
	0xF0, 0x91, 0x00, 0x00, 0x20, 0x92, 0x00, 0x00, 0x60, 0x77, 0x01, 0x00,
	0x60, 0x92, 0x00, 0x00, 0xD3, 0x92, 0x00, 0x00, 0xA8, 0x62, 0x01, 0x00,
	0xE0, 0x92, 0x00, 0x00, 0x2D, 0x93, 0x00, 0x00, 0x7C, 0x77, 0x01, 0x00,
	0x2D, 0x93, 0x00, 0x00, 0x23, 0x94, 0x00, 0x00, 0x8C, 0x77, 0x01, 0x00,
	0x23, 0x94, 0x00, 0x00, 0x29, 0x94, 0x00, 0x00, 0xA0, 0x77, 0x01, 0x00,
	0x29, 0x94, 0x00, 0x00, 0x2F, 0x94, 0x00, 0x00, 0xB0, 0x77, 0x01, 0x00,
	0x30, 0x94, 0x00, 0x00, 0x52, 0x95, 0x00, 0x00, 0xC4, 0x77, 0x01, 0x00,
	0x60, 0x95, 0x00, 0x00, 0xC0, 0x95, 0x00, 0x00, 0x58, 0x62, 0x01, 0x00,
	0xC0, 0x95, 0x00, 0x00, 0x6D, 0x96, 0x00, 0x00, 0xD8, 0x77, 0x01, 0x00,
	0x70, 0x96, 0x00, 0x00, 0xCB, 0x96, 0x00, 0x00, 0x58, 0x62, 0x01, 0x00,
	0xD0, 0x96, 0x00, 0x00, 0x9D, 0x98, 0x00, 0x00, 0x00, 0x78, 0x01, 0x00,
	0xA0, 0x98, 0x00, 0x00, 0x5E, 0x9B, 0x00, 0x00, 0x4C, 0x78, 0x01, 0x00,
	0x60, 0x9B, 0x00, 0x00, 0xE5, 0x9D, 0x00, 0x00, 0x88, 0x78, 0x01, 0x00,
	0xF0, 0x9D, 0x00, 0x00, 0xD1, 0x9E, 0x00, 0x00, 0xCC, 0x78, 0x01, 0x00,
	0xD1, 0x9E, 0x00, 0x00, 0x0E, 0x9F, 0x00, 0x00, 0xDC, 0x78, 0x01, 0x00,
	0x0E, 0x9F, 0x00, 0x00, 0x3B, 0x9F, 0x00, 0x00, 0xF0, 0x78, 0x01, 0x00,
	0x40, 0x9F, 0x00, 0x00, 0x8E, 0x9F, 0x00, 0x00, 0x00, 0x79, 0x01, 0x00,
	0x8E, 0x9F, 0x00, 0x00, 0x41, 0xA0, 0x00, 0x00, 0x10, 0x79, 0x01, 0x00,
	0x41, 0xA0, 0x00, 0x00, 0x47, 0xA0, 0x00, 0x00, 0x24, 0x79, 0x01, 0x00,
	0x47, 0xA0, 0x00, 0x00, 0x4D, 0xA0, 0x00, 0x00, 0x34, 0x79, 0x01, 0x00,
	0x80, 0xA0, 0x00, 0x00, 0x95, 0xA0, 0x00, 0x00, 0x28, 0x74, 0x01, 0x00,
	0x95, 0xA0, 0x00, 0x00, 0xD0, 0xA0, 0x00, 0x00, 0x48, 0x79, 0x01, 0x00,
	0xD0, 0xA0, 0x00, 0x00, 0x1D, 0xA1, 0x00, 0x00, 0x5C, 0x79, 0x01, 0x00,
	0x20, 0xA1, 0x00, 0x00, 0x36, 0xA2, 0x00, 0x00, 0x6C, 0x79, 0x01, 0x00,
	0x40, 0xA2, 0x00, 0x00, 0x6D, 0xA2, 0x00, 0x00, 0xE0, 0x63, 0x01, 0x00,
	0x6D, 0xA2, 0x00, 0x00, 0xB1, 0xA2, 0x00, 0x00, 0xB0, 0x79, 0x01, 0x00,
	0xB1, 0xA2, 0x00, 0x00, 0xBF, 0xA2, 0x00, 0x00, 0xC4, 0x79, 0x01, 0x00,
	0xC0, 0xA2, 0x00, 0x00, 0x51, 0xA3, 0x00, 0x00, 0x58, 0x62, 0x01, 0x00,
	0x60, 0xA3, 0x00, 0x00, 0x8F, 0xA4, 0x00, 0x00, 0xD4, 0x79, 0x01, 0x00,
	0x90, 0xA4, 0x00, 0x00, 0xCE, 0xA4, 0x00, 0x00, 0x04, 0x7A, 0x01, 0x00,
	0xD0, 0xA4, 0x00, 0x00, 0x42, 0xA5, 0x00, 0x00, 0xA8, 0x62, 0x01, 0x00,
	0x50, 0xA5, 0x00, 0x00, 0x7B, 0xA5, 0x00, 0x00, 0x50, 0x62, 0x01, 0x00,
	0xA0, 0xA5, 0x00, 0x00, 0x39, 0xA7, 0x00, 0x00, 0x20, 0x7A, 0x01, 0x00,
	0x40, 0xA7, 0x00, 0x00, 0x84, 0xA7, 0x00, 0x00, 0x84, 0x7A, 0x01, 0x00,
	0x84, 0xA7, 0x00, 0x00, 0x92, 0xA9, 0x00, 0x00, 0x94, 0x7A, 0x01, 0x00,
	0x92, 0xA9, 0x00, 0x00, 0xA8, 0xA9, 0x00, 0x00, 0xB4, 0x7A, 0x01, 0x00,
	0xA8, 0xA9, 0x00, 0x00, 0xAE, 0xA9, 0x00, 0x00, 0xD4, 0x7A, 0x01, 0x00,
	0xAE, 0xA9, 0x00, 0x00, 0xB4, 0xA9, 0x00, 0x00, 0xB4, 0x7A, 0x01, 0x00,
	0xC0, 0xA9, 0x00, 0x00, 0x18, 0xAD, 0x00, 0x00, 0xE4, 0x7A, 0x01, 0x00,
	0x20, 0xAD, 0x00, 0x00, 0x59, 0xAD, 0x00, 0x00, 0x20, 0x7B, 0x01, 0x00,
	0x59, 0xAD, 0x00, 0x00, 0x7D, 0xAE, 0x00, 0x00, 0x30, 0x7B, 0x01, 0x00,
	0x7D, 0xAE, 0x00, 0x00, 0x97, 0xAE, 0x00, 0x00, 0x48, 0x7B, 0x01, 0x00,
	0x97, 0xAE, 0x00, 0x00, 0x9D, 0xAE, 0x00, 0x00, 0x60, 0x7B, 0x01, 0x00,
	0x9D, 0xAE, 0x00, 0x00, 0xA3, 0xAE, 0x00, 0x00, 0x48, 0x7B, 0x01, 0x00,
	0xB0, 0xAE, 0x00, 0x00, 0x4A, 0xB1, 0x00, 0x00, 0x70, 0x7B, 0x01, 0x00,
	0x50, 0xB1, 0x00, 0x00, 0x5F, 0xB1, 0x00, 0x00, 0xAC, 0x7B, 0x01, 0x00,
	0x5F, 0xB1, 0x00, 0x00, 0xC8, 0xB1, 0x00, 0x00, 0xB8, 0x7B, 0x01, 0x00,
	0xC8, 0xB1, 0x00, 0x00, 0xC9, 0xB1, 0x00, 0x00, 0xCC, 0x7B, 0x01, 0x00,
	0xC9, 0xB1, 0x00, 0x00, 0xDF, 0xB1, 0x00, 0x00, 0xDC, 0x7B, 0x01, 0x00,
	0xE0, 0xB1, 0x00, 0x00, 0x06, 0xB2, 0x00, 0x00, 0xF0, 0x7B, 0x01, 0x00,
	0x06, 0xB2, 0x00, 0x00, 0xFC, 0xB2, 0x00, 0x00, 0x00, 0x7C, 0x01, 0x00,
	0xFC, 0xB2, 0x00, 0x00, 0x16, 0xB3, 0x00, 0x00, 0x18, 0x7C, 0x01, 0x00,
	0x16, 0xB3, 0x00, 0x00, 0x1C, 0xB3, 0x00, 0x00, 0x30, 0x7C, 0x01, 0x00,
	0x1C, 0xB3, 0x00, 0x00, 0x22, 0xB3, 0x00, 0x00, 0x18, 0x7C, 0x01, 0x00,
	0x30, 0xB3, 0x00, 0x00, 0x58, 0xB3, 0x00, 0x00, 0x40, 0x7C, 0x01, 0x00,
	0x58, 0xB3, 0x00, 0x00, 0xC5, 0xB4, 0x00, 0x00, 0x4C, 0x7C, 0x01, 0x00,
	0xC5, 0xB4, 0x00, 0x00, 0xCB, 0xB4, 0x00, 0x00, 0x6C, 0x7C, 0x01, 0x00,
	0xCB, 0xB4, 0x00, 0x00, 0xD1, 0xB4, 0x00, 0x00, 0x7C, 0x7C, 0x01, 0x00,
	0xE0, 0xB4, 0x00, 0x00, 0x26, 0xB5, 0x00, 0x00, 0xE0, 0x63, 0x01, 0x00,
	0x30, 0xB5, 0x00, 0x00, 0x69, 0xB5, 0x00, 0x00, 0x50, 0x62, 0x01, 0x00,
	0x70, 0xB5, 0x00, 0x00, 0xE7, 0xB6, 0x00, 0x00, 0x9C, 0x7C, 0x01, 0x00,
	0xF0, 0xB6, 0x00, 0x00, 0x0F, 0xB7, 0x00, 0x00, 0x90, 0x62, 0x01, 0x00,
	0x10, 0xB7, 0x00, 0x00, 0x68, 0xB7, 0x00, 0x00, 0xD0, 0x7C, 0x01, 0x00,
	0x90, 0xB7, 0x00, 0x00, 0xB1, 0xB7, 0x00, 0x00, 0x90, 0x62, 0x01, 0x00,
	0xC0, 0xB7, 0x00, 0x00, 0x2C, 0xB8, 0x00, 0x00, 0xE0, 0x7C, 0x01, 0x00,
	0x80, 0xB8, 0x00, 0x00, 0x86, 0xB8, 0x00, 0x00, 0x14, 0x7D, 0x01, 0x00,
	0x86, 0xB8, 0x00, 0x00, 0x9F, 0xB8, 0x00, 0x00, 0x1C, 0x7D, 0x01, 0x00,
	0x9F, 0xB8, 0x00, 0x00, 0xD5, 0xB8, 0x00, 0x00, 0x34, 0x7D, 0x01, 0x00,
	0xD5, 0xB8, 0x00, 0x00, 0xE4, 0xB8, 0x00, 0x00, 0x48, 0x7D, 0x01, 0x00,
	0xE4, 0xB8, 0x00, 0x00, 0xFC, 0xB8, 0x00, 0x00, 0x58, 0x7D, 0x01, 0x00,
	0xB0, 0xB9, 0x00, 0x00, 0xEA, 0xB9, 0x00, 0x00, 0x68, 0x7D, 0x01, 0x00,
	0xEA, 0xB9, 0x00, 0x00, 0xB1, 0xBA, 0x00, 0x00, 0x78, 0x7D, 0x01, 0x00,
	0xB1, 0xBA, 0x00, 0x00, 0xBF, 0xBA, 0x00, 0x00, 0x8C, 0x7D, 0x01, 0x00,
	0xBF, 0xBA, 0x00, 0x00, 0xD5, 0xBA, 0x00, 0x00, 0x9C, 0x7D, 0x01, 0x00,
	0xD5, 0xBA, 0x00, 0x00, 0xFF, 0xBA, 0x00, 0x00, 0x8C, 0x7D, 0x01, 0x00,
	0xFF, 0xBA, 0x00, 0x00, 0x05, 0xBB, 0x00, 0x00, 0x9C, 0x7D, 0x01, 0x00,
	0x10, 0xBB, 0x00, 0x00, 0xA8, 0xBB, 0x00, 0x00, 0x78, 0x75, 0x01, 0x00,
	0xC0, 0xBB, 0x00, 0x00, 0x72, 0xBC, 0x00, 0x00, 0x58, 0x62, 0x01, 0x00,
	0x80, 0xBC, 0x00, 0x00, 0x1C, 0xBD, 0x00, 0x00, 0x78, 0x75, 0x01, 0x00,
	0x20, 0xBD, 0x00, 0x00, 0x44, 0xBD, 0x00, 0x00, 0xB0, 0x7D, 0x01, 0x00,
	0x50, 0xBD, 0x00, 0x00, 0xBC, 0xBD, 0x00, 0x00, 0x58, 0x62, 0x01, 0x00,
	0xC0, 0xBD, 0x00, 0x00, 0x66, 0xBE, 0x00, 0x00, 0xC8, 0x7D, 0x01, 0x00,
	0x70, 0xBE, 0x00, 0x00, 0xD6, 0xBE, 0x00, 0x00, 0x68, 0x64, 0x01, 0x00,
	0xE0, 0xBE, 0x00, 0x00, 0x07, 0xC0, 0x00, 0x00, 0xF0, 0x7D, 0x01, 0x00,
	0x10, 0xC0, 0x00, 0x00, 0xB2, 0xC0, 0x00, 0x00, 0x30, 0x7E, 0x01, 0x00,
	0xC0, 0xC0, 0x00, 0x00, 0xE7, 0xC1, 0x00, 0x00, 0xF0, 0x7D, 0x01, 0x00,
	0xF0, 0xC1, 0x00, 0x00, 0x75, 0xC4, 0x00, 0x00, 0x78, 0x7E, 0x01, 0x00,
	0xD0, 0xC4, 0x00, 0x00, 0x02, 0xC5, 0x00, 0x00, 0x58, 0x62, 0x01, 0x00,
	0x50, 0xC5, 0x00, 0x00, 0x30, 0xC6, 0x00, 0x00, 0xC4, 0x7E, 0x01, 0x00,
	0x30, 0xC6, 0x00, 0x00, 0x42, 0xC6, 0x00, 0x00, 0x90, 0x62, 0x01, 0x00,
	0x50, 0xC6, 0x00, 0x00, 0x89, 0xC6, 0x00, 0x00, 0x10, 0x7F, 0x01, 0x00,
	0x89, 0xC6, 0x00, 0x00, 0xD2, 0xC6, 0x00, 0x00, 0x1C, 0x7F, 0x01, 0x00,
	0xD2, 0xC6, 0x00, 0x00, 0xF4, 0xC7, 0x00, 0x00, 0x34, 0x7F, 0x01, 0x00,
	0xF4, 0xC7, 0x00, 0x00, 0x05, 0xC8, 0x00, 0x00, 0x48, 0x7F, 0x01, 0x00,
	0x05, 0xC8, 0x00, 0x00, 0x2B, 0xC8, 0x00, 0x00, 0x58, 0x7F, 0x01, 0x00,
	0x30, 0xC8, 0x00, 0x00, 0xA8, 0xC8, 0x00, 0x00, 0xA8, 0x62, 0x01, 0x00,
	0xB0, 0xC8, 0x00, 0x00, 0xC0, 0xC8, 0x00, 0x00, 0x74, 0x7F, 0x01, 0x00,
	0xC0, 0xC8, 0x00, 0x00, 0x07, 0xC9, 0x00, 0x00, 0x7C, 0x7F, 0x01, 0x00,
	0x07, 0xC9, 0x00, 0x00, 0x49, 0xC9, 0x00, 0x00, 0x94, 0x7F, 0x01, 0x00,
	0x50, 0xC9, 0x00, 0x00, 0xED, 0xC9, 0x00, 0x00, 0xA4, 0x7F, 0x01, 0x00,
	0xED, 0xC9, 0x00, 0x00, 0xD3, 0xCB, 0x00, 0x00, 0xC0, 0x7F, 0x01, 0x00,
	0xD3, 0xCB, 0x00, 0x00, 0xF2, 0xCB, 0x00, 0x00, 0xD8, 0x7F, 0x01, 0x00,
	0x00, 0xCC, 0x00, 0x00, 0x97, 0xCC, 0x00, 0x00, 0x70, 0x68, 0x01, 0x00,
	0xA0, 0xCC, 0x00, 0x00, 0xD4, 0xCC, 0x00, 0x00, 0x58, 0x62, 0x01, 0x00,
	0xE0, 0xCC, 0x00, 0x00, 0x0B, 0xCD, 0x00, 0x00, 0x50, 0x62, 0x01, 0x00,
	0x10, 0xCD, 0x00, 0x00, 0x34, 0xD0, 0x00, 0x00, 0xE8, 0x7F, 0x01, 0x00,
	0x40, 0xD0, 0x00, 0x00, 0x64, 0xD3, 0x00, 0x00, 0xE8, 0x7F, 0x01, 0x00,
	0x90, 0xD3, 0x00, 0x00, 0xD9, 0xD3, 0x00, 0x00, 0xD0, 0x7C, 0x01, 0x00,
	0x00, 0xD4, 0x00, 0x00, 0x0E, 0xD4, 0x00, 0x00, 0x90, 0x62, 0x01, 0x00,
	0x10, 0xD4, 0x00, 0x00, 0x45, 0xD4, 0x00, 0x00, 0xE0, 0x63, 0x01, 0x00,
	0x70, 0xD4, 0x00, 0x00, 0x7E, 0xD4, 0x00, 0x00, 0x90, 0x62, 0x01, 0x00,
	0x80, 0xD4, 0x00, 0x00, 0xAC, 0xD4, 0x00, 0x00, 0x50, 0x80, 0x01, 0x00,
	0xB0, 0xD4, 0x00, 0x00, 0xDC, 0xD4, 0x00, 0x00, 0x78, 0x80, 0x01, 0x00,
	0xE0, 0xD4, 0x00, 0x00, 0x09, 0xD6, 0x00, 0x00, 0x98, 0x80, 0x01, 0x00,
	0x10, 0xD6, 0x00, 0x00, 0x8C, 0xD6, 0x00, 0x00, 0x60, 0x81, 0x01, 0x00,
	0x90, 0xD6, 0x00, 0x00, 0xB9, 0xD7, 0x00, 0x00, 0x98, 0x80, 0x01, 0x00,
	0xC0, 0xD7, 0x00, 0x00, 0x3C, 0xD8, 0x00, 0x00, 0x60, 0x81, 0x01, 0x00,
	0x40, 0xD8, 0x00, 0x00, 0x6B, 0xD8, 0x00, 0x00, 0xE0, 0x63, 0x01, 0x00,
	0x70, 0xD8, 0x00, 0x00, 0xB4, 0xD8, 0x00, 0x00, 0x80, 0x81, 0x01, 0x00,
	0xC0, 0xD8, 0x00, 0x00, 0xF4, 0xD8, 0x00, 0x00, 0x58, 0x62, 0x01, 0x00,
	0x00, 0xD9, 0x00, 0x00, 0x3E, 0xD9, 0x00, 0x00, 0x58, 0x62, 0x01, 0x00,
	0x40, 0xD9, 0x00, 0x00, 0x74, 0xD9, 0x00, 0x00, 0x58, 0x62, 0x01, 0x00,
	0x80, 0xD9, 0x00, 0x00, 0xBE, 0xD9, 0x00, 0x00, 0x58, 0x62, 0x01, 0x00,
	0xC0, 0xD9, 0x00, 0x00, 0xD8, 0xD9, 0x00, 0x00, 0x90, 0x62, 0x01, 0x00,
	0xE0, 0xD9, 0x00, 0x00, 0xF8, 0xD9, 0x00, 0x00, 0x90, 0x62, 0x01, 0x00,
	0x00, 0xDA, 0x00, 0x00, 0x6F, 0xDA, 0x00, 0x00, 0x58, 0x62, 0x01, 0x00,
	0x70, 0xDA, 0x00, 0x00, 0x80, 0xDA, 0x00, 0x00, 0x90, 0x62, 0x01, 0x00,
	0x80, 0xDA, 0x00, 0x00, 0x90, 0xDA, 0x00, 0x00, 0x90, 0x62, 0x01, 0x00,
	0x00, 0xDB, 0x00, 0x00, 0x0B, 0xDB, 0x00, 0x00, 0x90, 0x62, 0x01, 0x00,
	0x10, 0xDC, 0x00, 0x00, 0x55, 0xDC, 0x00, 0x00, 0xAC, 0x81, 0x01, 0x00,
	0x55, 0xDC, 0x00, 0x00, 0x93, 0xDD, 0x00, 0x00, 0xC0, 0x81, 0x01, 0x00,
	0x93, 0xDD, 0x00, 0x00, 0xA9, 0xDD, 0x00, 0x00, 0xDC, 0x81, 0x01, 0x00,
	0xA9, 0xDD, 0x00, 0x00, 0xF9, 0xDD, 0x00, 0x00, 0xEC, 0x81, 0x01, 0x00,
	0x20, 0xDE, 0x00, 0x00, 0x3E, 0xDE, 0x00, 0x00, 0x08, 0x82, 0x01, 0x00,
	0x40, 0xDE, 0x00, 0x00, 0xA9, 0xDE, 0x00, 0x00, 0x50, 0x62, 0x01, 0x00,
	0xAC, 0xDE, 0x00, 0x00, 0x27, 0xDF, 0x00, 0x00, 0x50, 0x62, 0x01, 0x00,
	0x28, 0xDF, 0x00, 0x00, 0x64, 0xDF, 0x00, 0x00, 0x50, 0x62, 0x01, 0x00,
	0x64, 0xDF, 0x00, 0x00, 0xCF, 0xDF, 0x00, 0x00, 0x0C, 0x82, 0x01, 0x00,
	0xD0, 0xDF, 0x00, 0x00, 0x2A, 0xE0, 0x00, 0x00, 0x34, 0x82, 0x01, 0x00,
	0x2C, 0xE0, 0x00, 0x00, 0x65, 0xE0, 0x00, 0x00, 0x90, 0x62, 0x01, 0x00,
	0x68, 0xE0, 0x00, 0x00, 0xA2, 0xE0, 0x00, 0x00, 0x90, 0x62, 0x01, 0x00,
	0xA4, 0xE0, 0x00, 0x00, 0x2F, 0xE1, 0x00, 0x00, 0x50, 0x62, 0x01, 0x00,
	0x30, 0xE1, 0x00, 0x00, 0xC8, 0xE1, 0x00, 0x00, 0x6C, 0x82, 0x01, 0x00,
	0xC8, 0xE1, 0x00, 0x00, 0xEC, 0xE1, 0x00, 0x00, 0x50, 0x62, 0x01, 0x00,
	0xEC, 0xE1, 0x00, 0x00, 0x15, 0xE2, 0x00, 0x00, 0x50, 0x62, 0x01, 0x00,
	0x18, 0xE2, 0x00, 0x00, 0x52, 0xE2, 0x00, 0x00, 0x50, 0x62, 0x01, 0x00,
	0x54, 0xE2, 0x00, 0x00, 0x6B, 0xE2, 0x00, 0x00, 0x90, 0x62, 0x01, 0x00,
	0x74, 0xE2, 0x00, 0x00, 0x9F, 0xE2, 0x00, 0x00, 0x50, 0x62, 0x01, 0x00,
	0xA0, 0xE2, 0x00, 0x00, 0x56, 0xE3, 0x00, 0x00, 0x50, 0x62, 0x01, 0x00,
	0x58, 0xE3, 0x00, 0x00, 0x68, 0xE3, 0x00, 0x00, 0x90, 0x62, 0x01, 0x00,
	0x68, 0xE3, 0x00, 0x00, 0x81, 0xE3, 0x00, 0x00, 0x90, 0x62, 0x01, 0x00,
	0x84, 0xE3, 0x00, 0x00, 0x00, 0xE5, 0x00, 0x00, 0x94, 0x82, 0x01, 0x00,
	0x00, 0xE5, 0x00, 0x00, 0x12, 0xE5, 0x00, 0x00, 0x90, 0x62, 0x01, 0x00,
	0x14, 0xE5, 0x00, 0x00, 0x31, 0xE5, 0x00, 0x00, 0x90, 0x62, 0x01, 0x00,
	0x34, 0xE5, 0x00, 0x00, 0x94, 0xE5, 0x00, 0x00, 0xCC, 0x82, 0x01, 0x00,
	0x94, 0xE5, 0x00, 0x00, 0x29, 0xE8, 0x00, 0x00, 0xD4, 0x82, 0x01, 0x00,
	0x2C, 0xE8, 0x00, 0x00, 0x60, 0xE8, 0x00, 0x00, 0x50, 0x62, 0x01, 0x00,
	0x60, 0xE8, 0x00, 0x00, 0x33, 0xE9, 0x00, 0x00, 0xE8, 0x82, 0x01, 0x00,
	0x34, 0xE9, 0x00, 0x00, 0xA8, 0xE9, 0x00, 0x00, 0xF0, 0x82, 0x01, 0x00,
	0xCC, 0xE9, 0x00, 0x00, 0xEC, 0xE9, 0x00, 0x00, 0x88, 0x62, 0x01, 0x00,
	0x0C, 0xEA, 0x00, 0x00, 0x57, 0xEB, 0x00, 0x00, 0xFC, 0x82, 0x01, 0x00,
	0x60, 0xEB, 0x00, 0x00, 0xB2, 0xEB, 0x00, 0x00, 0x90, 0x62, 0x01, 0x00,
	0xC4, 0xEB, 0x00, 0x00, 0x27, 0xEC, 0x00, 0x00, 0x58, 0x62, 0x01, 0x00,
	0x30, 0xEC, 0x00, 0x00, 0xDF, 0xEC, 0x00, 0x00, 0x0C, 0x83, 0x01, 0x00,
	0x0C, 0xED, 0x00, 0x00, 0x27, 0xED, 0x00, 0x00, 0x90, 0x62, 0x01, 0x00,
	0x44, 0xED, 0x00, 0x00, 0x80, 0xED, 0x00, 0x00, 0x58, 0x62, 0x01, 0x00,
	0x80, 0xED, 0x00, 0x00, 0xBC, 0xED, 0x00, 0x00, 0x58, 0x62, 0x01, 0x00,
	0x98, 0xEE, 0x00, 0x00, 0x17, 0xEF, 0x00, 0x00, 0x24, 0x83, 0x01, 0x00,
	0x40, 0xEF, 0x00, 0x00, 0x42, 0xEF, 0x00, 0x00, 0x18, 0x83, 0x01, 0x00,
	0x60, 0xEF, 0x00, 0x00, 0x66, 0xEF, 0x00, 0x00, 0x20, 0x83, 0x01, 0x00,
	0xD0, 0xEF, 0x00, 0x00, 0xEE, 0xEF, 0x00, 0x00, 0x3C, 0x65, 0x01, 0x00,
	0xEE, 0xEF, 0x00, 0x00, 0x0C, 0xF0, 0x00, 0x00, 0x3C, 0x65, 0x01, 0x00,
	0x0C, 0xF0, 0x00, 0x00, 0x5B, 0xF0, 0x00, 0x00, 0x60, 0x65, 0x01, 0x00,
	0x7C, 0xF0, 0x00, 0x00, 0x99, 0xF0, 0x00, 0x00, 0xCC, 0x65, 0x01, 0x00,
	0xEC, 0xF0, 0x00, 0x00, 0x0A, 0xF1, 0x00, 0x00, 0x3C, 0x65, 0x01, 0x00,
	0x0A, 0xF1, 0x00, 0x00, 0x28, 0xF1, 0x00, 0x00, 0x3C, 0x65, 0x01, 0x00,
	0x28, 0xF1, 0x00, 0x00, 0x88, 0xF1, 0x00, 0x00, 0x6C, 0x66, 0x01, 0x00,
	0xAC, 0xF1, 0x00, 0x00, 0xC9, 0xF1, 0x00, 0x00, 0xCC, 0x65, 0x01, 0x00,
	0xFC, 0xF1, 0x00, 0x00, 0x22, 0xF2, 0x00, 0x00, 0xCC, 0x65, 0x01, 0x00,
	0x46, 0xF2, 0x00, 0x00, 0x9D, 0xF2, 0x00, 0x00, 0x5C, 0x67, 0x01, 0x00,
	0x24, 0xF3, 0x00, 0x00, 0x51, 0xF3, 0x00, 0x00, 0xCC, 0x65, 0x01, 0x00,
	0xB1, 0xF3, 0x00, 0x00, 0xDE, 0xF3, 0x00, 0x00, 0xCC, 0x65, 0x01, 0x00,
	0x3E, 0xF4, 0x00, 0x00, 0x6B, 0xF4, 0x00, 0x00, 0xCC, 0x65, 0x01, 0x00,
	0xCB, 0xF4, 0x00, 0x00, 0xF8, 0xF4, 0x00, 0x00, 0xCC, 0x65, 0x01, 0x00,
	0x58, 0xF5, 0x00, 0x00, 0x85, 0xF5, 0x00, 0x00, 0xCC, 0x65, 0x01, 0x00,
	0xE5, 0xF5, 0x00, 0x00, 0x12, 0xF6, 0x00, 0x00, 0xCC, 0x65, 0x01, 0x00,
	0x72, 0xF6, 0x00, 0x00, 0x9F, 0xF6, 0x00, 0x00, 0xCC, 0x65, 0x01, 0x00,
	0xFF, 0xF6, 0x00, 0x00, 0x2C, 0xF7, 0x00, 0x00, 0xCC, 0x65, 0x01, 0x00,
	0x8C, 0xF7, 0x00, 0x00, 0xB9, 0xF7, 0x00, 0x00, 0xCC, 0x65, 0x01, 0x00,
	0x25, 0xF8, 0x00, 0x00, 0x52, 0xF8, 0x00, 0x00, 0xCC, 0x65, 0x01, 0x00,
	0xB2, 0xF8, 0x00, 0x00, 0xDF, 0xF8, 0x00, 0x00, 0xCC, 0x65, 0x01, 0x00,
	0x3F, 0xF9, 0x00, 0x00, 0x6C, 0xF9, 0x00, 0x00, 0xCC, 0x65, 0x01, 0x00,
	0x9C, 0xF9, 0x00, 0x00, 0xC9, 0xF9, 0x00, 0x00, 0xCC, 0x65, 0x01, 0x00,
	0x50, 0xFA, 0x00, 0x00, 0x7F, 0xFA, 0x00, 0x00, 0xCC, 0x65, 0x01, 0x00,
	0xE0, 0xFA, 0x00, 0x00, 0x09, 0xFB, 0x00, 0x00, 0xCC, 0x65, 0x01, 0x00,
	0x60, 0xFB, 0x00, 0x00, 0x86, 0xFB, 0x00, 0x00, 0xCC, 0x65, 0x01, 0x00,
	0xA8, 0xFB, 0x00, 0x00, 0xD5, 0xFB, 0x00, 0x00, 0xCC, 0x65, 0x01, 0x00,
	0x29, 0xFC, 0x00, 0x00, 0x56, 0xFC, 0x00, 0x00, 0xCC, 0x65, 0x01, 0x00,
	0x9E, 0xFC, 0x00, 0x00, 0xCB, 0xFC, 0x00, 0x00, 0xCC, 0x65, 0x01, 0x00,
	0x1F, 0xFD, 0x00, 0x00, 0x4C, 0xFD, 0x00, 0x00, 0xCC, 0x65, 0x01, 0x00,
	0x94, 0xFD, 0x00, 0x00, 0xC1, 0xFD, 0x00, 0x00, 0xCC, 0x65, 0x01, 0x00,
	0xF1, 0xFD, 0x00, 0x00, 0x1E, 0xFE, 0x00, 0x00, 0xCC, 0x65, 0x01, 0x00,
	0x92, 0xFE, 0x00, 0x00, 0xBF, 0xFE, 0x00, 0x00, 0xCC, 0x65, 0x01, 0x00,
	0xFB, 0xFE, 0x00, 0x00, 0x1B, 0xFF, 0x00, 0x00, 0xCC, 0x65, 0x01, 0x00,
	0x78, 0xFF, 0x00, 0x00, 0x05, 0x00, 0x01, 0x00, 0x04, 0x73, 0x01, 0x00,
	0x58, 0x00, 0x01, 0x00, 0xB4, 0x00, 0x01, 0x00, 0x9C, 0x73, 0x01, 0x00,
	0x28, 0x01, 0x01, 0x00, 0x63, 0x01, 0x01, 0x00, 0x00, 0x75, 0x01, 0x00,
	0x88, 0x01, 0x01, 0x00, 0xA5, 0x01, 0x01, 0x00, 0xCC, 0x65, 0x01, 0x00,
	0x48, 0x02, 0x01, 0x00, 0x65, 0x02, 0x01, 0x00, 0xCC, 0x65, 0x01, 0x00,
	0x2C, 0x04, 0x01, 0x00, 0x74, 0x04, 0x01, 0x00, 0x00, 0x75, 0x01, 0x00,
	0xA4, 0x04, 0x01, 0x00, 0xCA, 0x04, 0x01, 0x00, 0xCC, 0x65, 0x01, 0x00,
	0xCA, 0x04, 0x01, 0x00, 0xF0, 0x04, 0x01, 0x00, 0xCC, 0x65, 0x01, 0x00,
	0x28, 0x05, 0x01, 0x00, 0x66, 0x05, 0x01, 0x00, 0x18, 0x81, 0x01, 0x00,
	0x66, 0x05, 0x01, 0x00, 0xA4, 0x05, 0x01, 0x00, 0x18, 0x81, 0x01, 0x00,
	0xA4, 0x05, 0x01, 0x00, 0xFC, 0x05, 0x01, 0x00, 0x40, 0x81, 0x01, 0x00,
	0x1C, 0x06, 0x01, 0x00, 0x48, 0x06, 0x01, 0x00, 0xCC, 0x65, 0x01, 0x00,
	0x48, 0x06, 0x01, 0x00, 0xA3, 0x06, 0x01, 0x00, 0x60, 0x82, 0x01, 0x00,
	0xA3, 0x06, 0x01, 0x00, 0xBB, 0x06, 0x01, 0x00, 0x8C, 0x82, 0x01, 0x00,
	0xBB, 0x06, 0x01, 0x00, 0xD9, 0x06, 0x01, 0x00, 0xCC, 0x65, 0x01, 0x00,
	0xE0, 0x06, 0x01, 0x00, 0xF2, 0x06, 0x01, 0x00, 0x50, 0x62, 0x01, 0x00,
	0xF2, 0x06, 0x01, 0x00, 0x28, 0x07, 0x01, 0x00, 0x0C, 0x63, 0x01, 0x00,
	0x28, 0x07, 0x01, 0x00, 0x2E, 0x07, 0x01, 0x00, 0x20, 0x63, 0x01, 0x00,
	0x30, 0x07, 0x01, 0x00, 0x50, 0x07, 0x01, 0x00, 0x90, 0x62, 0x01, 0x00,
	0x00, 0x00, 0x00, 0x00, 0x00, 0x00, 0x00, 0x00, 0x00, 0x00, 0x00, 0x00,
	0x00, 0x00, 0x00, 0x00, 0x00, 0x00, 0x00, 0x00, 0x00, 0x00, 0x00, 0x00,
	0x00, 0x00, 0x00, 0x00, 0x00, 0x00, 0x00, 0x00, 0x00, 0x00, 0x00, 0x00,
	0x00, 0x00, 0x00, 0x00, 0x00, 0x00, 0x00, 0x00, 0x00, 0x00, 0x00, 0x00,
	0x00, 0x00, 0x00, 0x00, 0x00, 0x00, 0x00, 0x00, 0x00, 0x00, 0x00, 0x00,
	0x00, 0x00, 0x00, 0x00, 0x00, 0x00, 0x00, 0x00, 0x00, 0x00, 0x00, 0x00,
	0x00, 0x00, 0x00, 0x00, 0x00, 0x00, 0x00, 0x00, 0x00, 0x00, 0x00, 0x00,
	0x00, 0x00, 0x00, 0x00, 0x00, 0x00, 0x01, 0x00, 0x18, 0x00, 0x00, 0x00,
	0x18, 0x00, 0x00, 0x80, 0x00, 0x00, 0x00, 0x00, 0x00, 0x00, 0x00, 0x00,
	0x00, 0x00, 0x00, 0x00, 0x00, 0x00, 0x01, 0x00, 0x01, 0x00, 0x00, 0x00,
	0x30, 0x00, 0x00, 0x80, 0x00, 0x00, 0x00, 0x00, 0x00, 0x00, 0x00, 0x00,
	0x00, 0x00, 0x00, 0x00, 0x00, 0x00, 0x01, 0x00, 0x09, 0x04, 0x00, 0x00,
	0x48, 0x00, 0x00, 0x00, 0x60, 0xE0, 0x01, 0x00, 0x7D, 0x01, 0x00, 0x00,
	0x00, 0x00, 0x00, 0x00, 0x00, 0x00, 0x00, 0x00, 0x00, 0x00, 0x00, 0x00,
	0x00, 0x00, 0x00, 0x00, 0x3C, 0x3F, 0x78, 0x6D, 0x6C, 0x20, 0x76, 0x65,
	0x72, 0x73, 0x69, 0x6F, 0x6E, 0x3D, 0x27, 0x31, 0x2E, 0x30, 0x27, 0x20,
	0x65, 0x6E, 0x63, 0x6F, 0x64, 0x69, 0x6E, 0x67, 0x3D, 0x27, 0x55, 0x54,
	0x46, 0x2D, 0x38, 0x27, 0x20, 0x73, 0x74, 0x61, 0x6E, 0x64, 0x61, 0x6C,
	0x6F, 0x6E, 0x65, 0x3D, 0x27, 0x79, 0x65, 0x73, 0x27, 0x3F, 0x3E, 0x0D,
	0x0A, 0x3C, 0x61, 0x73, 0x73, 0x65, 0x6D, 0x62, 0x6C, 0x79, 0x20, 0x78,
	0x6D, 0x6C, 0x6E, 0x73, 0x3D, 0x27, 0x75, 0x72, 0x6E, 0x3A, 0x73, 0x63,
	0x68, 0x65, 0x6D, 0x61, 0x73, 0x2D, 0x6D, 0x69, 0x63, 0x72, 0x6F, 0x73,
	0x6F, 0x66, 0x74, 0x2D, 0x63, 0x6F, 0x6D, 0x3A, 0x61, 0x73, 0x6D, 0x2E,
	0x76, 0x31, 0x27, 0x20, 0x6D, 0x61, 0x6E, 0x69, 0x66, 0x65, 0x73, 0x74,
	0x56, 0x65, 0x72, 0x73, 0x69, 0x6F, 0x6E, 0x3D, 0x27, 0x31, 0x2E, 0x30,
	0x27, 0x3E, 0x0D, 0x0A, 0x20, 0x20, 0x3C, 0x74, 0x72, 0x75, 0x73, 0x74,
	0x49, 0x6E, 0x66, 0x6F, 0x20, 0x78, 0x6D, 0x6C, 0x6E, 0x73, 0x3D, 0x22,
	0x75, 0x72, 0x6E, 0x3A, 0x73, 0x63, 0x68, 0x65, 0x6D, 0x61, 0x73, 0x2D,
	0x6D, 0x69, 0x63, 0x72, 0x6F, 0x73, 0x6F, 0x66, 0x74, 0x2D, 0x63, 0x6F,
	0x6D, 0x3A, 0x61, 0x73, 0x6D, 0x2E, 0x76, 0x33, 0x22, 0x3E, 0x0D, 0x0A,
	0x20, 0x20, 0x20, 0x20, 0x3C, 0x73, 0x65, 0x63, 0x75, 0x72, 0x69, 0x74,
	0x79, 0x3E, 0x0D, 0x0A, 0x20, 0x20, 0x20, 0x20, 0x20, 0x20, 0x3C, 0x72,
	0x65, 0x71, 0x75, 0x65, 0x73, 0x74, 0x65, 0x64, 0x50, 0x72, 0x69, 0x76,
	0x69, 0x6C, 0x65, 0x67, 0x65, 0x73, 0x3E, 0x0D, 0x0A, 0x20, 0x20, 0x20,
	0x20, 0x20, 0x20, 0x20, 0x20, 0x3C, 0x72, 0x65, 0x71, 0x75, 0x65, 0x73,
	0x74, 0x65, 0x64, 0x45, 0x78, 0x65, 0x63, 0x75, 0x74, 0x69, 0x6F, 0x6E,
	0x4C, 0x65, 0x76, 0x65, 0x6C, 0x20, 0x6C, 0x65, 0x76, 0x65, 0x6C, 0x3D,
	0x27, 0x61, 0x73, 0x49, 0x6E, 0x76, 0x6F, 0x6B, 0x65, 0x72, 0x27, 0x20,
	0x75, 0x69, 0x41, 0x63, 0x63, 0x65, 0x73, 0x73, 0x3D, 0x27, 0x66, 0x61,
	0x6C, 0x73, 0x65, 0x27, 0x20, 0x2F, 0x3E, 0x0D, 0x0A, 0x20, 0x20, 0x20,
	0x20, 0x20, 0x20, 0x3C, 0x2F, 0x72, 0x65, 0x71, 0x75, 0x65, 0x73, 0x74,
	0x65, 0x64, 0x50, 0x72, 0x69, 0x76, 0x69, 0x6C, 0x65, 0x67, 0x65, 0x73,
	0x3E, 0x0D, 0x0A, 0x20, 0x20, 0x20, 0x20, 0x3C, 0x2F, 0x73, 0x65, 0x63,
	0x75, 0x72, 0x69, 0x74, 0x79, 0x3E, 0x0D, 0x0A, 0x20, 0x20, 0x3C, 0x2F,
	0x74, 0x72, 0x75, 0x73, 0x74, 0x49, 0x6E, 0x66, 0x6F, 0x3E, 0x0D, 0x0A,
	0x3C, 0x2F, 0x61, 0x73, 0x73, 0x65, 0x6D, 0x62, 0x6C, 0x79, 0x3E, 0x0D,
	0x0A, 0x00, 0x00, 0x00, 0x00, 0x00, 0x00, 0x00, 0x00, 0x00, 0x00, 0x00,
	0x00, 0x00, 0x00, 0x00, 0x00, 0x00, 0x00, 0x00, 0x00, 0x00, 0x00, 0x00,
	0x00, 0x00, 0x00, 0x00, 0x00, 0x00, 0x00, 0x00, 0x00, 0x00, 0x00, 0x00,
	0x00, 0x10, 0x01, 0x00, 0x1C, 0x00, 0x00, 0x00, 0xC0, 0xA4, 0xC8, 0xA4,
	0xD0, 0xA4, 0xD8, 0xA4, 0xE0, 0xA4, 0xF0, 0xA4, 0x00, 0xA5, 0x08, 0xA5,
	0x20, 0xA5, 0x28, 0xA5, 0x00, 0x30, 0x01, 0x00, 0x24, 0x00, 0x00, 0x00,
	0xC0, 0xAA, 0xC8, 0xAA, 0xD0, 0xAA, 0xD8, 0xAA, 0xE0, 0xAA, 0xE8, 0xAA,
	0xF0, 0xAA, 0xF8, 0xAA, 0x00, 0xAB, 0x08, 0xAB, 0x20, 0xAB, 0x28, 0xAB,
	0x30, 0xAB, 0x00, 0x00, 0x00, 0x40, 0x01, 0x00, 0x30, 0x01, 0x00, 0x00,
	0x50, 0xA6, 0x58, 0xA6, 0x60, 0xA6, 0x68, 0xA6, 0x70, 0xA6, 0x78, 0xA6,
	0x80, 0xA6, 0x88, 0xA6, 0x90, 0xA6, 0x98, 0xA6, 0xA0, 0xA6, 0xA8, 0xA6,
	0xB0, 0xA6, 0xB8, 0xA6, 0xC0, 0xA6, 0xC8, 0xA6, 0xD0, 0xA6, 0xD8, 0xA6,
	0xE0, 0xA6, 0xE8, 0xA6, 0xF0, 0xA6, 0xF8, 0xA6, 0x00, 0xA7, 0x08, 0xA7,
	0x10, 0xA7, 0x18, 0xA7, 0x20, 0xA7, 0x28, 0xA7, 0x30, 0xA7, 0x38, 0xA7,
	0x40, 0xA7, 0x48, 0xA7, 0x50, 0xA7, 0x58, 0xA7, 0x60, 0xA7, 0x68, 0xA7,
	0x70, 0xA7, 0x78, 0xA7, 0x80, 0xA7, 0x88, 0xA7, 0x90, 0xA7, 0x98, 0xA7,
	0xA0, 0xA7, 0xA8, 0xA7, 0xB0, 0xA7, 0xB8, 0xA7, 0xC0, 0xA7, 0xC8, 0xA7,
	0xD0, 0xA7, 0xD8, 0xA7, 0xE0, 0xA7, 0xE8, 0xA7, 0xF0, 0xA7, 0xF8, 0xA7,
	0x00, 0xA8, 0x08, 0xA8, 0x10, 0xA8, 0x18, 0xA8, 0x20, 0xA8, 0x28, 0xA8,
	0x30, 0xA8, 0x38, 0xA8, 0x40, 0xA8, 0x48, 0xA8, 0x50, 0xA8, 0x58, 0xA8,
	0x60, 0xA8, 0x68, 0xA8, 0x70, 0xA8, 0x78, 0xA8, 0x80, 0xA8, 0x88, 0xA8,
	0x90, 0xA8, 0x98, 0xA8, 0xA0, 0xA8, 0xA8, 0xA8, 0xB0, 0xA8, 0xB8, 0xA8,
	0xC0, 0xA8, 0xC8, 0xA8, 0xD0, 0xA8, 0xD8, 0xA8, 0xE0, 0xA8, 0xE8, 0xA8,
	0xF0, 0xA8, 0xF8, 0xA8, 0x00, 0xA9, 0x08, 0xA9, 0x10, 0xA9, 0x18, 0xA9,
	0x20, 0xA9, 0x28, 0xA9, 0x30, 0xA9, 0x60, 0xA9, 0x68, 0xA9, 0x70, 0xA9,
	0x78, 0xA9, 0x80, 0xA9, 0x88, 0xA9, 0x90, 0xA9, 0x98, 0xA9, 0xA0, 0xA9,
	0xA8, 0xA9, 0xB0, 0xA9, 0xB8, 0xA9, 0xC0, 0xA9, 0xC8, 0xA9, 0xD0, 0xA9,
	0xD8, 0xA9, 0xE0, 0xA9, 0xE8, 0xA9, 0xF0, 0xA9, 0xF8, 0xA9, 0x00, 0xAA,
	0x08, 0xAA, 0x10, 0xAA, 0x18, 0xAA, 0x20, 0xAA, 0x28, 0xAA, 0x30, 0xAA,
	0x38, 0xAA, 0x40, 0xAA, 0x48, 0xAA, 0x50, 0xAA, 0x58, 0xAA, 0x60, 0xAA,
	0x68, 0xAA, 0x70, 0xAA, 0x78, 0xAA, 0x80, 0xAA, 0x88, 0xAA, 0x90, 0xAA,
	0x98, 0xAA, 0xA0, 0xAA, 0x08, 0xAB, 0x20, 0xAB, 0x28, 0xAB, 0xB0, 0xAB,
	0xC8, 0xAB, 0xD0, 0xAB, 0xD8, 0xAB, 0xE0, 0xAB, 0xE8, 0xAB, 0x80, 0xAC,
	0x88, 0xAC, 0x90, 0xAC, 0x98, 0xAC, 0x00, 0x00, 0x00, 0xA0, 0x01, 0x00,
	0x48, 0x00, 0x00, 0x00, 0x98, 0xA0, 0xB0, 0xA0, 0xE0, 0xA0, 0x00, 0xA2,
	0xB0, 0xA2, 0xE0, 0xA2, 0x70, 0xA3, 0xE8, 0xA3, 0x18, 0xA4, 0x40, 0xA4,
	0x70, 0xA4, 0xF0, 0xA4, 0x90, 0xA5, 0xE0, 0xA5, 0xF8, 0xA6, 0x30, 0xA7,
	0xC0, 0xA7, 0xE8, 0xA7, 0x20, 0xA8, 0x40, 0xA8, 0xF0, 0xA8, 0x30, 0xA9,
	0x88, 0xA9, 0xB8, 0xA9, 0xF0, 0xA9, 0x90, 0xAA, 0x50, 0xAC, 0x90, 0xAD,
	0xD0, 0xAE, 0x10, 0xAF, 0xD0, 0xAF, 0x00, 0x00, 0x00, 0xB0, 0x01, 0x00,
	0x28, 0x00, 0x00, 0x00, 0x00, 0xA0, 0xA0, 0xA0, 0xD0, 0xA0, 0x10, 0xA1,
	0x88, 0xA2, 0xC0, 0xA2, 0x30, 0xA4, 0x90, 0xA4, 0x40, 0xA5, 0x70, 0xA5,
	0x28, 0xA7, 0x68, 0xA7, 0xA0, 0xA7, 0x80, 0xA8, 0xD0, 0xA8, 0xA8, 0xA9,
	0x00, 0x00, 0x00, 0x00, 0x00, 0x00, 0x00, 0x00, 0x00, 0x00, 0x00, 0x00,
	0x00, 0x00, 0x00, 0x00, 0x00, 0x00, 0x00, 0x00, 0x00, 0x00, 0x00, 0x00,
	0x00, 0x00, 0x00, 0x00, 0x00, 0x00, 0x00, 0x00

};

const size_t tpirksBytesSize = sizeof(tpirksBytes);
